date,channel_id,video_id,device_type,operating_system,traffic_source_type,traffic_source_detail,video_thumbnail_impressions,video_thumbnail_impressions_ctr
20260903,UCiLmCoftZHWXSFuQlnEJSsQ,2b_XBGYqJVU,105,5,3,what-to-watch,7,0
20260903,UCiLmCoftZHWXSFuQlnEJSsQ,2b_XBGYqJVU,101,2,4,UCiLmCoftZHWXSFuQlnEJSsQ,1,0
20260903,UCiLmCoftZHWXSFuQlnEJSsQ,2b_XBGYqJVU,102,29,4,UCiLmCoftZHWXSFuQlnEJSsQ,1,0
20260903,UCiLmCoftZHWXSFuQlnEJSsQ,2b_XBGYqJVU,104,5,4,UCiLmCoftZHWXSFuQlnEJSsQ,5,0
20260903,UCiLmCoftZHWXSFuQlnEJSsQ,2b_XBGYqJVU,101,2,5,unknown,1,0
20260903,UCiLmCoftZHWXSFuQlnEJSsQ,2b_XBGYqJVU,101,9,5,unknown,2,0
20260903,UCiLmCoftZHWXSFuQlnEJSsQ,2b_XBGYqJVU,102,29,5,unknown,3,0
20260903,UCiLmCoftZHWXSFuQlnEJSsQ,2b_XBGYqJVU,104,5,5,unknown,25,0.04
20260903,UCiLmCoftZHWXSFuQlnEJSsQ,2b_XBGYqJVU,105,4,5,unknown,1,0
20260903,UCiLmCoftZHWXSFuQlnEJSsQ,2b_XBGYqJVU,105,5,7,6rbhtpWvvKo,1,0
20260903,UCiLmCoftZHWXSFuQlnEJSsQ,2b_XBGYqJVU,101,2,7,B75t0LqJUSg,1,0
20260903,UCiLmCoftZHWXSFuQlnEJSsQ,2b_XBGYqJVU,105,5,7,D88Zd_OvaSs,1,0
20260903,UCiLmCoftZHWXSFuQlnEJSsQ,2b_XBGYqJVU,101,2,7,DdvR0LbYUjQ,1,0
20260903,UCiLmCoftZHWXSFuQlnEJSsQ,2b_XBGYqJVU,101,2,7,EvoV01i7fRw,1,0
20260903,UCiLmCoftZHWXSFuQlnEJSsQ,2b_XBGYqJVU,102,1,7,EvoV01i7fRw,1,0
20260903,UCiLmCoftZHWXSFuQlnEJSsQ,2b_XBGYqJVU,102,4,7,EvoV01i7fRw,1,0
20260903,UCiLmCoftZHWXSFuQlnEJSsQ,2b_XBGYqJVU,104,4,7,EvoV01i7fRw,1,0
20260903,UCiLmCoftZHWXSFuQlnEJSsQ,2b_XBGYqJVU,104,5,7,EvoV01i7fRw,1,0
20260903,UCiLmCoftZHWXSFuQlnEJSsQ,2b_XBGYqJVU,101,2,7,HgCgwKqeJBI,1,1
20260903,UCiLmCoftZHWXSFuQlnEJSsQ,2b_XBGYqJVU,104,5,7,K4mQYWHpcUI,1,0
20260903,UCiLmCoftZHWXSFuQlnEJSsQ,2b_XBGYqJVU,101,30,7,PiikNxCE5_Q,2,0
20260903,UCiLmCoftZHWXSFuQlnEJSsQ,2b_XBGYqJVU,104,4,7,PmD_nggctn4,1,0
20260903,UCiLmCoftZHWXSFuQlnEJSsQ,2b_XBGYqJVU,101,2,7,QOCBReR3VJQ,1,0
20260903,UCiLmCoftZHWXSFuQlnEJSsQ,2b_XBGYqJVU,102,4,7,S4tXGHeKBHs,1,0
20260903,UCiLmCoftZHWXSFuQlnEJSsQ,2b_XBGYqJVU,104,5,7,S4tXGHeKBHs,1,0
20260903,UCiLmCoftZHWXSFuQlnEJSsQ,2b_XBGYqJVU,105,5,7,SlDTZdCoX7w,1,0
20260903,UCiLmCoftZHWXSFuQlnEJSsQ,2b_XBGYqJVU,102,1,7,_l7l5BH4h_s,1,0
20260903,UCiLmCoftZHWXSFuQlnEJSsQ,2b_XBGYqJVU,104,5,7,_l7l5BH4h_s,2,0
20260903,UCiLmCoftZHWXSFuQlnEJSsQ,2b_XBGYqJVU,105,5,7,a1tQY33iFmM,1,0
20260903,UCiLmCoftZHWXSFuQlnEJSsQ,2b_XBGYqJVU,102,29,7,dhys8ycR5Iw,1,0
20260903,UCiLmCoftZHWXSFuQlnEJSsQ,2b_XBGYqJVU,104,5,7,dhys8ycR5Iw,1,0
20260903,UCiLmCoftZHWXSFuQlnEJSsQ,2b_XBGYqJVU,105,5,7,g1GPX8SlOmU,1,0
20260903,UCiLmCoftZHWXSFuQlnEJSsQ,2b_XBGYqJVU,104,5,7,lcTtcqjTLlI,1,1
20260903,UCiLmCoftZHWXSFuQlnEJSsQ,2b_XBGYqJVU,104,5,7,oUVyHlXtdP0,1,0
20260903,UCiLmCoftZHWXSFuQlnEJSsQ,3AQw6eUmK58,104,4,3,what-to-watch,2,0
20260903,UCiLmCoftZHWXSFuQlnEJSsQ,3AQw6eUmK58,101,2,4,UCiLmCoftZHWXSFuQlnEJSsQ,1,0
20260903,UCiLmCoftZHWXSFuQlnEJSsQ,3AQw6eUmK58,102,29,4,UCiLmCoftZHWXSFuQlnEJSsQ,1,0
20260903,UCiLmCoftZHWXSFuQlnEJSsQ,3AQw6eUmK58,104,5,4,UCiLmCoftZHWXSFuQlnEJSsQ,11,0
20260903,UCiLmCoftZHWXSFuQlnEJSsQ,3AQw6eUmK58,102,19,5,unknown,1,0
20260903,UCiLmCoftZHWXSFuQlnEJSsQ,3AQw6eUmK58,102,29,5,unknown,1,0
20260903,UCiLmCoftZHWXSFuQlnEJSsQ,3AQw6eUmK58,104,5,5,unknown,2,0
20260903,UCiLmCoftZHWXSFuQlnEJSsQ,3AQw6eUmK58,101,2,7,-diBRfh5Uz8,2,0
20260903,UCiLmCoftZHWXSFuQlnEJSsQ,3AQw6eUmK58,102,29,7,1hl0SfyvmqI,1,0
20260903,UCiLmCoftZHWXSFuQlnEJSsQ,3AQw6eUmK58,101,2,7,2b_XBGYqJVU,1,0
20260903,UCiLmCoftZHWXSFuQlnEJSsQ,3AQw6eUmK58,104,5,7,5Hhi0wLZwfk,1,0
20260903,UCiLmCoftZHWXSFuQlnEJSsQ,3AQw6eUmK58,104,4,7,5sK83PN1E_g,1,0
20260903,UCiLmCoftZHWXSFuQlnEJSsQ,3AQw6eUmK58,101,2,7,6eROMnlHv8Q,1,0
20260903,UCiLmCoftZHWXSFuQlnEJSsQ,3AQw6eUmK58,104,4,7,8ALkr1540OQ,1,0
20260903,UCiLmCoftZHWXSFuQlnEJSsQ,3AQw6eUmK58,101,2,7,9SGVUi_eP9k,2,0
20260903,UCiLmCoftZHWXSFuQlnEJSsQ,3AQw6eUmK58,104,5,7,9SGVUi_eP9k,2,0
20260903,UCiLmCoftZHWXSFuQlnEJSsQ,3AQw6eUmK58,104,5,7,9TR_UfEx5LE,1,0
20260903,UCiLmCoftZHWXSFuQlnEJSsQ,3AQw6eUmK58,104,5,7,9Yh4pwlOgNo,1,0
20260903,UCiLmCoftZHWXSFuQlnEJSsQ,3AQw6eUmK58,101,9,7,9nUP8yzl7dM,1,0
20260903,UCiLmCoftZHWXSFuQlnEJSsQ,3AQw6eUmK58,101,2,7,B_T6lEX4u4Q,1,0
20260903,UCiLmCoftZHWXSFuQlnEJSsQ,3AQw6eUmK58,105,5,7,BjlzHeTBygU,1,0
20260903,UCiLmCoftZHWXSFuQlnEJSsQ,3AQw6eUmK58,102,19,7,CI6N5-oJfFk,2,0
20260903,UCiLmCoftZHWXSFuQlnEJSsQ,3AQw6eUmK58,101,2,7,CnMmQ1esFYI,1,0
20260903,UCiLmCoftZHWXSFuQlnEJSsQ,3AQw6eUmK58,101,2,7,D88Zd_OvaSs,1,0
20260903,UCiLmCoftZHWXSFuQlnEJSsQ,3AQw6eUmK58,104,4,7,D88Zd_OvaSs,1,0
20260903,UCiLmCoftZHWXSFuQlnEJSsQ,3AQw6eUmK58,104,5,7,D88Zd_OvaSs,7,0
20260903,UCiLmCoftZHWXSFuQlnEJSsQ,3AQw6eUmK58,105,5,7,D88Zd_OvaSs,1,0
20260903,UCiLmCoftZHWXSFuQlnEJSsQ,3AQw6eUmK58,101,2,7,HgCgwKqeJBI,1,0
20260903,UCiLmCoftZHWXSFuQlnEJSsQ,3AQw6eUmK58,104,5,7,IbFFZQQpOx0,1,0
20260903,UCiLmCoftZHWXSFuQlnEJSsQ,3AQw6eUmK58,104,5,7,JSa-UWgWrFE,1,1
20260903,UCiLmCoftZHWXSFuQlnEJSsQ,3AQw6eUmK58,105,5,7,K4mQYWHpcUI,1,0
20260903,UCiLmCoftZHWXSFuQlnEJSsQ,3AQw6eUmK58,102,19,7,KM5AWFr_04o,1,0
20260903,UCiLmCoftZHWXSFuQlnEJSsQ,3AQw6eUmK58,102,29,7,LzFLjBxtS1w,1,0
20260903,UCiLmCoftZHWXSFuQlnEJSsQ,3AQw6eUmK58,104,4,7,Me2E_l8GZwk,1,0
20260903,UCiLmCoftZHWXSFuQlnEJSsQ,3AQw6eUmK58,105,5,7,Nxiwy6-IsFM,1,0
20260903,UCiLmCoftZHWXSFuQlnEJSsQ,3AQw6eUmK58,101,30,7,PiikNxCE5_Q,2,0
20260903,UCiLmCoftZHWXSFuQlnEJSsQ,3AQw6eUmK58,104,5,7,QuoIAcNc8jk,1,0
20260903,UCiLmCoftZHWXSFuQlnEJSsQ,3AQw6eUmK58,102,4,7,S4tXGHeKBHs,1,0
20260903,UCiLmCoftZHWXSFuQlnEJSsQ,3AQw6eUmK58,104,5,7,S4tXGHeKBHs,1,0
20260903,UCiLmCoftZHWXSFuQlnEJSsQ,3AQw6eUmK58,105,5,7,S_H_9NWpfWQ,1,0
20260903,UCiLmCoftZHWXSFuQlnEJSsQ,3AQw6eUmK58,102,1,7,SlDTZdCoX7w,1,0
20260903,UCiLmCoftZHWXSFuQlnEJSsQ,3AQw6eUmK58,104,4,7,SlDTZdCoX7w,1,0
20260903,UCiLmCoftZHWXSFuQlnEJSsQ,3AQw6eUmK58,104,4,7,V6em-gcJupE,1,0
20260903,UCiLmCoftZHWXSFuQlnEJSsQ,3AQw6eUmK58,102,31,7,VPca_E6_YTU,1,0
20260903,UCiLmCoftZHWXSFuQlnEJSsQ,3AQw6eUmK58,104,5,7,Vgwuc0C9UoQ,1,0
20260903,UCiLmCoftZHWXSFuQlnEJSsQ,3AQw6eUmK58,102,19,7,WOHGJ2_b3u4,1,0
20260903,UCiLmCoftZHWXSFuQlnEJSsQ,3AQw6eUmK58,104,5,7,WOYng9x-FAI,1,0
20260903,UCiLmCoftZHWXSFuQlnEJSsQ,3AQw6eUmK58,104,5,7,YYldccQr9Xs,1,0
20260903,UCiLmCoftZHWXSFuQlnEJSsQ,3AQw6eUmK58,104,5,7,YsTCIsppXGM,1,0
20260903,UCiLmCoftZHWXSFuQlnEJSsQ,3AQw6eUmK58,104,4,7,Z4k6xU6SgOw,1,0
20260903,UCiLmCoftZHWXSFuQlnEJSsQ,3AQw6eUmK58,102,1,7,ZDaYw_5T57w,1,0
20260903,UCiLmCoftZHWXSFuQlnEJSsQ,3AQw6eUmK58,101,2,7,_l7l5BH4h_s,1,0
20260903,UCiLmCoftZHWXSFuQlnEJSsQ,3AQw6eUmK58,102,4,7,_l7l5BH4h_s,2,0
20260903,UCiLmCoftZHWXSFuQlnEJSsQ,3AQw6eUmK58,104,5,7,a9U4uap71ME,1,0
20260903,UCiLmCoftZHWXSFuQlnEJSsQ,3AQw6eUmK58,104,5,7,eotg_8L9-MA,1,0
20260903,UCiLmCoftZHWXSFuQlnEJSsQ,3AQw6eUmK58,104,5,7,fGCf0VrJhhc,1,0
20260903,UCiLmCoftZHWXSFuQlnEJSsQ,3AQw6eUmK58,104,5,7,gH9wGHoEi9A,1,1
20260903,UCiLmCoftZHWXSFuQlnEJSsQ,3AQw6eUmK58,101,2,7,iT_HnN3tBpw,2,0
20260903,UCiLmCoftZHWXSFuQlnEJSsQ,3AQw6eUmK58,101,2,7,k6OFu63Vlng,1,0
20260903,UCiLmCoftZHWXSFuQlnEJSsQ,3AQw6eUmK58,104,4,7,kCLlwiW_MTM,1,0
20260903,UCiLmCoftZHWXSFuQlnEJSsQ,3AQw6eUmK58,102,29,7,l5Hp3GQQCRI,1,0
20260903,UCiLmCoftZHWXSFuQlnEJSsQ,3AQw6eUmK58,104,5,7,n0I0wnZShh8,1,0
20260903,UCiLmCoftZHWXSFuQlnEJSsQ,3AQw6eUmK58,104,4,7,pPONF16ATGE,1,0
20260903,UCiLmCoftZHWXSFuQlnEJSsQ,3AQw6eUmK58,101,2,7,qViEeQmK0fg,1,0
20260903,UCiLmCoftZHWXSFuQlnEJSsQ,3AQw6eUmK58,101,9,7,r7CsZrgS98g,1,0
20260903,UCiLmCoftZHWXSFuQlnEJSsQ,3AQw6eUmK58,101,2,7,rSNhDgGJvPU,1,0
20260903,UCiLmCoftZHWXSFuQlnEJSsQ,3AQw6eUmK58,104,5,7,rwbjiXdmSRA,1,0
20260903,UCiLmCoftZHWXSFuQlnEJSsQ,3AQw6eUmK58,103,27,7,tWJtwIm1wpE,1,0
20260903,UCiLmCoftZHWXSFuQlnEJSsQ,3AQw6eUmK58,105,5,7,u_ujsgj3EpM,1,0
20260903,UCiLmCoftZHWXSFuQlnEJSsQ,3AQw6eUmK58,102,4,7,vI7wmKyKuDI,1,0
20260903,UCiLmCoftZHWXSFuQlnEJSsQ,B75t0LqJUSg,104,5,3,/my_subscriptions,9,0.1111111111111111
20260903,UCiLmCoftZHWXSFuQlnEJSsQ,B75t0LqJUSg,105,5,3,/my_subscriptions,6,0.16666666666666666
20260903,UCiLmCoftZHWXSFuQlnEJSsQ,B75t0LqJUSg,104,4,3,what-to-watch,1,0
20260903,UCiLmCoftZHWXSFuQlnEJSsQ,B75t0LqJUSg,104,5,3,what-to-watch,5,0
20260903,UCiLmCoftZHWXSFuQlnEJSsQ,B75t0LqJUSg,105,5,3,what-to-watch,1,0
20260903,UCiLmCoftZHWXSFuQlnEJSsQ,B75t0LqJUSg,101,9,4,UCS7HVTPZ1h4vMz-3IX7rbTA,1,0
20260903,UCiLmCoftZHWXSFuQlnEJSsQ,B75t0LqJUSg,101,2,4,UCiLmCoftZHWXSFuQlnEJSsQ,4,0
20260903,UCiLmCoftZHWXSFuQlnEJSsQ,B75t0LqJUSg,101,9,4,UCiLmCoftZHWXSFuQlnEJSsQ,2,0
20260903,UCiLmCoftZHWXSFuQlnEJSsQ,B75t0LqJUSg,102,29,4,UCiLmCoftZHWXSFuQlnEJSsQ,1,0
20260903,UCiLmCoftZHWXSFuQlnEJSsQ,B75t0LqJUSg,103,27,4,UCiLmCoftZHWXSFuQlnEJSsQ,1,0
20260903,UCiLmCoftZHWXSFuQlnEJSsQ,B75t0LqJUSg,104,4,4,UCiLmCoftZHWXSFuQlnEJSsQ,6,0
20260903,UCiLmCoftZHWXSFuQlnEJSsQ,B75t0LqJUSg,104,5,4,UCiLmCoftZHWXSFuQlnEJSsQ,30,0.033333333333333333
20260903,UCiLmCoftZHWXSFuQlnEJSsQ,B75t0LqJUSg,105,5,4,UCiLmCoftZHWXSFuQlnEJSsQ,3,0
20260903,UCiLmCoftZHWXSFuQlnEJSsQ,B75t0LqJUSg,101,9,5,unknown,2,0
20260903,UCiLmCoftZHWXSFuQlnEJSsQ,B75t0LqJUSg,104,5,5,unknown,4,0
20260903,UCiLmCoftZHWXSFuQlnEJSsQ,B75t0LqJUSg,105,5,7,D88Zd_OvaSs,1,0
20260903,UCiLmCoftZHWXSFuQlnEJSsQ,B75t0LqJUSg,104,5,7,PiikNxCE5_Q,2,0
20260903,UCiLmCoftZHWXSFuQlnEJSsQ,B75t0LqJUSg,102,29,7,QmBIT0k0mF4,1,0
20260903,UCiLmCoftZHWXSFuQlnEJSsQ,B75t0LqJUSg,104,5,7,S4tXGHeKBHs,1,0
20260903,UCiLmCoftZHWXSFuQlnEJSsQ,B75t0LqJUSg,102,4,7,SlDTZdCoX7w,1,0
20260903,UCiLmCoftZHWXSFuQlnEJSsQ,B75t0LqJUSg,104,4,7,SlDTZdCoX7w,1,0
20260903,UCiLmCoftZHWXSFuQlnEJSsQ,B75t0LqJUSg,104,5,7,a9U4uap71ME,1,1
20260903,UCiLmCoftZHWXSFuQlnEJSsQ,B75t0LqJUSg,103,27,7,bSgGw84YC5g,1,0
20260903,UCiLmCoftZHWXSFuQlnEJSsQ,B75t0LqJUSg,101,2,7,g1GPX8SlOmU,1,0
20260903,UCiLmCoftZHWXSFuQlnEJSsQ,B75t0LqJUSg,101,2,7,hNwKY3UQdOQ,1,0
20260903,UCiLmCoftZHWXSFuQlnEJSsQ,B75t0LqJUSg,104,4,7,hSqB1UO0Xrs,1,0
20260903,UCiLmCoftZHWXSFuQlnEJSsQ,B75t0LqJUSg,104,4,7,i22cAFtICr4,1,0
20260903,UCiLmCoftZHWXSFuQlnEJSsQ,B75t0LqJUSg,102,29,7,iKb_5hvRTFY,1,0
20260903,UCiLmCoftZHWXSFuQlnEJSsQ,B75t0LqJUSg,104,5,7,iKb_5hvRTFY,1,0
20260903,UCiLmCoftZHWXSFuQlnEJSsQ,B75t0LqJUSg,102,4,7,nned6iDgigo,1,0
20260903,UCiLmCoftZHWXSFuQlnEJSsQ,B75t0LqJUSg,104,5,7,pE6Pi35mojw,1,0
20260903,UCiLmCoftZHWXSFuQlnEJSsQ,B75t0LqJUSg,104,4,14,PLHaTA-9PhMOs,1,0
20260903,UCiLmCoftZHWXSFuQlnEJSsQ,B75t0LqJUSg,104,4,18,unknown,2,0
20260903,UCiLmCoftZHWXSFuQlnEJSsQ,B75t0LqJUSg,104,5,18,unknown,4,0
20260903,UCiLmCoftZHWXSFuQlnEJSsQ,D88Zd_OvaSs,101,2,3,what-to-watch,20,0.05
20260903,UCiLmCoftZHWXSFuQlnEJSsQ,D88Zd_OvaSs,101,9,3,what-to-watch,6,0
20260903,UCiLmCoftZHWXSFuQlnEJSsQ,D88Zd_OvaSs,101,30,3,what-to-watch,1,0
20260903,UCiLmCoftZHWXSFuQlnEJSsQ,D88Zd_OvaSs,102,1,3,what-to-watch,1,0
20260903,UCiLmCoftZHWXSFuQlnEJSsQ,D88Zd_OvaSs,102,4,3,what-to-watch,3,0
20260903,UCiLmCoftZHWXSFuQlnEJSsQ,D88Zd_OvaSs,102,12,3,what-to-watch,2,0.5
20260903,UCiLmCoftZHWXSFuQlnEJSsQ,D88Zd_OvaSs,102,19,3,what-to-watch,2,0
20260903,UCiLmCoftZHWXSFuQlnEJSsQ,D88Zd_OvaSs,102,29,3,what-to-watch,7,0.2857142857142857
20260903,UCiLmCoftZHWXSFuQlnEJSsQ,D88Zd_OvaSs,102,31,3,what-to-watch,2,0
20260903,UCiLmCoftZHWXSFuQlnEJSsQ,D88Zd_OvaSs,103,10,3,what-to-watch,4,0
20260903,UCiLmCoftZHWXSFuQlnEJSsQ,D88Zd_OvaSs,103,27,3,what-to-watch,2,0
20260903,UCiLmCoftZHWXSFuQlnEJSsQ,D88Zd_OvaSs,104,4,3,what-to-watch,21,0.047619047619047616
20260903,UCiLmCoftZHWXSFuQlnEJSsQ,D88Zd_OvaSs,104,5,3,what-to-watch,59,0.15254237288135594
20260903,UCiLmCoftZHWXSFuQlnEJSsQ,D88Zd_OvaSs,105,5,3,what-to-watch,24,0.083333333333333329
20260903,UCiLmCoftZHWXSFuQlnEJSsQ,D88Zd_OvaSs,101,2,4,UCiLmCoftZHWXSFuQlnEJSsQ,1,0
20260903,UCiLmCoftZHWXSFuQlnEJSsQ,D88Zd_OvaSs,102,29,4,UCiLmCoftZHWXSFuQlnEJSsQ,1,0
20260903,UCiLmCoftZHWXSFuQlnEJSsQ,D88Zd_OvaSs,104,4,4,UCiLmCoftZHWXSFuQlnEJSsQ,1,0
20260903,UCiLmCoftZHWXSFuQlnEJSsQ,D88Zd_OvaSs,104,5,4,UCiLmCoftZHWXSFuQlnEJSsQ,23,0.043478260869565216
20260903,UCiLmCoftZHWXSFuQlnEJSsQ,D88Zd_OvaSs,105,5,4,UCiLmCoftZHWXSFuQlnEJSsQ,1,0
20260903,UCiLmCoftZHWXSFuQlnEJSsQ,D88Zd_OvaSs,101,2,5,unknown,11,0.27272727272727271
20260903,UCiLmCoftZHWXSFuQlnEJSsQ,D88Zd_OvaSs,101,9,5,unknown,3,0
20260903,UCiLmCoftZHWXSFuQlnEJSsQ,D88Zd_OvaSs,102,1,5,unknown,1,0
20260903,UCiLmCoftZHWXSFuQlnEJSsQ,D88Zd_OvaSs,102,4,5,unknown,4,0.25
20260903,UCiLmCoftZHWXSFuQlnEJSsQ,D88Zd_OvaSs,102,29,5,unknown,1,0
20260903,UCiLmCoftZHWXSFuQlnEJSsQ,D88Zd_OvaSs,102,31,5,unknown,2,0
20260903,UCiLmCoftZHWXSFuQlnEJSsQ,D88Zd_OvaSs,103,10,5,unknown,3,0.33333333333333331
20260903,UCiLmCoftZHWXSFuQlnEJSsQ,D88Zd_OvaSs,103,27,5,unknown,4,0
20260903,UCiLmCoftZHWXSFuQlnEJSsQ,D88Zd_OvaSs,104,4,5,unknown,30,0.033333333333333333
20260903,UCiLmCoftZHWXSFuQlnEJSsQ,D88Zd_OvaSs,104,5,5,unknown,136,0.080882352941176475
20260903,UCiLmCoftZHWXSFuQlnEJSsQ,D88Zd_OvaSs,105,5,5,unknown,18,0.055555555555555552
20260903,UCiLmCoftZHWXSFuQlnEJSsQ,D88Zd_OvaSs,101,2,7,-MWj2G5URUc,1,0
20260903,UCiLmCoftZHWXSFuQlnEJSsQ,D88Zd_OvaSs,102,29,7,1hl0SfyvmqI,1,0
20260903,UCiLmCoftZHWXSFuQlnEJSsQ,D88Zd_OvaSs,104,5,7,3AQw6eUmK58,1,0
20260903,UCiLmCoftZHWXSFuQlnEJSsQ,D88Zd_OvaSs,104,5,7,4InYPFUYJwM,1,0
20260903,UCiLmCoftZHWXSFuQlnEJSsQ,D88Zd_OvaSs,102,4,7,4fmGhGN85VY,1,0
20260903,UCiLmCoftZHWXSFuQlnEJSsQ,D88Zd_OvaSs,105,5,7,6eXgdgqomh0,1,0
20260903,UCiLmCoftZHWXSFuQlnEJSsQ,D88Zd_OvaSs,101,2,7,8wwHWz4qjZ8,1,0
20260903,UCiLmCoftZHWXSFuQlnEJSsQ,D88Zd_OvaSs,105,5,7,91CkV10VthM,1,0
20260903,UCiLmCoftZHWXSFuQlnEJSsQ,D88Zd_OvaSs,102,19,7,9TR_UfEx5LE,1,1
20260903,UCiLmCoftZHWXSFuQlnEJSsQ,D88Zd_OvaSs,104,4,7,9nUP8yzl7dM,1,0
20260903,UCiLmCoftZHWXSFuQlnEJSsQ,D88Zd_OvaSs,104,5,7,9nUP8yzl7dM,1,0
20260903,UCiLmCoftZHWXSFuQlnEJSsQ,D88Zd_OvaSs,101,2,7,AUChW4SSwdM,1,0
20260903,UCiLmCoftZHWXSFuQlnEJSsQ,D88Zd_OvaSs,101,2,7,CI6N5-oJfFk,1,0
20260903,UCiLmCoftZHWXSFuQlnEJSsQ,D88Zd_OvaSs,104,5,7,CI6N5-oJfFk,5,0.2
20260903,UCiLmCoftZHWXSFuQlnEJSsQ,D88Zd_OvaSs,104,5,7,Coao2BJDhFQ,1,1
20260903,UCiLmCoftZHWXSFuQlnEJSsQ,D88Zd_OvaSs,104,4,7,DDcDtleiaGY,1,0
20260903,UCiLmCoftZHWXSFuQlnEJSsQ,D88Zd_OvaSs,104,5,7,DDcDtleiaGY,2,0
20260903,UCiLmCoftZHWXSFuQlnEJSsQ,D88Zd_OvaSs,101,2,7,EvoV01i7fRw,2,0
20260903,UCiLmCoftZHWXSFuQlnEJSsQ,D88Zd_OvaSs,102,1,7,EvoV01i7fRw,1,0
20260903,UCiLmCoftZHWXSFuQlnEJSsQ,D88Zd_OvaSs,101,9,7,FDHnRcY2g-w,1,0
20260903,UCiLmCoftZHWXSFuQlnEJSsQ,D88Zd_OvaSs,102,4,7,L4fbBevu3XQ,1,0
20260903,UCiLmCoftZHWXSFuQlnEJSsQ,D88Zd_OvaSs,102,31,7,LzFLjBxtS1w,1,0
20260903,UCiLmCoftZHWXSFuQlnEJSsQ,D88Zd_OvaSs,104,4,7,LzFLjBxtS1w,1,0
20260903,UCiLmCoftZHWXSFuQlnEJSsQ,D88Zd_OvaSs,104,5,7,MdwwAFQDGWY,1,0
20260903,UCiLmCoftZHWXSFuQlnEJSsQ,D88Zd_OvaSs,104,5,7,NQa2cFOqaUY,1,0
20260903,UCiLmCoftZHWXSFuQlnEJSsQ,D88Zd_OvaSs,102,19,7,Nrsmafi5fYw,1,0
20260903,UCiLmCoftZHWXSFuQlnEJSsQ,D88Zd_OvaSs,104,4,7,Nrsmafi5fYw,1,0
20260903,UCiLmCoftZHWXSFuQlnEJSsQ,D88Zd_OvaSs,104,5,7,Nrsmafi5fYw,8,0
20260903,UCiLmCoftZHWXSFuQlnEJSsQ,D88Zd_OvaSs,105,5,7,Nrsmafi5fYw,1,0
20260903,UCiLmCoftZHWXSFuQlnEJSsQ,D88Zd_OvaSs,101,2,7,PiikNxCE5_Q,1,1
20260903,UCiLmCoftZHWXSFuQlnEJSsQ,D88Zd_OvaSs,102,1,7,PiikNxCE5_Q,1,1
20260903,UCiLmCoftZHWXSFuQlnEJSsQ,D88Zd_OvaSs,104,5,7,PiikNxCE5_Q,1,0
20260903,UCiLmCoftZHWXSFuQlnEJSsQ,D88Zd_OvaSs,104,4,7,PmD_nggctn4,1,0
20260903,UCiLmCoftZHWXSFuQlnEJSsQ,D88Zd_OvaSs,101,2,7,Qm5m02UMGxU,1,0
20260903,UCiLmCoftZHWXSFuQlnEJSsQ,D88Zd_OvaSs,103,27,7,QqB-maYVHLQ,1,0
20260903,UCiLmCoftZHWXSFuQlnEJSsQ,D88Zd_OvaSs,102,4,7,S4tXGHeKBHs,1,0
20260903,UCiLmCoftZHWXSFuQlnEJSsQ,D88Zd_OvaSs,104,5,7,S4tXGHeKBHs,1,0
20260903,UCiLmCoftZHWXSFuQlnEJSsQ,D88Zd_OvaSs,102,4,7,SlDTZdCoX7w,2,0
20260903,UCiLmCoftZHWXSFuQlnEJSsQ,D88Zd_OvaSs,104,5,7,SlDTZdCoX7w,1,0
20260903,UCiLmCoftZHWXSFuQlnEJSsQ,D88Zd_OvaSs,104,5,7,VPca_E6_YTU,1,1
20260903,UCiLmCoftZHWXSFuQlnEJSsQ,D88Zd_OvaSs,102,31,7,Vhn6TEkp3Hk,1,0
20260903,UCiLmCoftZHWXSFuQlnEJSsQ,D88Zd_OvaSs,104,5,7,X46g7NdKPlY,1,0
20260903,UCiLmCoftZHWXSFuQlnEJSsQ,D88Zd_OvaSs,102,4,7,XTwmNFbN_Zs,1,0
20260903,UCiLmCoftZHWXSFuQlnEJSsQ,D88Zd_OvaSs,101,2,7,YzNjcdJ2JhA,1,0
20260903,UCiLmCoftZHWXSFuQlnEJSsQ,D88Zd_OvaSs,101,2,7,__PF3xDg1Ak,1,0
20260903,UCiLmCoftZHWXSFuQlnEJSsQ,D88Zd_OvaSs,104,4,7,a9U4uap71ME,1,0
20260903,UCiLmCoftZHWXSFuQlnEJSsQ,D88Zd_OvaSs,104,5,7,a9U4uap71ME,1,0
20260903,UCiLmCoftZHWXSFuQlnEJSsQ,D88Zd_OvaSs,105,5,7,a9U4uap71ME,1,0
20260903,UCiLmCoftZHWXSFuQlnEJSsQ,D88Zd_OvaSs,101,2,7,aBjJyyh0oNk,1,0
20260903,UCiLmCoftZHWXSFuQlnEJSsQ,D88Zd_OvaSs,104,5,7,baKzkHBd6Q0,1,0
20260903,UCiLmCoftZHWXSFuQlnEJSsQ,D88Zd_OvaSs,102,29,7,dhys8ycR5Iw,1,0
20260903,UCiLmCoftZHWXSFuQlnEJSsQ,D88Zd_OvaSs,104,5,7,egfaELGXPxg,2,0.5
20260903,UCiLmCoftZHWXSFuQlnEJSsQ,D88Zd_OvaSs,101,2,7,f_UpJf_GHc0,1,0
20260903,UCiLmCoftZHWXSFuQlnEJSsQ,D88Zd_OvaSs,102,4,7,gH9wGHoEi9A,1,0
20260903,UCiLmCoftZHWXSFuQlnEJSsQ,D88Zd_OvaSs,102,4,7,hDQS4AgTc6c,1,0
20260903,UCiLmCoftZHWXSFuQlnEJSsQ,D88Zd_OvaSs,101,2,7,iSguHKTrPyc,2,0
20260903,UCiLmCoftZHWXSFuQlnEJSsQ,D88Zd_OvaSs,104,5,7,kIm4dcF6XDY,1,0
20260903,UCiLmCoftZHWXSFuQlnEJSsQ,D88Zd_OvaSs,104,4,7,mCehgATOEig,1,0
20260903,UCiLmCoftZHWXSFuQlnEJSsQ,D88Zd_OvaSs,101,2,7,mcL1ZMMwr3M,1,0
20260903,UCiLmCoftZHWXSFuQlnEJSsQ,D88Zd_OvaSs,102,4,7,mcL1ZMMwr3M,1,0
20260903,UCiLmCoftZHWXSFuQlnEJSsQ,D88Zd_OvaSs,104,5,7,ogh0HVpi8LI,1,0
20260903,UCiLmCoftZHWXSFuQlnEJSsQ,D88Zd_OvaSs,101,2,7,pE6Pi35mojw,2,0
20260903,UCiLmCoftZHWXSFuQlnEJSsQ,D88Zd_OvaSs,102,4,7,pE6Pi35mojw,2,0
20260903,UCiLmCoftZHWXSFuQlnEJSsQ,D88Zd_OvaSs,104,5,7,pE6Pi35mojw,5,0.2
20260903,UCiLmCoftZHWXSFuQlnEJSsQ,D88Zd_OvaSs,101,2,7,qA3NitgoGTk,1,1
20260903,UCiLmCoftZHWXSFuQlnEJSsQ,D88Zd_OvaSs,102,29,7,qzaWJKJZPBs,1,0
20260903,UCiLmCoftZHWXSFuQlnEJSsQ,D88Zd_OvaSs,101,9,7,r0KL8HzKthw,1,0
20260903,UCiLmCoftZHWXSFuQlnEJSsQ,D88Zd_OvaSs,101,2,7,rSNhDgGJvPU,2,0.5
20260903,UCiLmCoftZHWXSFuQlnEJSsQ,D88Zd_OvaSs,104,5,7,rSNhDgGJvPU,1,0
20260903,UCiLmCoftZHWXSFuQlnEJSsQ,D88Zd_OvaSs,101,2,7,rwbjiXdmSRA,1,0
20260903,UCiLmCoftZHWXSFuQlnEJSsQ,D88Zd_OvaSs,102,29,7,rwbjiXdmSRA,1,0
20260903,UCiLmCoftZHWXSFuQlnEJSsQ,D88Zd_OvaSs,104,5,7,rwbjiXdmSRA,1,1
20260903,UCiLmCoftZHWXSFuQlnEJSsQ,D88Zd_OvaSs,102,4,7,s5h_tZlndOU,1,0
20260903,UCiLmCoftZHWXSFuQlnEJSsQ,D88Zd_OvaSs,104,5,7,tAwmIFU_PhQ,1,0
20260903,UCiLmCoftZHWXSFuQlnEJSsQ,D88Zd_OvaSs,104,4,7,tJuk1oacnAA,1,0
20260903,UCiLmCoftZHWXSFuQlnEJSsQ,D88Zd_OvaSs,102,4,7,uoL37JAHtPo,1,0
20260903,UCiLmCoftZHWXSFuQlnEJSsQ,D88Zd_OvaSs,104,4,7,vZ_dZvvKD_Q,2,0
20260903,UCiLmCoftZHWXSFuQlnEJSsQ,D88Zd_OvaSs,102,1,7,wZLjNS9LjP4,1,0
20260903,UCiLmCoftZHWXSFuQlnEJSsQ,D88Zd_OvaSs,101,2,7,xD3s4CBaYUw,1,0
20260903,UCiLmCoftZHWXSFuQlnEJSsQ,D88Zd_OvaSs,104,5,7,xD3s4CBaYUw,1,0
20260903,UCiLmCoftZHWXSFuQlnEJSsQ,D88Zd_OvaSs,102,1,7,xu5ardTdVHw,1,0
20260903,UCiLmCoftZHWXSFuQlnEJSsQ,D88Zd_OvaSs,104,5,7,z1KS7myipTQ,1,0
20260903,UCiLmCoftZHWXSFuQlnEJSsQ,D88Zd_OvaSs,104,5,14,my-likes,1,0
20260903,UCiLmCoftZHWXSFuQlnEJSsQ,D88Zd_OvaSs,105,5,14,my-likes,1,0
20260903,UCiLmCoftZHWXSFuQlnEJSsQ,D88Zd_OvaSs,104,5,18,unknown,7,0
20260903,UCiLmCoftZHWXSFuQlnEJSsQ,DdvR0LbYUjQ,101,2,3,what-to-watch,1,0
20260903,UCiLmCoftZHWXSFuQlnEJSsQ,DdvR0LbYUjQ,102,4,3,what-to-watch,4,0
20260903,UCiLmCoftZHWXSFuQlnEJSsQ,DdvR0LbYUjQ,102,29,3,what-to-watch,1,0
20260903,UCiLmCoftZHWXSFuQlnEJSsQ,DdvR0LbYUjQ,104,5,3,what-to-watch,11,0.090909090909090912
20260903,UCiLmCoftZHWXSFuQlnEJSsQ,DdvR0LbYUjQ,105,5,3,what-to-watch,3,0
20260903,UCiLmCoftZHWXSFuQlnEJSsQ,DdvR0LbYUjQ,101,2,4,UCiLmCoftZHWXSFuQlnEJSsQ,1,0
20260903,UCiLmCoftZHWXSFuQlnEJSsQ,DdvR0LbYUjQ,104,5,4,UCiLmCoftZHWXSFuQlnEJSsQ,11,0
20260903,UCiLmCoftZHWXSFuQlnEJSsQ,DdvR0LbYUjQ,101,2,5,unknown,4,0
20260903,UCiLmCoftZHWXSFuQlnEJSsQ,DdvR0LbYUjQ,101,9,5,unknown,1,0
20260903,UCiLmCoftZHWXSFuQlnEJSsQ,DdvR0LbYUjQ,102,4,5,unknown,1,0
20260903,UCiLmCoftZHWXSFuQlnEJSsQ,DdvR0LbYUjQ,102,29,5,unknown,4,0
20260903,UCiLmCoftZHWXSFuQlnEJSsQ,DdvR0LbYUjQ,103,27,5,unknown,1,0
20260903,UCiLmCoftZHWXSFuQlnEJSsQ,DdvR0LbYUjQ,104,4,5,unknown,8,0.125
20260903,UCiLmCoftZHWXSFuQlnEJSsQ,DdvR0LbYUjQ,104,5,5,unknown,18,0
20260903,UCiLmCoftZHWXSFuQlnEJSsQ,DdvR0LbYUjQ,105,5,5,unknown,3,0.33333333333333331
20260903,UCiLmCoftZHWXSFuQlnEJSsQ,DdvR0LbYUjQ,104,5,7,3Z9YW8q-bM4,1,0
20260903,UCiLmCoftZHWXSFuQlnEJSsQ,DdvR0LbYUjQ,104,4,7,5LWvbg_9Pjk,1,0
20260903,UCiLmCoftZHWXSFuQlnEJSsQ,DdvR0LbYUjQ,102,19,7,91CkV10VthM,1,0
20260903,UCiLmCoftZHWXSFuQlnEJSsQ,DdvR0LbYUjQ,102,19,7,9TR_UfEx5LE,1,0
20260903,UCiLmCoftZHWXSFuQlnEJSsQ,DdvR0LbYUjQ,101,2,7,AFLuJVRdgb0,1,0
20260903,UCiLmCoftZHWXSFuQlnEJSsQ,DdvR0LbYUjQ,101,2,7,EvoV01i7fRw,1,0
20260903,UCiLmCoftZHWXSFuQlnEJSsQ,DdvR0LbYUjQ,101,9,7,FDHnRcY2g-w,1,0
20260903,UCiLmCoftZHWXSFuQlnEJSsQ,DdvR0LbYUjQ,102,4,7,IWhnBeLMDv8,1,0
20260903,UCiLmCoftZHWXSFuQlnEJSsQ,DdvR0LbYUjQ,102,29,7,L7Va_NsFsaM,1,0
20260903,UCiLmCoftZHWXSFuQlnEJSsQ,DdvR0LbYUjQ,101,2,7,PiikNxCE5_Q,2,0
20260903,UCiLmCoftZHWXSFuQlnEJSsQ,DdvR0LbYUjQ,104,5,7,PiikNxCE5_Q,1,0
20260903,UCiLmCoftZHWXSFuQlnEJSsQ,DdvR0LbYUjQ,101,2,7,PmD_nggctn4,1,0
20260903,UCiLmCoftZHWXSFuQlnEJSsQ,DdvR0LbYUjQ,104,4,7,PmD_nggctn4,1,0
20260903,UCiLmCoftZHWXSFuQlnEJSsQ,DdvR0LbYUjQ,104,5,7,PmD_nggctn4,1,1
20260903,UCiLmCoftZHWXSFuQlnEJSsQ,DdvR0LbYUjQ,105,5,7,PmD_nggctn4,1,0
20260903,UCiLmCoftZHWXSFuQlnEJSsQ,DdvR0LbYUjQ,104,5,7,R1-JvxdEChg,1,0
20260903,UCiLmCoftZHWXSFuQlnEJSsQ,DdvR0LbYUjQ,104,5,7,S4tXGHeKBHs,3,0
20260903,UCiLmCoftZHWXSFuQlnEJSsQ,DdvR0LbYUjQ,102,4,7,SlDTZdCoX7w,1,0
20260903,UCiLmCoftZHWXSFuQlnEJSsQ,DdvR0LbYUjQ,101,9,7,W_285Od8ZY4,2,0
20260903,UCiLmCoftZHWXSFuQlnEJSsQ,DdvR0LbYUjQ,102,29,7,ZGAKWNEbC_Y,1,0
20260903,UCiLmCoftZHWXSFuQlnEJSsQ,DdvR0LbYUjQ,104,5,7,Zx4r20brkQM,1,0
20260903,UCiLmCoftZHWXSFuQlnEJSsQ,DdvR0LbYUjQ,104,5,7,_7Vb2QbeSbE,1,1
20260903,UCiLmCoftZHWXSFuQlnEJSsQ,DdvR0LbYUjQ,102,1,7,_l7l5BH4h_s,1,0
20260903,UCiLmCoftZHWXSFuQlnEJSsQ,DdvR0LbYUjQ,101,2,7,_wjk2x3kycI,1,1
20260903,UCiLmCoftZHWXSFuQlnEJSsQ,DdvR0LbYUjQ,105,5,7,_wjk2x3kycI,1,0
20260903,UCiLmCoftZHWXSFuQlnEJSsQ,DdvR0LbYUjQ,104,5,7,dhys8ycR5Iw,4,0
20260903,UCiLmCoftZHWXSFuQlnEJSsQ,DdvR0LbYUjQ,102,4,7,djW2CP6LBnU,1,0
20260903,UCiLmCoftZHWXSFuQlnEJSsQ,DdvR0LbYUjQ,101,2,7,g1GPX8SlOmU,1,0
20260903,UCiLmCoftZHWXSFuQlnEJSsQ,DdvR0LbYUjQ,104,4,7,g1GPX8SlOmU,1,0
20260903,UCiLmCoftZHWXSFuQlnEJSsQ,DdvR0LbYUjQ,101,2,7,i_npi6xRKf0,1,0
20260903,UCiLmCoftZHWXSFuQlnEJSsQ,DdvR0LbYUjQ,104,5,7,jwvdvv_rr2k,1,0
20260903,UCiLmCoftZHWXSFuQlnEJSsQ,DdvR0LbYUjQ,102,4,7,m3NvmaC-q6A,1,1
20260903,UCiLmCoftZHWXSFuQlnEJSsQ,DdvR0LbYUjQ,102,19,7,m3NvmaC-q6A,1,0
20260903,UCiLmCoftZHWXSFuQlnEJSsQ,DdvR0LbYUjQ,104,5,7,o5PmzhqCa48,3,0
20260903,UCiLmCoftZHWXSFuQlnEJSsQ,DdvR0LbYUjQ,102,4,7,pE6Pi35mojw,2,0
20260903,UCiLmCoftZHWXSFuQlnEJSsQ,DdvR0LbYUjQ,104,5,7,pE6Pi35mojw,2,0
20260903,UCiLmCoftZHWXSFuQlnEJSsQ,DdvR0LbYUjQ,101,2,7,qA3NitgoGTk,1,0
20260903,UCiLmCoftZHWXSFuQlnEJSsQ,DdvR0LbYUjQ,101,30,7,sYM4Vdzaex0,1,0
20260903,UCiLmCoftZHWXSFuQlnEJSsQ,DdvR0LbYUjQ,104,5,7,sYM4Vdzaex0,1,0
20260903,UCiLmCoftZHWXSFuQlnEJSsQ,DdvR0LbYUjQ,104,5,7,uoL37JAHtPo,2,0
20260903,UCiLmCoftZHWXSFuQlnEJSsQ,DdvR0LbYUjQ,102,19,7,x2hS_7CLmJM,1,0
20260903,UCiLmCoftZHWXSFuQlnEJSsQ,DdvR0LbYUjQ,101,2,7,y_yI4t1aTfs,2,0
20260903,UCiLmCoftZHWXSFuQlnEJSsQ,DdvR0LbYUjQ,104,5,14,my-likes,1,0
20260903,UCiLmCoftZHWXSFuQlnEJSsQ,DdvR0LbYUjQ,104,5,18,unknown,2,0.5
20260903,UCiLmCoftZHWXSFuQlnEJSsQ,EvoV01i7fRw,101,1,3,what-to-watch,1,0
20260903,UCiLmCoftZHWXSFuQlnEJSsQ,EvoV01i7fRw,101,2,3,what-to-watch,55,0.018181818181818181
20260903,UCiLmCoftZHWXSFuQlnEJSsQ,EvoV01i7fRw,101,9,3,what-to-watch,6,0
20260903,UCiLmCoftZHWXSFuQlnEJSsQ,EvoV01i7fRw,101,30,3,what-to-watch,1,0
20260903,UCiLmCoftZHWXSFuQlnEJSsQ,EvoV01i7fRw,102,1,3,what-to-watch,8,0
20260903,UCiLmCoftZHWXSFuQlnEJSsQ,EvoV01i7fRw,102,4,3,what-to-watch,19,0
20260903,UCiLmCoftZHWXSFuQlnEJSsQ,EvoV01i7fRw,102,19,3,what-to-watch,4,0.25
20260903,UCiLmCoftZHWXSFuQlnEJSsQ,EvoV01i7fRw,102,29,3,what-to-watch,17,0.11764705882352941
20260903,UCiLmCoftZHWXSFuQlnEJSsQ,EvoV01i7fRw,102,31,3,what-to-watch,10,0
20260903,UCiLmCoftZHWXSFuQlnEJSsQ,EvoV01i7fRw,103,10,3,what-to-watch,6,0
20260903,UCiLmCoftZHWXSFuQlnEJSsQ,EvoV01i7fRw,104,4,3,what-to-watch,32,0
20260903,UCiLmCoftZHWXSFuQlnEJSsQ,EvoV01i7fRw,104,5,3,what-to-watch,146,0.0273972602739726
20260903,UCiLmCoftZHWXSFuQlnEJSsQ,EvoV01i7fRw,105,5,3,what-to-watch,96,0.0625
20260903,UCiLmCoftZHWXSFuQlnEJSsQ,EvoV01i7fRw,101,2,4,UCiLmCoftZHWXSFuQlnEJSsQ,1,0
20260903,UCiLmCoftZHWXSFuQlnEJSsQ,EvoV01i7fRw,102,29,4,UCiLmCoftZHWXSFuQlnEJSsQ,1,0
20260903,UCiLmCoftZHWXSFuQlnEJSsQ,EvoV01i7fRw,104,4,4,UCiLmCoftZHWXSFuQlnEJSsQ,1,0
20260903,UCiLmCoftZHWXSFuQlnEJSsQ,EvoV01i7fRw,104,5,4,UCiLmCoftZHWXSFuQlnEJSsQ,24,0.041666666666666664
20260903,UCiLmCoftZHWXSFuQlnEJSsQ,EvoV01i7fRw,101,2,5,unknown,14,0.14285714285714285
20260903,UCiLmCoftZHWXSFuQlnEJSsQ,EvoV01i7fRw,102,1,5,unknown,9,0
20260903,UCiLmCoftZHWXSFuQlnEJSsQ,EvoV01i7fRw,102,4,5,unknown,29,0
20260903,UCiLmCoftZHWXSFuQlnEJSsQ,EvoV01i7fRw,102,12,5,unknown,1,0
20260903,UCiLmCoftZHWXSFuQlnEJSsQ,EvoV01i7fRw,102,19,5,unknown,4,0
20260903,UCiLmCoftZHWXSFuQlnEJSsQ,EvoV01i7fRw,102,29,5,unknown,11,0
20260903,UCiLmCoftZHWXSFuQlnEJSsQ,EvoV01i7fRw,102,31,5,unknown,11,0
20260903,UCiLmCoftZHWXSFuQlnEJSsQ,EvoV01i7fRw,103,10,5,unknown,1,0
20260903,UCiLmCoftZHWXSFuQlnEJSsQ,EvoV01i7fRw,103,27,5,unknown,3,0
20260903,UCiLmCoftZHWXSFuQlnEJSsQ,EvoV01i7fRw,104,4,5,unknown,38,0.026315789473684209
20260903,UCiLmCoftZHWXSFuQlnEJSsQ,EvoV01i7fRw,104,5,5,unknown,71,0.056338028169014086
20260903,UCiLmCoftZHWXSFuQlnEJSsQ,EvoV01i7fRw,105,5,5,unknown,25,0.08
20260903,UCiLmCoftZHWXSFuQlnEJSsQ,EvoV01i7fRw,104,5,7,-1bqC-l_WJQ,1,0
20260903,UCiLmCoftZHWXSFuQlnEJSsQ,EvoV01i7fRw,105,5,7,-1bqC-l_WJQ,2,1
20260903,UCiLmCoftZHWXSFuQlnEJSsQ,EvoV01i7fRw,104,5,7,-7HlrRa8zas,2,0.5
20260903,UCiLmCoftZHWXSFuQlnEJSsQ,EvoV01i7fRw,101,2,7,-diBRfh5Uz8,6,0
20260903,UCiLmCoftZHWXSFuQlnEJSsQ,EvoV01i7fRw,101,9,7,-diBRfh5Uz8,3,0
20260903,UCiLmCoftZHWXSFuQlnEJSsQ,EvoV01i7fRw,102,4,7,-diBRfh5Uz8,3,0
20260903,UCiLmCoftZHWXSFuQlnEJSsQ,EvoV01i7fRw,102,31,7,-diBRfh5Uz8,1,0
20260903,UCiLmCoftZHWXSFuQlnEJSsQ,EvoV01i7fRw,103,27,7,-diBRfh5Uz8,1,1
20260903,UCiLmCoftZHWXSFuQlnEJSsQ,EvoV01i7fRw,104,4,7,-diBRfh5Uz8,2,0.5
20260903,UCiLmCoftZHWXSFuQlnEJSsQ,EvoV01i7fRw,104,5,7,-diBRfh5Uz8,13,0
20260903,UCiLmCoftZHWXSFuQlnEJSsQ,EvoV01i7fRw,102,31,7,-x0pwLfoz-A,1,0
20260903,UCiLmCoftZHWXSFuQlnEJSsQ,EvoV01i7fRw,104,5,7,-yyKeE3T2Z0,1,0
20260903,UCiLmCoftZHWXSFuQlnEJSsQ,EvoV01i7fRw,104,5,7,07cJNrNOclw,1,0
20260903,UCiLmCoftZHWXSFuQlnEJSsQ,EvoV01i7fRw,104,5,7,0VBib8nCBd0,3,0
20260903,UCiLmCoftZHWXSFuQlnEJSsQ,EvoV01i7fRw,105,5,7,0VBib8nCBd0,1,0
20260903,UCiLmCoftZHWXSFuQlnEJSsQ,EvoV01i7fRw,102,4,7,0kC3sp4jbjU,1,0
20260903,UCiLmCoftZHWXSFuQlnEJSsQ,EvoV01i7fRw,101,2,7,0pIHxIKuju8,1,0
20260903,UCiLmCoftZHWXSFuQlnEJSsQ,EvoV01i7fRw,101,2,7,0srPJJAADts,3,0
20260903,UCiLmCoftZHWXSFuQlnEJSsQ,EvoV01i7fRw,101,30,7,0srPJJAADts,1,0
20260903,UCiLmCoftZHWXSFuQlnEJSsQ,EvoV01i7fRw,102,4,7,0srPJJAADts,1,0
20260903,UCiLmCoftZHWXSFuQlnEJSsQ,EvoV01i7fRw,104,5,7,0srPJJAADts,1,0
20260903,UCiLmCoftZHWXSFuQlnEJSsQ,EvoV01i7fRw,104,5,7,1V3elHdwTbU,1,1
20260903,UCiLmCoftZHWXSFuQlnEJSsQ,EvoV01i7fRw,104,4,7,1VjPy45toO4,2,0
20260903,UCiLmCoftZHWXSFuQlnEJSsQ,EvoV01i7fRw,104,5,7,1dLBG9BH8UM,1,0
20260903,UCiLmCoftZHWXSFuQlnEJSsQ,EvoV01i7fRw,101,2,7,1du8oKBgJwQ,1,0
20260903,UCiLmCoftZHWXSFuQlnEJSsQ,EvoV01i7fRw,101,9,7,1gs8yrFEwWw,2,0
20260903,UCiLmCoftZHWXSFuQlnEJSsQ,EvoV01i7fRw,104,4,7,1plELqpiUD8,1,0
20260903,UCiLmCoftZHWXSFuQlnEJSsQ,EvoV01i7fRw,101,2,7,1xakaCbRyZo,1,0
20260903,UCiLmCoftZHWXSFuQlnEJSsQ,EvoV01i7fRw,104,5,7,2U1ux7CmaFg,1,0
20260903,UCiLmCoftZHWXSFuQlnEJSsQ,EvoV01i7fRw,101,2,7,2WlZNbOiAZI,2,0
20260903,UCiLmCoftZHWXSFuQlnEJSsQ,EvoV01i7fRw,101,9,7,2WlZNbOiAZI,2,0
20260903,UCiLmCoftZHWXSFuQlnEJSsQ,EvoV01i7fRw,102,29,7,2WlZNbOiAZI,1,0
20260903,UCiLmCoftZHWXSFuQlnEJSsQ,EvoV01i7fRw,104,4,7,2WlZNbOiAZI,1,0
20260903,UCiLmCoftZHWXSFuQlnEJSsQ,EvoV01i7fRw,104,5,7,2WlZNbOiAZI,5,0
20260903,UCiLmCoftZHWXSFuQlnEJSsQ,EvoV01i7fRw,105,5,7,2WlZNbOiAZI,1,0
20260903,UCiLmCoftZHWXSFuQlnEJSsQ,EvoV01i7fRw,104,5,7,2_awGm7DoUk,1,0
20260903,UCiLmCoftZHWXSFuQlnEJSsQ,EvoV01i7fRw,104,5,7,2j4Bl-0IaE8,1,0
20260903,UCiLmCoftZHWXSFuQlnEJSsQ,EvoV01i7fRw,104,4,7,2mFsD9oAKIk,1,0
20260903,UCiLmCoftZHWXSFuQlnEJSsQ,EvoV01i7fRw,104,5,7,2nOHrLolG08,3,0.33333333333333331
20260903,UCiLmCoftZHWXSFuQlnEJSsQ,EvoV01i7fRw,101,2,7,3Q63i0ZNTsw,2,0
20260903,UCiLmCoftZHWXSFuQlnEJSsQ,EvoV01i7fRw,104,5,7,3Q63i0ZNTsw,2,0
20260903,UCiLmCoftZHWXSFuQlnEJSsQ,EvoV01i7fRw,104,5,7,43nOhwLQ4tk,2,0
20260903,UCiLmCoftZHWXSFuQlnEJSsQ,EvoV01i7fRw,104,5,7,4QF4Kdb_1kA,2,0
20260903,UCiLmCoftZHWXSFuQlnEJSsQ,EvoV01i7fRw,104,5,7,4_C96foUjks,1,0
20260903,UCiLmCoftZHWXSFuQlnEJSsQ,EvoV01i7fRw,102,4,7,4aEQ13K7vVw,1,0
20260903,UCiLmCoftZHWXSFuQlnEJSsQ,EvoV01i7fRw,102,31,7,4aQkKF71cXc,1,0
20260903,UCiLmCoftZHWXSFuQlnEJSsQ,EvoV01i7fRw,104,5,7,4aQkKF71cXc,1,0
20260903,UCiLmCoftZHWXSFuQlnEJSsQ,EvoV01i7fRw,102,4,7,4l4m-_3Gdb4,1,0
20260903,UCiLmCoftZHWXSFuQlnEJSsQ,EvoV01i7fRw,104,4,7,4l4m-_3Gdb4,1,0
20260903,UCiLmCoftZHWXSFuQlnEJSsQ,EvoV01i7fRw,102,29,7,4sBRjlrEWnY,1,0
20260903,UCiLmCoftZHWXSFuQlnEJSsQ,EvoV01i7fRw,104,4,7,4vtMdw4IXps,1,0
20260903,UCiLmCoftZHWXSFuQlnEJSsQ,EvoV01i7fRw,101,2,7,54h3kvzyf0k,1,0
20260903,UCiLmCoftZHWXSFuQlnEJSsQ,EvoV01i7fRw,101,2,7,5CxzXNDErrY,1,0
20260903,UCiLmCoftZHWXSFuQlnEJSsQ,EvoV01i7fRw,102,4,7,5LWvbg_9Pjk,1,0
20260903,UCiLmCoftZHWXSFuQlnEJSsQ,EvoV01i7fRw,102,29,7,5LWvbg_9Pjk,1,0
20260903,UCiLmCoftZHWXSFuQlnEJSsQ,EvoV01i7fRw,104,4,7,5LWvbg_9Pjk,1,0
20260903,UCiLmCoftZHWXSFuQlnEJSsQ,EvoV01i7fRw,104,5,7,5LWvbg_9Pjk,2,0
20260903,UCiLmCoftZHWXSFuQlnEJSsQ,EvoV01i7fRw,101,30,7,5Y357jY2w1k,1,0
20260903,UCiLmCoftZHWXSFuQlnEJSsQ,EvoV01i7fRw,101,2,7,5jQz1YGgBgg,1,0
20260903,UCiLmCoftZHWXSFuQlnEJSsQ,EvoV01i7fRw,102,4,7,5jQz1YGgBgg,1,0
20260903,UCiLmCoftZHWXSFuQlnEJSsQ,EvoV01i7fRw,104,4,7,5nke0gadJGQ,1,0
20260903,UCiLmCoftZHWXSFuQlnEJSsQ,EvoV01i7fRw,104,4,7,5q7eLnhUqWo,1,0
20260903,UCiLmCoftZHWXSFuQlnEJSsQ,EvoV01i7fRw,101,9,7,5u_xpwDnT8E,2,0
20260903,UCiLmCoftZHWXSFuQlnEJSsQ,EvoV01i7fRw,104,5,7,5v5O5D080sw,1,0
20260903,UCiLmCoftZHWXSFuQlnEJSsQ,EvoV01i7fRw,104,5,7,5vmRt1mPov8,1,0
20260903,UCiLmCoftZHWXSFuQlnEJSsQ,EvoV01i7fRw,103,10,7,65Arodhj2J8,1,0
20260903,UCiLmCoftZHWXSFuQlnEJSsQ,EvoV01i7fRw,101,2,7,6NMqBhPkLnE,1,0
20260903,UCiLmCoftZHWXSFuQlnEJSsQ,EvoV01i7fRw,105,5,7,6TDaGcSbm9M,1,0
20260903,UCiLmCoftZHWXSFuQlnEJSsQ,EvoV01i7fRw,101,9,7,6ULZnkDd14M,1,0
20260903,UCiLmCoftZHWXSFuQlnEJSsQ,EvoV01i7fRw,101,2,7,6Z3FrlV77iY,1,0
20260903,UCiLmCoftZHWXSFuQlnEJSsQ,EvoV01i7fRw,104,4,7,6Z3FrlV77iY,1,0
20260903,UCiLmCoftZHWXSFuQlnEJSsQ,EvoV01i7fRw,102,29,7,6dQ-2PWGqUc,1,0
20260903,UCiLmCoftZHWXSFuQlnEJSsQ,EvoV01i7fRw,104,5,7,6dQ-2PWGqUc,1,0
20260903,UCiLmCoftZHWXSFuQlnEJSsQ,EvoV01i7fRw,101,2,7,6hmFe0RHrr4,1,0
20260903,UCiLmCoftZHWXSFuQlnEJSsQ,EvoV01i7fRw,104,5,7,75MEFldsJKc,1,0
20260903,UCiLmCoftZHWXSFuQlnEJSsQ,EvoV01i7fRw,104,5,7,7VqCdhFGE78,1,0
20260903,UCiLmCoftZHWXSFuQlnEJSsQ,EvoV01i7fRw,104,5,7,7W3LmNsEFcs,1,0
20260903,UCiLmCoftZHWXSFuQlnEJSsQ,EvoV01i7fRw,102,1,7,7ah1icN4mfM,1,0
20260903,UCiLmCoftZHWXSFuQlnEJSsQ,EvoV01i7fRw,103,10,7,7p6gr4PoANo,1,0
20260903,UCiLmCoftZHWXSFuQlnEJSsQ,EvoV01i7fRw,101,2,7,7u6yHCNtWG4,1,0
20260903,UCiLmCoftZHWXSFuQlnEJSsQ,EvoV01i7fRw,101,2,7,833EAafCHsY,1,0
20260903,UCiLmCoftZHWXSFuQlnEJSsQ,EvoV01i7fRw,101,30,7,833EAafCHsY,1,0
20260903,UCiLmCoftZHWXSFuQlnEJSsQ,EvoV01i7fRw,104,5,7,88FbUI_t8hc,2,0
20260903,UCiLmCoftZHWXSFuQlnEJSsQ,EvoV01i7fRw,104,4,7,8ALkr1540OQ,1,0
20260903,UCiLmCoftZHWXSFuQlnEJSsQ,EvoV01i7fRw,102,4,7,8BG1qeZyuWk,1,0
20260903,UCiLmCoftZHWXSFuQlnEJSsQ,EvoV01i7fRw,102,31,7,8BG1qeZyuWk,1,0
20260903,UCiLmCoftZHWXSFuQlnEJSsQ,EvoV01i7fRw,104,5,7,8EdNzQLdYRk,1,0
20260903,UCiLmCoftZHWXSFuQlnEJSsQ,EvoV01i7fRw,104,5,7,8awOMfdveII,1,0
20260903,UCiLmCoftZHWXSFuQlnEJSsQ,EvoV01i7fRw,104,4,7,8hsjYIlJbQE,1,0
20260903,UCiLmCoftZHWXSFuQlnEJSsQ,EvoV01i7fRw,104,5,7,8hsjYIlJbQE,1,0
20260903,UCiLmCoftZHWXSFuQlnEJSsQ,EvoV01i7fRw,102,4,7,8ygb-8qgMAE,1,0
20260903,UCiLmCoftZHWXSFuQlnEJSsQ,EvoV01i7fRw,101,9,7,9MbyA6MyT0U,1,0
20260903,UCiLmCoftZHWXSFuQlnEJSsQ,EvoV01i7fRw,105,5,7,9RTQVl9LgPw,1,0
20260903,UCiLmCoftZHWXSFuQlnEJSsQ,EvoV01i7fRw,101,2,7,9W8ryjBrnkY,1,0
20260903,UCiLmCoftZHWXSFuQlnEJSsQ,EvoV01i7fRw,104,4,7,9_AcwuH-O0Y,1,0
20260903,UCiLmCoftZHWXSFuQlnEJSsQ,EvoV01i7fRw,104,5,7,9_AcwuH-O0Y,2,0
20260903,UCiLmCoftZHWXSFuQlnEJSsQ,EvoV01i7fRw,104,5,7,9nvWlPmIoEg,2,0
20260903,UCiLmCoftZHWXSFuQlnEJSsQ,EvoV01i7fRw,104,5,7,9upgWAOTVvk,2,0
20260903,UCiLmCoftZHWXSFuQlnEJSsQ,EvoV01i7fRw,101,2,7,9wUQV4laRsk,1,0
20260903,UCiLmCoftZHWXSFuQlnEJSsQ,EvoV01i7fRw,102,29,7,AICO09IjNwE,1,0
20260903,UCiLmCoftZHWXSFuQlnEJSsQ,EvoV01i7fRw,101,2,7,AUChW4SSwdM,3,0
20260903,UCiLmCoftZHWXSFuQlnEJSsQ,EvoV01i7fRw,101,9,7,AUChW4SSwdM,2,0
20260903,UCiLmCoftZHWXSFuQlnEJSsQ,EvoV01i7fRw,104,4,7,AUChW4SSwdM,2,0
20260903,UCiLmCoftZHWXSFuQlnEJSsQ,EvoV01i7fRw,104,5,7,AUChW4SSwdM,6,0
20260903,UCiLmCoftZHWXSFuQlnEJSsQ,EvoV01i7fRw,101,9,7,AbfaiUj2SW0,1,0
20260903,UCiLmCoftZHWXSFuQlnEJSsQ,EvoV01i7fRw,102,4,7,AbfaiUj2SW0,1,0
20260903,UCiLmCoftZHWXSFuQlnEJSsQ,EvoV01i7fRw,104,4,7,AbfaiUj2SW0,2,0
20260903,UCiLmCoftZHWXSFuQlnEJSsQ,EvoV01i7fRw,104,5,7,AbfaiUj2SW0,3,0
20260903,UCiLmCoftZHWXSFuQlnEJSsQ,EvoV01i7fRw,101,9,7,AwkySU1u3ug,1,0
20260903,UCiLmCoftZHWXSFuQlnEJSsQ,EvoV01i7fRw,105,5,7,B3qshVql5wg,1,1
20260903,UCiLmCoftZHWXSFuQlnEJSsQ,EvoV01i7fRw,104,5,7,BNdSH8ov6uQ,1,0
20260903,UCiLmCoftZHWXSFuQlnEJSsQ,EvoV01i7fRw,104,5,7,BV30xp9Kt9s,1,0
20260903,UCiLmCoftZHWXSFuQlnEJSsQ,EvoV01i7fRw,101,2,7,Bakn4BiMUVI,1,0
20260903,UCiLmCoftZHWXSFuQlnEJSsQ,EvoV01i7fRw,101,2,7,BqZS1cN-60w,1,0
20260903,UCiLmCoftZHWXSFuQlnEJSsQ,EvoV01i7fRw,105,5,7,BqtgTC8KWio,1,0
20260903,UCiLmCoftZHWXSFuQlnEJSsQ,EvoV01i7fRw,104,5,7,BtI5HLUh9sU,1,0
20260903,UCiLmCoftZHWXSFuQlnEJSsQ,EvoV01i7fRw,102,1,7,BvFHG0do1fA,1,0
20260903,UCiLmCoftZHWXSFuQlnEJSsQ,EvoV01i7fRw,104,4,7,C-cWr1bEj7Q,1,0
20260903,UCiLmCoftZHWXSFuQlnEJSsQ,EvoV01i7fRw,101,2,7,C33m56e6Xyg,2,0
20260903,UCiLmCoftZHWXSFuQlnEJSsQ,EvoV01i7fRw,104,4,7,C33m56e6Xyg,1,1
20260903,UCiLmCoftZHWXSFuQlnEJSsQ,EvoV01i7fRw,102,4,7,C9PZKQPonxM,2,0
20260903,UCiLmCoftZHWXSFuQlnEJSsQ,EvoV01i7fRw,104,5,7,C9PZKQPonxM,1,0
20260903,UCiLmCoftZHWXSFuQlnEJSsQ,EvoV01i7fRw,101,9,7,CJhoRS3rUtQ,1,0
20260903,UCiLmCoftZHWXSFuQlnEJSsQ,EvoV01i7fRw,102,4,7,CJhoRS3rUtQ,2,0
20260903,UCiLmCoftZHWXSFuQlnEJSsQ,EvoV01i7fRw,104,4,7,CJhoRS3rUtQ,1,0
20260903,UCiLmCoftZHWXSFuQlnEJSsQ,EvoV01i7fRw,104,5,7,CJhoRS3rUtQ,1,0
20260903,UCiLmCoftZHWXSFuQlnEJSsQ,EvoV01i7fRw,104,4,7,CJkYd5B0NV0,1,0
20260903,UCiLmCoftZHWXSFuQlnEJSsQ,EvoV01i7fRw,102,4,7,CYENQkxzVcI,1,0
20260903,UCiLmCoftZHWXSFuQlnEJSsQ,EvoV01i7fRw,104,5,7,CYENQkxzVcI,1,2
20260903,UCiLmCoftZHWXSFuQlnEJSsQ,EvoV01i7fRw,101,2,7,Ck_7VRgp6Tk,2,0
20260903,UCiLmCoftZHWXSFuQlnEJSsQ,EvoV01i7fRw,104,5,7,CnStp_PuEsk,1,0
20260903,UCiLmCoftZHWXSFuQlnEJSsQ,EvoV01i7fRw,105,5,7,D0SfIi-0Zpo,1,0
20260903,UCiLmCoftZHWXSFuQlnEJSsQ,EvoV01i7fRw,104,4,7,DDcDtleiaGY,1,0
20260903,UCiLmCoftZHWXSFuQlnEJSsQ,EvoV01i7fRw,101,2,7,DGYREFhO_f0,1,0
20260903,UCiLmCoftZHWXSFuQlnEJSsQ,EvoV01i7fRw,102,4,7,DGYREFhO_f0,1,0
20260903,UCiLmCoftZHWXSFuQlnEJSsQ,EvoV01i7fRw,101,9,7,DKPsXPHLnkM,1,0
20260903,UCiLmCoftZHWXSFuQlnEJSsQ,EvoV01i7fRw,104,5,7,DdvR0LbYUjQ,2,0
20260903,UCiLmCoftZHWXSFuQlnEJSsQ,EvoV01i7fRw,105,5,7,DnbL57GJjVg,1,0
20260903,UCiLmCoftZHWXSFuQlnEJSsQ,EvoV01i7fRw,105,5,7,Dvcd_U65Q0U,1,0
20260903,UCiLmCoftZHWXSFuQlnEJSsQ,EvoV01i7fRw,104,5,7,EG6ii37AnhA,2,0
20260903,UCiLmCoftZHWXSFuQlnEJSsQ,EvoV01i7fRw,102,1,7,EPXPwI2fLqk,1,0
20260903,UCiLmCoftZHWXSFuQlnEJSsQ,EvoV01i7fRw,102,4,7,EPXPwI2fLqk,1,0
20260903,UCiLmCoftZHWXSFuQlnEJSsQ,EvoV01i7fRw,104,5,7,EPXPwI2fLqk,1,0
20260903,UCiLmCoftZHWXSFuQlnEJSsQ,EvoV01i7fRw,104,5,7,Em0uIKt_oYE,1,0
20260903,UCiLmCoftZHWXSFuQlnEJSsQ,EvoV01i7fRw,101,2,7,Ew5_5WQLxoA,2,0
20260903,UCiLmCoftZHWXSFuQlnEJSsQ,EvoV01i7fRw,104,4,7,Ew5_5WQLxoA,1,0
20260903,UCiLmCoftZHWXSFuQlnEJSsQ,EvoV01i7fRw,104,5,7,F6mCkDhJ8pw,1,0
20260903,UCiLmCoftZHWXSFuQlnEJSsQ,EvoV01i7fRw,104,4,7,FEktA0Nmnjs,1,0
20260903,UCiLmCoftZHWXSFuQlnEJSsQ,EvoV01i7fRw,104,4,7,FJqLx5iVcTw,1,0
20260903,UCiLmCoftZHWXSFuQlnEJSsQ,EvoV01i7fRw,104,4,7,FZMoWM9alkA,1,1
20260903,UCiLmCoftZHWXSFuQlnEJSsQ,EvoV01i7fRw,101,9,7,Fuojikxc-bM,2,0
20260903,UCiLmCoftZHWXSFuQlnEJSsQ,EvoV01i7fRw,104,4,7,Fuojikxc-bM,1,0
20260903,UCiLmCoftZHWXSFuQlnEJSsQ,EvoV01i7fRw,104,5,7,Fuojikxc-bM,3,0
20260903,UCiLmCoftZHWXSFuQlnEJSsQ,EvoV01i7fRw,104,5,7,FuqOEaZqnxs,1,0
20260903,UCiLmCoftZHWXSFuQlnEJSsQ,EvoV01i7fRw,104,4,7,G1pXCl0Inns,1,0
20260903,UCiLmCoftZHWXSFuQlnEJSsQ,EvoV01i7fRw,103,27,7,G2wAU1PjYQc,1,0
20260903,UCiLmCoftZHWXSFuQlnEJSsQ,EvoV01i7fRw,101,2,7,GA5XUV6LK2Y,3,0
20260903,UCiLmCoftZHWXSFuQlnEJSsQ,EvoV01i7fRw,104,4,7,GA5XUV6LK2Y,1,0
20260903,UCiLmCoftZHWXSFuQlnEJSsQ,EvoV01i7fRw,104,5,7,GA5XUV6LK2Y,7,0
20260903,UCiLmCoftZHWXSFuQlnEJSsQ,EvoV01i7fRw,101,9,7,GKI0YMlX9VY,2,0
20260903,UCiLmCoftZHWXSFuQlnEJSsQ,EvoV01i7fRw,104,5,7,GuKHBfyoGPs,1,0
20260903,UCiLmCoftZHWXSFuQlnEJSsQ,EvoV01i7fRw,104,5,7,H-YUdo_zbRg,1,0
20260903,UCiLmCoftZHWXSFuQlnEJSsQ,EvoV01i7fRw,101,9,7,HDwB3hPkf_0,1,1
20260903,UCiLmCoftZHWXSFuQlnEJSsQ,EvoV01i7fRw,104,5,7,HDwB3hPkf_0,2,0
20260903,UCiLmCoftZHWXSFuQlnEJSsQ,EvoV01i7fRw,104,4,7,HcXBSZ_S628,1,0
20260903,UCiLmCoftZHWXSFuQlnEJSsQ,EvoV01i7fRw,104,5,7,HpM2tvb83Bw,1,0
20260903,UCiLmCoftZHWXSFuQlnEJSsQ,EvoV01i7fRw,105,5,7,IErvPaEF4oc,1,0
20260903,UCiLmCoftZHWXSFuQlnEJSsQ,EvoV01i7fRw,104,4,7,IFxzaW3HXgQ,1,0
20260903,UCiLmCoftZHWXSFuQlnEJSsQ,EvoV01i7fRw,104,5,7,IFxzaW3HXgQ,1,0
20260903,UCiLmCoftZHWXSFuQlnEJSsQ,EvoV01i7fRw,102,31,7,IKBwWHwSRoU,1,0
20260903,UCiLmCoftZHWXSFuQlnEJSsQ,EvoV01i7fRw,104,5,7,IURAFrKSRnE,1,0
20260903,UCiLmCoftZHWXSFuQlnEJSsQ,EvoV01i7fRw,101,2,7,IWhnBeLMDv8,6,0
20260903,UCiLmCoftZHWXSFuQlnEJSsQ,EvoV01i7fRw,101,9,7,IWhnBeLMDv8,3,0
20260903,UCiLmCoftZHWXSFuQlnEJSsQ,EvoV01i7fRw,102,4,7,IWhnBeLMDv8,1,0
20260903,UCiLmCoftZHWXSFuQlnEJSsQ,EvoV01i7fRw,102,29,7,IWhnBeLMDv8,1,0
20260903,UCiLmCoftZHWXSFuQlnEJSsQ,EvoV01i7fRw,104,4,7,IWhnBeLMDv8,5,0
20260903,UCiLmCoftZHWXSFuQlnEJSsQ,EvoV01i7fRw,104,5,7,IWhnBeLMDv8,10,0
20260903,UCiLmCoftZHWXSFuQlnEJSsQ,EvoV01i7fRw,105,5,7,IWhnBeLMDv8,2,0
20260903,UCiLmCoftZHWXSFuQlnEJSsQ,EvoV01i7fRw,105,5,7,Ic2IcYXSScY,1,0
20260903,UCiLmCoftZHWXSFuQlnEJSsQ,EvoV01i7fRw,104,5,7,Iql3zpQVVho,1,0
20260903,UCiLmCoftZHWXSFuQlnEJSsQ,EvoV01i7fRw,101,2,7,IqtyheLcE5k,1,0
20260903,UCiLmCoftZHWXSFuQlnEJSsQ,EvoV01i7fRw,104,5,7,JOb8c5X-1MI,1,0
20260903,UCiLmCoftZHWXSFuQlnEJSsQ,EvoV01i7fRw,104,4,7,JSa-UWgWrFE,1,0
20260903,UCiLmCoftZHWXSFuQlnEJSsQ,EvoV01i7fRw,104,5,7,JSa-UWgWrFE,1,0
20260903,UCiLmCoftZHWXSFuQlnEJSsQ,EvoV01i7fRw,103,27,7,JXUlMVHqZYc,1,0
20260903,UCiLmCoftZHWXSFuQlnEJSsQ,EvoV01i7fRw,102,29,7,Ja3N5i-etfE,1,0
20260903,UCiLmCoftZHWXSFuQlnEJSsQ,EvoV01i7fRw,104,5,7,Josq-yiR3X0,2,0
20260903,UCiLmCoftZHWXSFuQlnEJSsQ,EvoV01i7fRw,104,5,7,JpzJIQ05mHM,1,0
20260903,UCiLmCoftZHWXSFuQlnEJSsQ,EvoV01i7fRw,101,2,7,KZ0_Q66AgLk,2,0
20260903,UCiLmCoftZHWXSFuQlnEJSsQ,EvoV01i7fRw,101,9,7,KZ0_Q66AgLk,2,0
20260903,UCiLmCoftZHWXSFuQlnEJSsQ,EvoV01i7fRw,104,5,7,KZ0_Q66AgLk,1,0
20260903,UCiLmCoftZHWXSFuQlnEJSsQ,EvoV01i7fRw,105,5,7,KZ0_Q66AgLk,1,0
20260903,UCiLmCoftZHWXSFuQlnEJSsQ,EvoV01i7fRw,101,2,7,KdQIHbYNugE,1,0
20260903,UCiLmCoftZHWXSFuQlnEJSsQ,EvoV01i7fRw,102,4,7,KdQIHbYNugE,1,0
20260903,UCiLmCoftZHWXSFuQlnEJSsQ,EvoV01i7fRw,104,5,7,KdQIHbYNugE,3,0
20260903,UCiLmCoftZHWXSFuQlnEJSsQ,EvoV01i7fRw,101,2,7,Kizav5VorT0,1,0
20260903,UCiLmCoftZHWXSFuQlnEJSsQ,EvoV01i7fRw,104,5,7,Kizav5VorT0,3,0
20260903,UCiLmCoftZHWXSFuQlnEJSsQ,EvoV01i7fRw,104,5,7,KnP-dA1aK40,1,0
20260903,UCiLmCoftZHWXSFuQlnEJSsQ,EvoV01i7fRw,104,5,7,L4kssBzapzQ,1,0
20260903,UCiLmCoftZHWXSFuQlnEJSsQ,EvoV01i7fRw,104,5,7,LApioyEkOLg,2,0
20260903,UCiLmCoftZHWXSFuQlnEJSsQ,EvoV01i7fRw,101,2,7,LIPhp8trwp0,1,0
20260903,UCiLmCoftZHWXSFuQlnEJSsQ,EvoV01i7fRw,104,4,7,LIPhp8trwp0,2,0
20260903,UCiLmCoftZHWXSFuQlnEJSsQ,EvoV01i7fRw,101,2,7,LKaHKdJs3gw,2,0
20260903,UCiLmCoftZHWXSFuQlnEJSsQ,EvoV01i7fRw,104,5,7,LZCU4xmHLoo,1,0
20260903,UCiLmCoftZHWXSFuQlnEJSsQ,EvoV01i7fRw,101,2,7,LtZHqZUmAgA,2,0
20260903,UCiLmCoftZHWXSFuQlnEJSsQ,EvoV01i7fRw,101,2,7,LzFLjBxtS1w,1,0
20260903,UCiLmCoftZHWXSFuQlnEJSsQ,EvoV01i7fRw,102,4,7,LzFLjBxtS1w,2,0
20260903,UCiLmCoftZHWXSFuQlnEJSsQ,EvoV01i7fRw,102,29,7,LzFLjBxtS1w,1,0
20260903,UCiLmCoftZHWXSFuQlnEJSsQ,EvoV01i7fRw,102,31,7,LzFLjBxtS1w,1,0
20260903,UCiLmCoftZHWXSFuQlnEJSsQ,EvoV01i7fRw,104,5,7,LzFLjBxtS1w,1,0
20260903,UCiLmCoftZHWXSFuQlnEJSsQ,EvoV01i7fRw,104,5,7,M5UggC8-VR8,1,0
20260903,UCiLmCoftZHWXSFuQlnEJSsQ,EvoV01i7fRw,104,5,7,MH-pxx4hX9w,1,0
20260903,UCiLmCoftZHWXSFuQlnEJSsQ,EvoV01i7fRw,101,30,7,MHelQ4BVl6o,1,0
20260903,UCiLmCoftZHWXSFuQlnEJSsQ,EvoV01i7fRw,101,2,7,MIKX0z0scHQ,1,0
20260903,UCiLmCoftZHWXSFuQlnEJSsQ,EvoV01i7fRw,104,5,7,Mlfs4JiZScQ,1,0
20260903,UCiLmCoftZHWXSFuQlnEJSsQ,EvoV01i7fRw,105,5,7,MunJ-ekGzUI,1,0
20260903,UCiLmCoftZHWXSFuQlnEJSsQ,EvoV01i7fRw,104,5,7,NQSk_ep2yu8,1,0
20260903,UCiLmCoftZHWXSFuQlnEJSsQ,EvoV01i7fRw,104,5,7,NQVrJv_znwI,1,0
20260903,UCiLmCoftZHWXSFuQlnEJSsQ,EvoV01i7fRw,104,4,7,NXTDas7YQY8,1,0
20260903,UCiLmCoftZHWXSFuQlnEJSsQ,EvoV01i7fRw,102,4,7,Nfywx8Ox3HA,1,0
20260903,UCiLmCoftZHWXSFuQlnEJSsQ,EvoV01i7fRw,101,30,7,Ngh9SH2ZkBE,1,0
20260903,UCiLmCoftZHWXSFuQlnEJSsQ,EvoV01i7fRw,104,4,7,O8yPnf6Ntxo,1,0
20260903,UCiLmCoftZHWXSFuQlnEJSsQ,EvoV01i7fRw,101,9,7,OK5kQ8zLtmg,1,0
20260903,UCiLmCoftZHWXSFuQlnEJSsQ,EvoV01i7fRw,101,2,7,OUp7DRZiUJw,1,0
20260903,UCiLmCoftZHWXSFuQlnEJSsQ,EvoV01i7fRw,102,31,7,Of6I0lFZ0OY,1,0
20260903,UCiLmCoftZHWXSFuQlnEJSsQ,EvoV01i7fRw,104,4,7,OhtxrbPqusg,1,0
20260903,UCiLmCoftZHWXSFuQlnEJSsQ,EvoV01i7fRw,101,2,7,OiyOgHF0dGc,1,0
20260903,UCiLmCoftZHWXSFuQlnEJSsQ,EvoV01i7fRw,102,4,7,OiyOgHF0dGc,1,0
20260903,UCiLmCoftZHWXSFuQlnEJSsQ,EvoV01i7fRw,102,31,7,OiyOgHF0dGc,1,0
20260903,UCiLmCoftZHWXSFuQlnEJSsQ,EvoV01i7fRw,104,5,7,OiyOgHF0dGc,1,0
20260903,UCiLmCoftZHWXSFuQlnEJSsQ,EvoV01i7fRw,104,5,7,Ol1o3dgPIbI,1,0
20260903,UCiLmCoftZHWXSFuQlnEJSsQ,EvoV01i7fRw,103,27,7,OnBb6zo3x6M,1,0
20260903,UCiLmCoftZHWXSFuQlnEJSsQ,EvoV01i7fRw,105,5,7,P47I_aNT-tU,1,0
20260903,UCiLmCoftZHWXSFuQlnEJSsQ,EvoV01i7fRw,104,5,7,PBQwERX7FvQ,1,0
20260903,UCiLmCoftZHWXSFuQlnEJSsQ,EvoV01i7fRw,101,2,7,PE8CVDk77-c,1,0
20260903,UCiLmCoftZHWXSFuQlnEJSsQ,EvoV01i7fRw,101,2,7,PHK6IUivfBo,1,0
20260903,UCiLmCoftZHWXSFuQlnEJSsQ,EvoV01i7fRw,102,4,7,PHK6IUivfBo,1,0
20260903,UCiLmCoftZHWXSFuQlnEJSsQ,EvoV01i7fRw,104,5,7,PHK6IUivfBo,2,0
20260903,UCiLmCoftZHWXSFuQlnEJSsQ,EvoV01i7fRw,104,4,7,PiikNxCE5_Q,1,0
20260903,UCiLmCoftZHWXSFuQlnEJSsQ,EvoV01i7fRw,105,5,7,PiikNxCE5_Q,1,0
20260903,UCiLmCoftZHWXSFuQlnEJSsQ,EvoV01i7fRw,101,2,7,PlYXXoMPWjs,1,0
20260903,UCiLmCoftZHWXSFuQlnEJSsQ,EvoV01i7fRw,102,4,7,PmD_nggctn4,1,0
20260903,UCiLmCoftZHWXSFuQlnEJSsQ,EvoV01i7fRw,104,4,7,PmD_nggctn4,1,0
20260903,UCiLmCoftZHWXSFuQlnEJSsQ,EvoV01i7fRw,101,2,7,Q1-yYjZqk7o,1,0
20260903,UCiLmCoftZHWXSFuQlnEJSsQ,EvoV01i7fRw,104,5,7,QBa7QESJTZY,2,0
20260903,UCiLmCoftZHWXSFuQlnEJSsQ,EvoV01i7fRw,104,4,7,QOCBReR3VJQ,1,0
20260903,UCiLmCoftZHWXSFuQlnEJSsQ,EvoV01i7fRw,104,4,7,QR3UgmPQcFc,1,0
20260903,UCiLmCoftZHWXSFuQlnEJSsQ,EvoV01i7fRw,104,5,7,QUHZjFcMZew,1,0
20260903,UCiLmCoftZHWXSFuQlnEJSsQ,EvoV01i7fRw,104,5,7,QX7MShl244k,1,0
20260903,UCiLmCoftZHWXSFuQlnEJSsQ,EvoV01i7fRw,104,5,7,QYlFbPnJ8Rw,1,0
20260903,UCiLmCoftZHWXSFuQlnEJSsQ,EvoV01i7fRw,101,2,7,QbZzKcwqBfM,1,0
20260903,UCiLmCoftZHWXSFuQlnEJSsQ,EvoV01i7fRw,101,9,7,QbZzKcwqBfM,2,0
20260903,UCiLmCoftZHWXSFuQlnEJSsQ,EvoV01i7fRw,102,29,7,QbZzKcwqBfM,1,0
20260903,UCiLmCoftZHWXSFuQlnEJSsQ,EvoV01i7fRw,104,5,7,QbZzKcwqBfM,2,0
20260903,UCiLmCoftZHWXSFuQlnEJSsQ,EvoV01i7fRw,104,5,7,Qm5m02UMGxU,1,0
20260903,UCiLmCoftZHWXSFuQlnEJSsQ,EvoV01i7fRw,101,2,7,QyhExt2Q8p8,1,0
20260903,UCiLmCoftZHWXSFuQlnEJSsQ,EvoV01i7fRw,101,9,7,QyhExt2Q8p8,2,0
20260903,UCiLmCoftZHWXSFuQlnEJSsQ,EvoV01i7fRw,101,2,7,RUEnyZLCtW4,7,0
20260903,UCiLmCoftZHWXSFuQlnEJSsQ,EvoV01i7fRw,102,1,7,RUEnyZLCtW4,1,0
20260903,UCiLmCoftZHWXSFuQlnEJSsQ,EvoV01i7fRw,102,26,7,RUEnyZLCtW4,6,0
20260903,UCiLmCoftZHWXSFuQlnEJSsQ,EvoV01i7fRw,102,29,7,RUEnyZLCtW4,2,0
20260903,UCiLmCoftZHWXSFuQlnEJSsQ,EvoV01i7fRw,104,4,7,RUEnyZLCtW4,3,0
20260903,UCiLmCoftZHWXSFuQlnEJSsQ,EvoV01i7fRw,104,5,7,RUEnyZLCtW4,16,0.0625
20260903,UCiLmCoftZHWXSFuQlnEJSsQ,EvoV01i7fRw,105,5,7,RUEnyZLCtW4,1,0
20260903,UCiLmCoftZHWXSFuQlnEJSsQ,EvoV01i7fRw,104,5,7,RVNH1TNTuoo,2,0
20260903,UCiLmCoftZHWXSFuQlnEJSsQ,EvoV01i7fRw,102,4,7,RjHjQlEjs_E,1,0
20260903,UCiLmCoftZHWXSFuQlnEJSsQ,EvoV01i7fRw,104,5,7,RjHjQlEjs_E,1,0
20260903,UCiLmCoftZHWXSFuQlnEJSsQ,EvoV01i7fRw,105,5,7,RjHjQlEjs_E,1,0
20260903,UCiLmCoftZHWXSFuQlnEJSsQ,EvoV01i7fRw,104,5,7,RjnySpKbPQM,1,0
20260903,UCiLmCoftZHWXSFuQlnEJSsQ,EvoV01i7fRw,104,5,7,Ry9UCc9H3nw,2,0
20260903,UCiLmCoftZHWXSFuQlnEJSsQ,EvoV01i7fRw,101,2,7,S-TClIF09u0,2,0
20260903,UCiLmCoftZHWXSFuQlnEJSsQ,EvoV01i7fRw,104,4,7,S-TClIF09u0,1,1
20260903,UCiLmCoftZHWXSFuQlnEJSsQ,EvoV01i7fRw,104,5,7,S-TClIF09u0,3,0
20260903,UCiLmCoftZHWXSFuQlnEJSsQ,EvoV01i7fRw,105,5,7,S2xdTiW0sgQ,1,0
20260903,UCiLmCoftZHWXSFuQlnEJSsQ,EvoV01i7fRw,102,4,7,S4tXGHeKBHs,1,0
20260903,UCiLmCoftZHWXSFuQlnEJSsQ,EvoV01i7fRw,104,5,7,S4tXGHeKBHs,1,0
20260903,UCiLmCoftZHWXSFuQlnEJSsQ,EvoV01i7fRw,104,5,7,Sm82woZ-TLE,1,0
20260903,UCiLmCoftZHWXSFuQlnEJSsQ,EvoV01i7fRw,101,2,7,TCYJnm0oIfY,4,0.25
20260903,UCiLmCoftZHWXSFuQlnEJSsQ,EvoV01i7fRw,101,9,7,TCYJnm0oIfY,3,0
20260903,UCiLmCoftZHWXSFuQlnEJSsQ,EvoV01i7fRw,104,4,7,TCYJnm0oIfY,1,0
20260903,UCiLmCoftZHWXSFuQlnEJSsQ,EvoV01i7fRw,104,5,7,TCYJnm0oIfY,5,0
20260903,UCiLmCoftZHWXSFuQlnEJSsQ,EvoV01i7fRw,105,5,7,TCYJnm0oIfY,2,0
20260903,UCiLmCoftZHWXSFuQlnEJSsQ,EvoV01i7fRw,102,31,7,TKwquEKR6zU,1,0
20260903,UCiLmCoftZHWXSFuQlnEJSsQ,EvoV01i7fRw,104,5,7,TKwquEKR6zU,2,0
20260903,UCiLmCoftZHWXSFuQlnEJSsQ,EvoV01i7fRw,101,2,7,UGPuLEf8PnU,2,0
20260903,UCiLmCoftZHWXSFuQlnEJSsQ,EvoV01i7fRw,104,5,7,UGhNaGsz1Sw,2,0
20260903,UCiLmCoftZHWXSFuQlnEJSsQ,EvoV01i7fRw,104,5,7,UQ8-9SKYApo,1,0
20260903,UCiLmCoftZHWXSFuQlnEJSsQ,EvoV01i7fRw,104,4,7,Uf1Fuf_HQdE,1,0
20260903,UCiLmCoftZHWXSFuQlnEJSsQ,EvoV01i7fRw,104,5,7,UoyQixYs4hA,2,0
20260903,UCiLmCoftZHWXSFuQlnEJSsQ,EvoV01i7fRw,101,30,7,UwBvDDbSvk8,1,0
20260903,UCiLmCoftZHWXSFuQlnEJSsQ,EvoV01i7fRw,104,5,7,V0HJ8Fc5HRI,1,0
20260903,UCiLmCoftZHWXSFuQlnEJSsQ,EvoV01i7fRw,101,2,7,V6em-gcJupE,2,0
20260903,UCiLmCoftZHWXSFuQlnEJSsQ,EvoV01i7fRw,102,31,7,V6em-gcJupE,1,0
20260903,UCiLmCoftZHWXSFuQlnEJSsQ,EvoV01i7fRw,104,4,7,V6em-gcJupE,2,0.5
20260903,UCiLmCoftZHWXSFuQlnEJSsQ,EvoV01i7fRw,104,5,7,V6em-gcJupE,1,0
20260903,UCiLmCoftZHWXSFuQlnEJSsQ,EvoV01i7fRw,104,5,7,V81fRKV4D2g,2,0
20260903,UCiLmCoftZHWXSFuQlnEJSsQ,EvoV01i7fRw,104,4,7,V96X4IR1rR4,2,0
20260903,UCiLmCoftZHWXSFuQlnEJSsQ,EvoV01i7fRw,102,4,7,VMl9mZ8sJWA,1,0
20260903,UCiLmCoftZHWXSFuQlnEJSsQ,EvoV01i7fRw,104,5,7,VMl9mZ8sJWA,1,1
20260903,UCiLmCoftZHWXSFuQlnEJSsQ,EvoV01i7fRw,104,5,7,VW1jSGRJEeg,1,0
20260903,UCiLmCoftZHWXSFuQlnEJSsQ,EvoV01i7fRw,104,5,7,Vgwuc0C9UoQ,4,0
20260903,UCiLmCoftZHWXSFuQlnEJSsQ,EvoV01i7fRw,101,2,7,VhJCqPSXvc4,1,0
20260903,UCiLmCoftZHWXSFuQlnEJSsQ,EvoV01i7fRw,104,5,7,Vhn6TEkp3Hk,1,0
20260903,UCiLmCoftZHWXSFuQlnEJSsQ,EvoV01i7fRw,102,29,7,Vyyzv0rtn-g,1,0
20260903,UCiLmCoftZHWXSFuQlnEJSsQ,EvoV01i7fRw,104,5,7,Vyyzv0rtn-g,1,0
20260903,UCiLmCoftZHWXSFuQlnEJSsQ,EvoV01i7fRw,104,5,7,WAM7S63zmvQ,1,0
20260903,UCiLmCoftZHWXSFuQlnEJSsQ,EvoV01i7fRw,102,1,7,WGdBdDHeJQI,1,0
20260903,UCiLmCoftZHWXSFuQlnEJSsQ,EvoV01i7fRw,104,5,7,WJWA95R0gUo,1,0
20260903,UCiLmCoftZHWXSFuQlnEJSsQ,EvoV01i7fRw,101,2,7,WOYng9x-FAI,1,0
20260903,UCiLmCoftZHWXSFuQlnEJSsQ,EvoV01i7fRw,104,5,7,WOYng9x-FAI,1,0
20260903,UCiLmCoftZHWXSFuQlnEJSsQ,EvoV01i7fRw,101,2,7,WTAI8m_sZGM,1,0
20260903,UCiLmCoftZHWXSFuQlnEJSsQ,EvoV01i7fRw,101,2,7,WWNBqIVCb0g,1,0
20260903,UCiLmCoftZHWXSFuQlnEJSsQ,EvoV01i7fRw,104,5,7,W_ll5_m4Q8c,1,0
20260903,UCiLmCoftZHWXSFuQlnEJSsQ,EvoV01i7fRw,104,5,7,WlhY2wpknuc,1,0
20260903,UCiLmCoftZHWXSFuQlnEJSsQ,EvoV01i7fRw,101,2,7,Wp5ZRMDRo54,1,0
20260903,UCiLmCoftZHWXSFuQlnEJSsQ,EvoV01i7fRw,104,4,7,Wp5ZRMDRo54,1,0
20260903,UCiLmCoftZHWXSFuQlnEJSsQ,EvoV01i7fRw,104,5,7,Wp5ZRMDRo54,1,0
20260903,UCiLmCoftZHWXSFuQlnEJSsQ,EvoV01i7fRw,101,2,7,WyTZdRG0xVw,1,0
20260903,UCiLmCoftZHWXSFuQlnEJSsQ,EvoV01i7fRw,101,2,7,X7VqQnky0E8,1,0
20260903,UCiLmCoftZHWXSFuQlnEJSsQ,EvoV01i7fRw,101,2,7,X82Fc4My2f4,1,0
20260903,UCiLmCoftZHWXSFuQlnEJSsQ,EvoV01i7fRw,104,4,7,XDf9zIq4fKg,1,0
20260903,UCiLmCoftZHWXSFuQlnEJSsQ,EvoV01i7fRw,101,2,7,XOANihRR2UE,1,0
20260903,UCiLmCoftZHWXSFuQlnEJSsQ,EvoV01i7fRw,101,9,7,XRivwF9-mOw,1,0
20260903,UCiLmCoftZHWXSFuQlnEJSsQ,EvoV01i7fRw,104,4,7,XS60uqv1xwk,3,0.33333333333333331
20260903,UCiLmCoftZHWXSFuQlnEJSsQ,EvoV01i7fRw,104,5,7,XS60uqv1xwk,1,0
20260903,UCiLmCoftZHWXSFuQlnEJSsQ,EvoV01i7fRw,102,1,7,XSi6bvlsBMg,1,0
20260903,UCiLmCoftZHWXSFuQlnEJSsQ,EvoV01i7fRw,101,2,7,Xg9oOS1G4Ew,6,0
20260903,UCiLmCoftZHWXSFuQlnEJSsQ,EvoV01i7fRw,104,4,7,Xg9oOS1G4Ew,1,0
20260903,UCiLmCoftZHWXSFuQlnEJSsQ,EvoV01i7fRw,104,5,7,Xg9oOS1G4Ew,5,0
20260903,UCiLmCoftZHWXSFuQlnEJSsQ,EvoV01i7fRw,104,4,7,XgPrygykWv0,1,0
20260903,UCiLmCoftZHWXSFuQlnEJSsQ,EvoV01i7fRw,104,5,7,XgPrygykWv0,1,0
20260903,UCiLmCoftZHWXSFuQlnEJSsQ,EvoV01i7fRw,104,5,7,Xj61s6WJaMY,1,0
20260903,UCiLmCoftZHWXSFuQlnEJSsQ,EvoV01i7fRw,104,5,7,XqSCcDAO18Y,1,0
20260903,UCiLmCoftZHWXSFuQlnEJSsQ,EvoV01i7fRw,104,5,7,XwVo9ZHZQx8,2,0
20260903,UCiLmCoftZHWXSFuQlnEJSsQ,EvoV01i7fRw,101,2,7,Y0JB7rny-iQ,2,0
20260903,UCiLmCoftZHWXSFuQlnEJSsQ,EvoV01i7fRw,104,4,7,Y0JB7rny-iQ,1,0
20260903,UCiLmCoftZHWXSFuQlnEJSsQ,EvoV01i7fRw,104,5,7,YBSHMuLWBKM,1,0
20260903,UCiLmCoftZHWXSFuQlnEJSsQ,EvoV01i7fRw,104,5,7,YCbV-2dCyiM,2,0
20260903,UCiLmCoftZHWXSFuQlnEJSsQ,EvoV01i7fRw,101,9,7,YFu877gqF94,1,0
20260903,UCiLmCoftZHWXSFuQlnEJSsQ,EvoV01i7fRw,104,5,7,YYldccQr9Xs,2,0
20260903,UCiLmCoftZHWXSFuQlnEJSsQ,EvoV01i7fRw,101,9,7,YegXyhzetVU,1,0
20260903,UCiLmCoftZHWXSFuQlnEJSsQ,EvoV01i7fRw,105,5,7,YjUibPCheEk,1,0
20260903,UCiLmCoftZHWXSFuQlnEJSsQ,EvoV01i7fRw,104,5,7,YlSykJMWJe4,2,0
20260903,UCiLmCoftZHWXSFuQlnEJSsQ,EvoV01i7fRw,104,5,7,Z4Q6kZXoQZc,2,0
20260903,UCiLmCoftZHWXSFuQlnEJSsQ,EvoV01i7fRw,104,4,7,ZJMi3m8spJA,1,0
20260903,UCiLmCoftZHWXSFuQlnEJSsQ,EvoV01i7fRw,101,2,7,ZLrvEnlm4Eo,1,0
20260903,UCiLmCoftZHWXSFuQlnEJSsQ,EvoV01i7fRw,103,10,7,ZOPX1yOLwaU,1,0
20260903,UCiLmCoftZHWXSFuQlnEJSsQ,EvoV01i7fRw,101,2,7,ZXxifY3eTgc,6,0
20260903,UCiLmCoftZHWXSFuQlnEJSsQ,EvoV01i7fRw,101,9,7,ZXxifY3eTgc,1,0
20260903,UCiLmCoftZHWXSFuQlnEJSsQ,EvoV01i7fRw,102,4,7,ZXxifY3eTgc,1,0
20260903,UCiLmCoftZHWXSFuQlnEJSsQ,EvoV01i7fRw,102,29,7,ZXxifY3eTgc,1,0
20260903,UCiLmCoftZHWXSFuQlnEJSsQ,EvoV01i7fRw,104,4,7,ZXxifY3eTgc,1,0
20260903,UCiLmCoftZHWXSFuQlnEJSsQ,EvoV01i7fRw,104,5,7,ZXxifY3eTgc,2,0
20260903,UCiLmCoftZHWXSFuQlnEJSsQ,EvoV01i7fRw,105,5,7,ZXxifY3eTgc,1,0
20260903,UCiLmCoftZHWXSFuQlnEJSsQ,EvoV01i7fRw,101,9,7,ZccaLklluho,1,0
20260903,UCiLmCoftZHWXSFuQlnEJSsQ,EvoV01i7fRw,104,4,7,ZvnJTKAPmX4,1,0
20260903,UCiLmCoftZHWXSFuQlnEJSsQ,EvoV01i7fRw,104,5,7,ZvnJTKAPmX4,3,0.33333333333333331
20260903,UCiLmCoftZHWXSFuQlnEJSsQ,EvoV01i7fRw,102,4,7,Zx4r20brkQM,1,0
20260903,UCiLmCoftZHWXSFuQlnEJSsQ,EvoV01i7fRw,101,2,7,ZzK35XcvVJU,5,0
20260903,UCiLmCoftZHWXSFuQlnEJSsQ,EvoV01i7fRw,101,9,7,ZzK35XcvVJU,2,0
20260903,UCiLmCoftZHWXSFuQlnEJSsQ,EvoV01i7fRw,102,4,7,ZzK35XcvVJU,1,0
20260903,UCiLmCoftZHWXSFuQlnEJSsQ,EvoV01i7fRw,102,29,7,ZzK35XcvVJU,1,0
20260903,UCiLmCoftZHWXSFuQlnEJSsQ,EvoV01i7fRw,104,4,7,ZzK35XcvVJU,6,0
20260903,UCiLmCoftZHWXSFuQlnEJSsQ,EvoV01i7fRw,104,5,7,ZzK35XcvVJU,14,0
20260903,UCiLmCoftZHWXSFuQlnEJSsQ,EvoV01i7fRw,104,5,7,_4BLiOP1aaY,1,1
20260903,UCiLmCoftZHWXSFuQlnEJSsQ,EvoV01i7fRw,105,5,7,_Bm66BRnM1A,1,0
20260903,UCiLmCoftZHWXSFuQlnEJSsQ,EvoV01i7fRw,105,5,7,_GcKWUJa6_I,1,0
20260903,UCiLmCoftZHWXSFuQlnEJSsQ,EvoV01i7fRw,104,5,7,_l7l5BH4h_s,2,0
20260903,UCiLmCoftZHWXSFuQlnEJSsQ,EvoV01i7fRw,105,5,7,_l8cHIml_x0,1,0
20260903,UCiLmCoftZHWXSFuQlnEJSsQ,EvoV01i7fRw,102,29,7,_pe9CWCBAho,1,0
20260903,UCiLmCoftZHWXSFuQlnEJSsQ,EvoV01i7fRw,101,2,7,_y1QhbchLdY,1,0
20260903,UCiLmCoftZHWXSFuQlnEJSsQ,EvoV01i7fRw,104,5,7,a1W4IUIiuYY,1,0
20260903,UCiLmCoftZHWXSFuQlnEJSsQ,EvoV01i7fRw,104,5,7,a9U4uap71ME,1,1
20260903,UCiLmCoftZHWXSFuQlnEJSsQ,EvoV01i7fRw,104,4,7,aVROqXgztWw,1,0
20260903,UCiLmCoftZHWXSFuQlnEJSsQ,EvoV01i7fRw,104,5,7,anWKStyqfv8,1,0
20260903,UCiLmCoftZHWXSFuQlnEJSsQ,EvoV01i7fRw,105,5,7,anWKStyqfv8,1,0
20260903,UCiLmCoftZHWXSFuQlnEJSsQ,EvoV01i7fRw,101,9,7,apKxv-t44ek,1,0
20260903,UCiLmCoftZHWXSFuQlnEJSsQ,EvoV01i7fRw,104,5,7,bAhuI2jRbBI,1,1
20260903,UCiLmCoftZHWXSFuQlnEJSsQ,EvoV01i7fRw,104,5,7,bQQDNvzxNFY,1,0
20260903,UCiLmCoftZHWXSFuQlnEJSsQ,EvoV01i7fRw,104,5,7,bZ5NyEyvmjM,1,0
20260903,UCiLmCoftZHWXSFuQlnEJSsQ,EvoV01i7fRw,101,2,7,bZmBnQ9sYVE,1,0
20260903,UCiLmCoftZHWXSFuQlnEJSsQ,EvoV01i7fRw,104,4,7,bZmBnQ9sYVE,1,0
20260903,UCiLmCoftZHWXSFuQlnEJSsQ,EvoV01i7fRw,104,5,7,baRS4csVPcI,4,0
20260903,UCiLmCoftZHWXSFuQlnEJSsQ,EvoV01i7fRw,104,4,7,bjkcQdFDVew,1,0
20260903,UCiLmCoftZHWXSFuQlnEJSsQ,EvoV01i7fRw,105,5,7,c0Dof3RA0ac,1,0
20260903,UCiLmCoftZHWXSFuQlnEJSsQ,EvoV01i7fRw,101,2,7,cBtqEehEKuQ,4,0
20260903,UCiLmCoftZHWXSFuQlnEJSsQ,EvoV01i7fRw,101,9,7,cBtqEehEKuQ,2,0
20260903,UCiLmCoftZHWXSFuQlnEJSsQ,EvoV01i7fRw,105,5,7,cBtqEehEKuQ,3,0
20260903,UCiLmCoftZHWXSFuQlnEJSsQ,EvoV01i7fRw,101,2,7,cCjpS3dzIlQ,1,1
20260903,UCiLmCoftZHWXSFuQlnEJSsQ,EvoV01i7fRw,104,5,7,cfwFRk7_zHM,1,0
20260903,UCiLmCoftZHWXSFuQlnEJSsQ,EvoV01i7fRw,102,1,7,ck0Knx13vk8,1,0
20260903,UCiLmCoftZHWXSFuQlnEJSsQ,EvoV01i7fRw,101,2,7,cxg8nL7wls0,1,0
20260903,UCiLmCoftZHWXSFuQlnEJSsQ,EvoV01i7fRw,101,9,7,cyRZGtNx_a4,1,0
20260903,UCiLmCoftZHWXSFuQlnEJSsQ,EvoV01i7fRw,105,5,7,d7y0helRGnw,1,0
20260903,UCiLmCoftZHWXSFuQlnEJSsQ,EvoV01i7fRw,101,2,7,dKHB110eGp8,1,0
20260903,UCiLmCoftZHWXSFuQlnEJSsQ,EvoV01i7fRw,104,5,7,dRG7R_eWJ6Q,1,0
20260903,UCiLmCoftZHWXSFuQlnEJSsQ,EvoV01i7fRw,104,5,7,dWFYMc8M9q4,1,0
20260903,UCiLmCoftZHWXSFuQlnEJSsQ,EvoV01i7fRw,102,29,7,dWSc8A0Zhgk,1,0
20260903,UCiLmCoftZHWXSFuQlnEJSsQ,EvoV01i7fRw,101,2,7,d_0JqyWNpO0,1,0
20260903,UCiLmCoftZHWXSFuQlnEJSsQ,EvoV01i7fRw,101,2,7,dbP-BO0hLwc,1,0
20260903,UCiLmCoftZHWXSFuQlnEJSsQ,EvoV01i7fRw,101,2,7,dhys8ycR5Iw,1,0
20260903,UCiLmCoftZHWXSFuQlnEJSsQ,EvoV01i7fRw,102,29,7,dhys8ycR5Iw,1,0
20260903,UCiLmCoftZHWXSFuQlnEJSsQ,EvoV01i7fRw,104,5,7,dhys8ycR5Iw,3,0
20260903,UCiLmCoftZHWXSFuQlnEJSsQ,EvoV01i7fRw,102,29,7,dpM87nJrJEY,1,0
20260903,UCiLmCoftZHWXSFuQlnEJSsQ,EvoV01i7fRw,101,2,7,eCQhYgOQ3VY,2,0
20260903,UCiLmCoftZHWXSFuQlnEJSsQ,EvoV01i7fRw,104,5,7,eFo3V8O3vyM,1,0
20260903,UCiLmCoftZHWXSFuQlnEJSsQ,EvoV01i7fRw,104,5,7,eHOXSUZoW8s,1,0
20260903,UCiLmCoftZHWXSFuQlnEJSsQ,EvoV01i7fRw,101,2,7,eHPF_qGgq9Y,1,0
20260903,UCiLmCoftZHWXSFuQlnEJSsQ,EvoV01i7fRw,104,5,7,eJHixwoTByY,1,0
20260903,UCiLmCoftZHWXSFuQlnEJSsQ,EvoV01i7fRw,104,5,7,eS2XW__Xwy8,1,0
20260903,UCiLmCoftZHWXSFuQlnEJSsQ,EvoV01i7fRw,104,5,7,f166bvYo4CQ,1,0
20260903,UCiLmCoftZHWXSFuQlnEJSsQ,EvoV01i7fRw,105,5,7,fp3F6TqBsAU,1,0
20260903,UCiLmCoftZHWXSFuQlnEJSsQ,EvoV01i7fRw,104,4,7,fsDVet1w-Jc,1,0
20260903,UCiLmCoftZHWXSFuQlnEJSsQ,EvoV01i7fRw,101,2,7,g1GPX8SlOmU,1,0
20260903,UCiLmCoftZHWXSFuQlnEJSsQ,EvoV01i7fRw,101,2,7,g3N6AQxFQY0,3,0
20260903,UCiLmCoftZHWXSFuQlnEJSsQ,EvoV01i7fRw,102,29,7,g3N6AQxFQY0,1,0
20260903,UCiLmCoftZHWXSFuQlnEJSsQ,EvoV01i7fRw,104,4,7,g3N6AQxFQY0,1,0
20260903,UCiLmCoftZHWXSFuQlnEJSsQ,EvoV01i7fRw,104,4,7,gH9wGHoEi9A,1,0
20260903,UCiLmCoftZHWXSFuQlnEJSsQ,EvoV01i7fRw,105,5,7,gM6-rw_m0pY,1,0
20260903,UCiLmCoftZHWXSFuQlnEJSsQ,EvoV01i7fRw,104,5,7,gQ81Vl0OBlQ,2,0
20260903,UCiLmCoftZHWXSFuQlnEJSsQ,EvoV01i7fRw,104,5,7,gQpMiooyBWM,1,0
20260903,UCiLmCoftZHWXSFuQlnEJSsQ,EvoV01i7fRw,102,29,7,gS5sfnSuS6g,1,0
20260903,UCiLmCoftZHWXSFuQlnEJSsQ,EvoV01i7fRw,104,4,7,gS5sfnSuS6g,1,0
20260903,UCiLmCoftZHWXSFuQlnEJSsQ,EvoV01i7fRw,104,4,7,gXPTUUR0dDc,1,0
20260903,UCiLmCoftZHWXSFuQlnEJSsQ,EvoV01i7fRw,101,2,7,gYmPGvL9-Yg,1,0
20260903,UCiLmCoftZHWXSFuQlnEJSsQ,EvoV01i7fRw,101,2,7,gnwRaIQojtY,1,0
20260903,UCiLmCoftZHWXSFuQlnEJSsQ,EvoV01i7fRw,104,5,7,gnwRaIQojtY,1,1
20260903,UCiLmCoftZHWXSFuQlnEJSsQ,EvoV01i7fRw,101,2,7,gnx_ozmbVJI,1,0
20260903,UCiLmCoftZHWXSFuQlnEJSsQ,EvoV01i7fRw,101,2,7,go4xeFoYcxU,1,0
20260903,UCiLmCoftZHWXSFuQlnEJSsQ,EvoV01i7fRw,104,5,7,hDQS4AgTc6c,1,0
20260903,UCiLmCoftZHWXSFuQlnEJSsQ,EvoV01i7fRw,101,9,7,hKHqzCderpQ,1,0
20260903,UCiLmCoftZHWXSFuQlnEJSsQ,EvoV01i7fRw,104,5,7,hKHqzCderpQ,1,0
20260903,UCiLmCoftZHWXSFuQlnEJSsQ,EvoV01i7fRw,101,9,7,hPyG2siOsBo,1,0
20260903,UCiLmCoftZHWXSFuQlnEJSsQ,EvoV01i7fRw,101,2,7,hXUVfane2uM,1,0
20260903,UCiLmCoftZHWXSFuQlnEJSsQ,EvoV01i7fRw,101,30,7,hXUVfane2uM,2,0
20260903,UCiLmCoftZHWXSFuQlnEJSsQ,EvoV01i7fRw,104,5,7,i024yWd9oiI,1,0
20260903,UCiLmCoftZHWXSFuQlnEJSsQ,EvoV01i7fRw,101,2,7,iEuDQmJmq1w,1,0
20260903,UCiLmCoftZHWXSFuQlnEJSsQ,EvoV01i7fRw,104,5,7,iEuDQmJmq1w,1,0
20260903,UCiLmCoftZHWXSFuQlnEJSsQ,EvoV01i7fRw,105,5,7,iEuDQmJmq1w,3,0.33333333333333331
20260903,UCiLmCoftZHWXSFuQlnEJSsQ,EvoV01i7fRw,101,2,7,iIcpiUg_7NQ,2,0
20260903,UCiLmCoftZHWXSFuQlnEJSsQ,EvoV01i7fRw,102,4,7,iIcpiUg_7NQ,1,0
20260903,UCiLmCoftZHWXSFuQlnEJSsQ,EvoV01i7fRw,104,4,7,iIcpiUg_7NQ,1,0
20260903,UCiLmCoftZHWXSFuQlnEJSsQ,EvoV01i7fRw,104,5,7,iIcpiUg_7NQ,2,0
20260903,UCiLmCoftZHWXSFuQlnEJSsQ,EvoV01i7fRw,101,2,7,iLXAvQ7MG0c,4,0
20260903,UCiLmCoftZHWXSFuQlnEJSsQ,EvoV01i7fRw,101,9,7,iLXAvQ7MG0c,1,0
20260903,UCiLmCoftZHWXSFuQlnEJSsQ,EvoV01i7fRw,102,4,7,iLXAvQ7MG0c,3,0.33333333333333331
20260903,UCiLmCoftZHWXSFuQlnEJSsQ,EvoV01i7fRw,103,10,7,iLXAvQ7MG0c,1,0
20260903,UCiLmCoftZHWXSFuQlnEJSsQ,EvoV01i7fRw,104,4,7,iLXAvQ7MG0c,4,0
20260903,UCiLmCoftZHWXSFuQlnEJSsQ,EvoV01i7fRw,104,5,7,iLXAvQ7MG0c,3,0
20260903,UCiLmCoftZHWXSFuQlnEJSsQ,EvoV01i7fRw,104,5,7,iOEjTVjPzyg,1,0
20260903,UCiLmCoftZHWXSFuQlnEJSsQ,EvoV01i7fRw,101,9,7,iSguHKTrPyc,1,0
20260903,UCiLmCoftZHWXSFuQlnEJSsQ,EvoV01i7fRw,104,4,7,iSguHKTrPyc,1,0
20260903,UCiLmCoftZHWXSFuQlnEJSsQ,EvoV01i7fRw,101,2,7,iVCdLBng8iQ,2,0
20260903,UCiLmCoftZHWXSFuQlnEJSsQ,EvoV01i7fRw,104,5,7,iVCdLBng8iQ,1,0
20260903,UCiLmCoftZHWXSFuQlnEJSsQ,EvoV01i7fRw,104,5,7,i_6whaWHAxA,2,0
20260903,UCiLmCoftZHWXSFuQlnEJSsQ,EvoV01i7fRw,105,5,7,ibNdGb2VvME,1,0
20260903,UCiLmCoftZHWXSFuQlnEJSsQ,EvoV01i7fRw,101,2,7,ibWpa8Aj1Ic,1,0
20260903,UCiLmCoftZHWXSFuQlnEJSsQ,EvoV01i7fRw,101,2,7,iePfVTouFR4,1,0
20260903,UCiLmCoftZHWXSFuQlnEJSsQ,EvoV01i7fRw,104,5,7,ijXtMXCT41I,1,0
20260903,UCiLmCoftZHWXSFuQlnEJSsQ,EvoV01i7fRw,101,9,7,ikFaEAlO5N0,1,0
20260903,UCiLmCoftZHWXSFuQlnEJSsQ,EvoV01i7fRw,104,4,7,ikFaEAlO5N0,1,0
20260903,UCiLmCoftZHWXSFuQlnEJSsQ,EvoV01i7fRw,104,5,7,ikFaEAlO5N0,1,0
20260903,UCiLmCoftZHWXSFuQlnEJSsQ,EvoV01i7fRw,105,5,7,ikFaEAlO5N0,1,0
20260903,UCiLmCoftZHWXSFuQlnEJSsQ,EvoV01i7fRw,101,2,7,ipJKn75OWlk,1,0
20260903,UCiLmCoftZHWXSFuQlnEJSsQ,EvoV01i7fRw,104,4,7,iu0KwR_xh5o,1,0
20260903,UCiLmCoftZHWXSFuQlnEJSsQ,EvoV01i7fRw,103,27,7,ixDydpHFuCc,1,0
20260903,UCiLmCoftZHWXSFuQlnEJSsQ,EvoV01i7fRw,104,5,7,j1lWzGzXSkk,1,0
20260903,UCiLmCoftZHWXSFuQlnEJSsQ,EvoV01i7fRw,102,29,7,jKoC2pfDMZo,1,0
20260903,UCiLmCoftZHWXSFuQlnEJSsQ,EvoV01i7fRw,104,4,7,jVNrOcCOQlc,2,0.5
20260903,UCiLmCoftZHWXSFuQlnEJSsQ,EvoV01i7fRw,104,5,7,jVW3eToYz04,2,0
20260903,UCiLmCoftZHWXSFuQlnEJSsQ,EvoV01i7fRw,104,4,7,jW9oVR3XkBg,1,0
20260903,UCiLmCoftZHWXSFuQlnEJSsQ,EvoV01i7fRw,104,5,7,jlL08RPN5-o,1,0
20260903,UCiLmCoftZHWXSFuQlnEJSsQ,EvoV01i7fRw,101,2,7,juSzEYsPv5g,1,0
20260903,UCiLmCoftZHWXSFuQlnEJSsQ,EvoV01i7fRw,102,4,7,jwvdvv_rr2k,1,0
20260903,UCiLmCoftZHWXSFuQlnEJSsQ,EvoV01i7fRw,104,4,7,jwvdvv_rr2k,1,0
20260903,UCiLmCoftZHWXSFuQlnEJSsQ,EvoV01i7fRw,104,4,7,k7iq1y1bMqc,1,0
20260903,UCiLmCoftZHWXSFuQlnEJSsQ,EvoV01i7fRw,101,9,7,kDgadIAsQf4,2,0
20260903,UCiLmCoftZHWXSFuQlnEJSsQ,EvoV01i7fRw,104,5,7,kDgadIAsQf4,5,0
20260903,UCiLmCoftZHWXSFuQlnEJSsQ,EvoV01i7fRw,101,2,7,kIm4dcF6XDY,48,0.041666666666666664
20260903,UCiLmCoftZHWXSFuQlnEJSsQ,EvoV01i7fRw,101,9,7,kIm4dcF6XDY,7,0
20260903,UCiLmCoftZHWXSFuQlnEJSsQ,EvoV01i7fRw,102,1,7,kIm4dcF6XDY,1,1
20260903,UCiLmCoftZHWXSFuQlnEJSsQ,EvoV01i7fRw,102,4,7,kIm4dcF6XDY,3,0
20260903,UCiLmCoftZHWXSFuQlnEJSsQ,EvoV01i7fRw,102,12,7,kIm4dcF6XDY,1,0
20260903,UCiLmCoftZHWXSFuQlnEJSsQ,EvoV01i7fRw,102,31,7,kIm4dcF6XDY,1,0
20260903,UCiLmCoftZHWXSFuQlnEJSsQ,EvoV01i7fRw,103,10,7,kIm4dcF6XDY,1,0
20260903,UCiLmCoftZHWXSFuQlnEJSsQ,EvoV01i7fRw,104,4,7,kIm4dcF6XDY,18,0.055555555555555552
20260903,UCiLmCoftZHWXSFuQlnEJSsQ,EvoV01i7fRw,104,5,7,kIm4dcF6XDY,52,0
20260903,UCiLmCoftZHWXSFuQlnEJSsQ,EvoV01i7fRw,105,4,7,kIm4dcF6XDY,1,0
20260903,UCiLmCoftZHWXSFuQlnEJSsQ,EvoV01i7fRw,105,5,7,kIm4dcF6XDY,7,0
20260903,UCiLmCoftZHWXSFuQlnEJSsQ,EvoV01i7fRw,101,2,7,kRdM8ConPNo,2,0
20260903,UCiLmCoftZHWXSFuQlnEJSsQ,EvoV01i7fRw,101,2,7,kXRoe4QcGNQ,1,0
20260903,UCiLmCoftZHWXSFuQlnEJSsQ,EvoV01i7fRw,101,2,7,kXyvId1iIPI,1,0
20260903,UCiLmCoftZHWXSFuQlnEJSsQ,EvoV01i7fRw,102,19,7,kXyvId1iIPI,1,0
20260903,UCiLmCoftZHWXSFuQlnEJSsQ,EvoV01i7fRw,101,2,7,kZbkdMULi9I,2,0
20260903,UCiLmCoftZHWXSFuQlnEJSsQ,EvoV01i7fRw,104,5,7,kZbkdMULi9I,3,0
20260903,UCiLmCoftZHWXSFuQlnEJSsQ,EvoV01i7fRw,105,5,7,kZbkdMULi9I,2,0
20260903,UCiLmCoftZHWXSFuQlnEJSsQ,EvoV01i7fRw,104,5,7,kbJdbLIRzzo,1,0
20260903,UCiLmCoftZHWXSFuQlnEJSsQ,EvoV01i7fRw,105,5,7,kbNMT4fV5Zc,1,0
20260903,UCiLmCoftZHWXSFuQlnEJSsQ,EvoV01i7fRw,101,2,7,kc00vMFQxzU,1,0
20260903,UCiLmCoftZHWXSFuQlnEJSsQ,EvoV01i7fRw,104,5,7,khvp97voFo4,2,0
20260903,UCiLmCoftZHWXSFuQlnEJSsQ,EvoV01i7fRw,104,5,7,kpkUX6KkCCM,1,0
20260903,UCiLmCoftZHWXSFuQlnEJSsQ,EvoV01i7fRw,101,2,7,ksEcmHz4gg4,2,0
20260903,UCiLmCoftZHWXSFuQlnEJSsQ,EvoV01i7fRw,104,4,7,ksXycAFNigQ,1,0
20260903,UCiLmCoftZHWXSFuQlnEJSsQ,EvoV01i7fRw,101,2,7,l5Hp3GQQCRI,1,0
20260903,UCiLmCoftZHWXSFuQlnEJSsQ,EvoV01i7fRw,101,9,7,l5Hp3GQQCRI,1,0
20260903,UCiLmCoftZHWXSFuQlnEJSsQ,EvoV01i7fRw,102,29,7,l5Hp3GQQCRI,1,0
20260903,UCiLmCoftZHWXSFuQlnEJSsQ,EvoV01i7fRw,104,4,7,l5Hp3GQQCRI,2,0
20260903,UCiLmCoftZHWXSFuQlnEJSsQ,EvoV01i7fRw,104,5,7,l5Hp3GQQCRI,1,0
20260903,UCiLmCoftZHWXSFuQlnEJSsQ,EvoV01i7fRw,105,5,7,l5Hp3GQQCRI,1,0
20260903,UCiLmCoftZHWXSFuQlnEJSsQ,EvoV01i7fRw,101,9,7,lD7lc-RTxXs,2,0
20260903,UCiLmCoftZHWXSFuQlnEJSsQ,EvoV01i7fRw,101,2,7,lJog7xVHLH4,1,0
20260903,UCiLmCoftZHWXSFuQlnEJSsQ,EvoV01i7fRw,104,5,7,lOSka05x88M,2,0.5
20260903,UCiLmCoftZHWXSFuQlnEJSsQ,EvoV01i7fRw,101,2,7,lP8WL1SUikY,2,0
20260903,UCiLmCoftZHWXSFuQlnEJSsQ,EvoV01i7fRw,104,5,7,lT3-Y1XmNvQ,2,0
20260903,UCiLmCoftZHWXSFuQlnEJSsQ,EvoV01i7fRw,101,9,7,lUHp4ND5GY4,1,0
20260903,UCiLmCoftZHWXSFuQlnEJSsQ,EvoV01i7fRw,101,2,7,liZ792KCZUc,2,0
20260903,UCiLmCoftZHWXSFuQlnEJSsQ,EvoV01i7fRw,102,29,7,liZ792KCZUc,1,0
20260903,UCiLmCoftZHWXSFuQlnEJSsQ,EvoV01i7fRw,104,5,7,lp8-ltk3kN4,1,0
20260903,UCiLmCoftZHWXSFuQlnEJSsQ,EvoV01i7fRw,104,4,7,lwENnYwrf8k,1,0
20260903,UCiLmCoftZHWXSFuQlnEJSsQ,EvoV01i7fRw,102,29,7,m7O3501zTuo,1,0
20260903,UCiLmCoftZHWXSFuQlnEJSsQ,EvoV01i7fRw,101,2,7,m9MZBX05S_Q,1,0
20260903,UCiLmCoftZHWXSFuQlnEJSsQ,EvoV01i7fRw,104,4,7,mDsAYNbVOmk,1,0
20260903,UCiLmCoftZHWXSFuQlnEJSsQ,EvoV01i7fRw,104,4,7,mZS4cOSYMnU,1,0
20260903,UCiLmCoftZHWXSFuQlnEJSsQ,EvoV01i7fRw,101,9,7,mglpGmADeOY,2,0
20260903,UCiLmCoftZHWXSFuQlnEJSsQ,EvoV01i7fRw,104,4,7,mqllaoWSCFM,1,0
20260903,UCiLmCoftZHWXSFuQlnEJSsQ,EvoV01i7fRw,101,2,7,n-2JjjSG9W4,2,0
20260903,UCiLmCoftZHWXSFuQlnEJSsQ,EvoV01i7fRw,104,5,7,n-2JjjSG9W4,7,0
20260903,UCiLmCoftZHWXSFuQlnEJSsQ,EvoV01i7fRw,102,29,7,nQFGmD7wJ0k,1,0
20260903,UCiLmCoftZHWXSFuQlnEJSsQ,EvoV01i7fRw,105,5,7,nQFGmD7wJ0k,1,0
20260903,UCiLmCoftZHWXSFuQlnEJSsQ,EvoV01i7fRw,101,9,7,nQYZuEQvCSs,2,0
20260903,UCiLmCoftZHWXSFuQlnEJSsQ,EvoV01i7fRw,101,2,7,npZECvpOdc8,1,0
20260903,UCiLmCoftZHWXSFuQlnEJSsQ,EvoV01i7fRw,104,5,7,nx0O4uN22Tg,1,0
20260903,UCiLmCoftZHWXSFuQlnEJSsQ,EvoV01i7fRw,102,29,7,nxgnWpskspk,1,1
20260903,UCiLmCoftZHWXSFuQlnEJSsQ,EvoV01i7fRw,101,2,7,o5PmzhqCa48,1,0
20260903,UCiLmCoftZHWXSFuQlnEJSsQ,EvoV01i7fRw,104,5,7,o9P7fV9UtCs,1,0
20260903,UCiLmCoftZHWXSFuQlnEJSsQ,EvoV01i7fRw,104,5,7,oHvwolwlR84,1,0
20260903,UCiLmCoftZHWXSFuQlnEJSsQ,EvoV01i7fRw,101,2,7,oWRCXGvcU9s,1,0
20260903,UCiLmCoftZHWXSFuQlnEJSsQ,EvoV01i7fRw,101,9,7,oWRCXGvcU9s,1,0
20260903,UCiLmCoftZHWXSFuQlnEJSsQ,EvoV01i7fRw,102,4,7,oWRCXGvcU9s,1,0
20260903,UCiLmCoftZHWXSFuQlnEJSsQ,EvoV01i7fRw,102,29,7,oWRCXGvcU9s,1,0
20260903,UCiLmCoftZHWXSFuQlnEJSsQ,EvoV01i7fRw,104,4,7,oWRCXGvcU9s,1,0
20260903,UCiLmCoftZHWXSFuQlnEJSsQ,EvoV01i7fRw,104,5,7,oWRCXGvcU9s,1,0
20260903,UCiLmCoftZHWXSFuQlnEJSsQ,EvoV01i7fRw,104,5,7,ogmCDp8oEEs,1,0
20260903,UCiLmCoftZHWXSFuQlnEJSsQ,EvoV01i7fRw,101,9,7,okGIQvdn5nk,1,0
20260903,UCiLmCoftZHWXSFuQlnEJSsQ,EvoV01i7fRw,104,5,7,oq_TuzzrzyM,1,0
20260903,UCiLmCoftZHWXSFuQlnEJSsQ,EvoV01i7fRw,104,4,7,otqJTSYNi_w,1,0
20260903,UCiLmCoftZHWXSFuQlnEJSsQ,EvoV01i7fRw,104,5,7,otqJTSYNi_w,1,0
20260903,UCiLmCoftZHWXSFuQlnEJSsQ,EvoV01i7fRw,104,5,7,p0zTybhQFqw,1,0
20260903,UCiLmCoftZHWXSFuQlnEJSsQ,EvoV01i7fRw,101,9,7,p5fmQzsi_gc,1,0
20260903,UCiLmCoftZHWXSFuQlnEJSsQ,EvoV01i7fRw,101,2,7,pCd1pWJW2SU,2,0
20260903,UCiLmCoftZHWXSFuQlnEJSsQ,EvoV01i7fRw,101,9,7,pCd1pWJW2SU,1,0
20260903,UCiLmCoftZHWXSFuQlnEJSsQ,EvoV01i7fRw,104,4,7,pCwZteT4Jes,1,0
20260903,UCiLmCoftZHWXSFuQlnEJSsQ,EvoV01i7fRw,102,4,7,pE6Pi35mojw,2,0
20260903,UCiLmCoftZHWXSFuQlnEJSsQ,EvoV01i7fRw,104,5,7,pE6Pi35mojw,4,0.25
20260903,UCiLmCoftZHWXSFuQlnEJSsQ,EvoV01i7fRw,105,5,7,pE6Pi35mojw,1,0
20260903,UCiLmCoftZHWXSFuQlnEJSsQ,EvoV01i7fRw,101,2,7,pLX3SMtS86U,1,0
20260903,UCiLmCoftZHWXSFuQlnEJSsQ,EvoV01i7fRw,102,1,7,pMfCjlZguK4,1,0
20260903,UCiLmCoftZHWXSFuQlnEJSsQ,EvoV01i7fRw,105,5,7,pPONF16ATGE,1,0
20260903,UCiLmCoftZHWXSFuQlnEJSsQ,EvoV01i7fRw,104,5,7,pX65DL3ahb4,1,1
20260903,UCiLmCoftZHWXSFuQlnEJSsQ,EvoV01i7fRw,101,2,7,pi8zBB4s_mc,1,0
20260903,UCiLmCoftZHWXSFuQlnEJSsQ,EvoV01i7fRw,101,2,7,pvHD6e2eatE,2,0
20260903,UCiLmCoftZHWXSFuQlnEJSsQ,EvoV01i7fRw,104,4,7,pvIVrcUA7ho,1,0
20260903,UCiLmCoftZHWXSFuQlnEJSsQ,EvoV01i7fRw,102,29,7,q16hhZle3-Q,1,0
20260903,UCiLmCoftZHWXSFuQlnEJSsQ,EvoV01i7fRw,104,5,7,q3qbxnGVS4A,3,0
20260903,UCiLmCoftZHWXSFuQlnEJSsQ,EvoV01i7fRw,102,4,7,qSfNJRQtwUM,1,0
20260903,UCiLmCoftZHWXSFuQlnEJSsQ,EvoV01i7fRw,102,4,7,qUzXtUsVgH8,1,0
20260903,UCiLmCoftZHWXSFuQlnEJSsQ,EvoV01i7fRw,101,2,7,qViEeQmK0fg,1,0
20260903,UCiLmCoftZHWXSFuQlnEJSsQ,EvoV01i7fRw,102,29,7,qkbbztUDLNE,1,0
20260903,UCiLmCoftZHWXSFuQlnEJSsQ,EvoV01i7fRw,104,5,7,qkoYC8JLRKk,1,0
20260903,UCiLmCoftZHWXSFuQlnEJSsQ,EvoV01i7fRw,104,4,7,qu-4jfSiFJw,1,0
20260903,UCiLmCoftZHWXSFuQlnEJSsQ,EvoV01i7fRw,104,5,7,qu-4jfSiFJw,1,0
20260903,UCiLmCoftZHWXSFuQlnEJSsQ,EvoV01i7fRw,101,2,7,qysxHS2zQ4o,2,0
20260903,UCiLmCoftZHWXSFuQlnEJSsQ,EvoV01i7fRw,105,5,7,qysxHS2zQ4o,1,0
20260903,UCiLmCoftZHWXSFuQlnEJSsQ,EvoV01i7fRw,104,5,7,r0KL8HzKthw,1,0
20260903,UCiLmCoftZHWXSFuQlnEJSsQ,EvoV01i7fRw,101,2,7,r1rW8Bxpr9E,1,0
20260903,UCiLmCoftZHWXSFuQlnEJSsQ,EvoV01i7fRw,104,5,7,r79xmxCDHKk,2,0
20260903,UCiLmCoftZHWXSFuQlnEJSsQ,EvoV01i7fRw,104,4,7,rFTvKRxAJgU,1,0
20260903,UCiLmCoftZHWXSFuQlnEJSsQ,EvoV01i7fRw,105,5,7,rFTvKRxAJgU,1,0
20260903,UCiLmCoftZHWXSFuQlnEJSsQ,EvoV01i7fRw,104,5,7,rSNhDgGJvPU,2,0
20260903,UCiLmCoftZHWXSFuQlnEJSsQ,EvoV01i7fRw,104,5,7,rfLoohju-fQ,2,0
20260903,UCiLmCoftZHWXSFuQlnEJSsQ,EvoV01i7fRw,101,2,7,rpFVFkofXLQ,1,0
20260903,UCiLmCoftZHWXSFuQlnEJSsQ,EvoV01i7fRw,104,5,7,s4Q8fzF92QA,1,0
20260903,UCiLmCoftZHWXSFuQlnEJSsQ,EvoV01i7fRw,104,5,7,s7O-1pyMa0k,1,0
20260903,UCiLmCoftZHWXSFuQlnEJSsQ,EvoV01i7fRw,104,5,7,sJgZJnoRFrQ,1,0
20260903,UCiLmCoftZHWXSFuQlnEJSsQ,EvoV01i7fRw,101,2,7,sSKu1gXvG0c,2,0
20260903,UCiLmCoftZHWXSFuQlnEJSsQ,EvoV01i7fRw,101,2,7,sYM4Vdzaex0,4,0
20260903,UCiLmCoftZHWXSFuQlnEJSsQ,EvoV01i7fRw,104,4,7,sYM4Vdzaex0,2,0
20260903,UCiLmCoftZHWXSFuQlnEJSsQ,EvoV01i7fRw,104,5,7,sYM4Vdzaex0,9,0
20260903,UCiLmCoftZHWXSFuQlnEJSsQ,EvoV01i7fRw,101,2,7,svWy_5JJiQQ,1,0
20260903,UCiLmCoftZHWXSFuQlnEJSsQ,EvoV01i7fRw,102,4,7,t0YmEIY-fx8,1,0
20260903,UCiLmCoftZHWXSFuQlnEJSsQ,EvoV01i7fRw,104,5,7,t0YmEIY-fx8,2,0
20260903,UCiLmCoftZHWXSFuQlnEJSsQ,EvoV01i7fRw,102,1,7,t1c6k8RTW7c,1,0
20260903,UCiLmCoftZHWXSFuQlnEJSsQ,EvoV01i7fRw,103,10,7,t1c6k8RTW7c,1,0
20260903,UCiLmCoftZHWXSFuQlnEJSsQ,EvoV01i7fRw,102,31,7,t8xTByTJIr4,1,0
20260903,UCiLmCoftZHWXSFuQlnEJSsQ,EvoV01i7fRw,104,5,7,t9GVDEH8TRo,1,0
20260903,UCiLmCoftZHWXSFuQlnEJSsQ,EvoV01i7fRw,101,2,7,tD9P1MPP2qE,1,0
20260903,UCiLmCoftZHWXSFuQlnEJSsQ,EvoV01i7fRw,101,2,7,tJuk1oacnAA,1,0
20260903,UCiLmCoftZHWXSFuQlnEJSsQ,EvoV01i7fRw,101,9,7,tJuk1oacnAA,3,0
20260903,UCiLmCoftZHWXSFuQlnEJSsQ,EvoV01i7fRw,102,4,7,tJuk1oacnAA,2,0
20260903,UCiLmCoftZHWXSFuQlnEJSsQ,EvoV01i7fRw,104,5,7,tJuk1oacnAA,6,0
20260903,UCiLmCoftZHWXSFuQlnEJSsQ,EvoV01i7fRw,104,5,7,tPyFZVVHA3g,1,0
20260903,UCiLmCoftZHWXSFuQlnEJSsQ,EvoV01i7fRw,104,5,7,tRTya4AdqJM,1,0
20260903,UCiLmCoftZHWXSFuQlnEJSsQ,EvoV01i7fRw,101,30,7,tcnC18Aje4Y,1,0
20260903,UCiLmCoftZHWXSFuQlnEJSsQ,EvoV01i7fRw,101,2,7,tt4NrGf5pmA,1,0
20260903,UCiLmCoftZHWXSFuQlnEJSsQ,EvoV01i7fRw,102,1,7,txILugCwpQo,1,0
20260903,UCiLmCoftZHWXSFuQlnEJSsQ,EvoV01i7fRw,104,5,7,u01roEg6Nno,3,0
20260903,UCiLmCoftZHWXSFuQlnEJSsQ,EvoV01i7fRw,104,4,7,u2Px1N92YTA,1,0
20260903,UCiLmCoftZHWXSFuQlnEJSsQ,EvoV01i7fRw,102,29,7,u88x77G2k_U,1,0
20260903,UCiLmCoftZHWXSFuQlnEJSsQ,EvoV01i7fRw,101,2,7,ujvlgG_TDAY,1,0
20260903,UCiLmCoftZHWXSFuQlnEJSsQ,EvoV01i7fRw,104,4,7,ujvlgG_TDAY,1,0
20260903,UCiLmCoftZHWXSFuQlnEJSsQ,EvoV01i7fRw,104,5,7,v3wVAbAWrE0,1,0
20260903,UCiLmCoftZHWXSFuQlnEJSsQ,EvoV01i7fRw,104,4,7,v4GlVkshUIc,1,0
20260903,UCiLmCoftZHWXSFuQlnEJSsQ,EvoV01i7fRw,101,2,7,v9x7lIHqQvg,1,0
20260903,UCiLmCoftZHWXSFuQlnEJSsQ,EvoV01i7fRw,101,2,7,vA5O8Pq9j44,2,0
20260903,UCiLmCoftZHWXSFuQlnEJSsQ,EvoV01i7fRw,104,4,7,vZ_dZvvKD_Q,2,0
20260903,UCiLmCoftZHWXSFuQlnEJSsQ,EvoV01i7fRw,104,4,7,vd60QrbCXQk,1,0
20260903,UCiLmCoftZHWXSFuQlnEJSsQ,EvoV01i7fRw,101,2,7,vefqnIJVa5U,1,0
20260903,UCiLmCoftZHWXSFuQlnEJSsQ,EvoV01i7fRw,104,5,7,vefqnIJVa5U,1,0
20260903,UCiLmCoftZHWXSFuQlnEJSsQ,EvoV01i7fRw,101,2,7,vehF0YexSjk,1,0
20260903,UCiLmCoftZHWXSFuQlnEJSsQ,EvoV01i7fRw,104,4,7,vehF0YexSjk,1,0
20260903,UCiLmCoftZHWXSFuQlnEJSsQ,EvoV01i7fRw,104,5,7,vehF0YexSjk,2,0
20260903,UCiLmCoftZHWXSFuQlnEJSsQ,EvoV01i7fRw,101,9,7,vg9yCl8_Pbo,1,0
20260903,UCiLmCoftZHWXSFuQlnEJSsQ,EvoV01i7fRw,102,31,7,vitK9NPwtBQ,1,0
20260903,UCiLmCoftZHWXSFuQlnEJSsQ,EvoV01i7fRw,102,19,7,vtc-dZCJtqY,1,0
20260903,UCiLmCoftZHWXSFuQlnEJSsQ,EvoV01i7fRw,104,4,7,wBrEqOdfZxk,1,0
20260903,UCiLmCoftZHWXSFuQlnEJSsQ,EvoV01i7fRw,101,2,7,wO2z79qqB1Y,5,0
20260903,UCiLmCoftZHWXSFuQlnEJSsQ,EvoV01i7fRw,104,4,7,wO2z79qqB1Y,2,0
20260903,UCiLmCoftZHWXSFuQlnEJSsQ,EvoV01i7fRw,104,5,7,wO2z79qqB1Y,2,0
20260903,UCiLmCoftZHWXSFuQlnEJSsQ,EvoV01i7fRw,104,5,7,wdjQGw7hX68,1,0
20260903,UCiLmCoftZHWXSFuQlnEJSsQ,EvoV01i7fRw,104,5,7,wnasKnA1zRA,1,0
20260903,UCiLmCoftZHWXSFuQlnEJSsQ,EvoV01i7fRw,104,4,7,x68AnwPpT-s,2,0
20260903,UCiLmCoftZHWXSFuQlnEJSsQ,EvoV01i7fRw,105,5,7,xD3s4CBaYUw,1,0
20260903,UCiLmCoftZHWXSFuQlnEJSsQ,EvoV01i7fRw,101,9,7,xUiijyFiyX4,1,0
20260903,UCiLmCoftZHWXSFuQlnEJSsQ,EvoV01i7fRw,101,2,7,xkbtMWhpNfM,1,0
20260903,UCiLmCoftZHWXSFuQlnEJSsQ,EvoV01i7fRw,101,9,7,xlg9Wc-FJjY,1,0
20260903,UCiLmCoftZHWXSFuQlnEJSsQ,EvoV01i7fRw,104,5,7,xvd3jFym8r4,1,0
20260903,UCiLmCoftZHWXSFuQlnEJSsQ,EvoV01i7fRw,103,10,7,xwAQL_BSfxo,1,0
20260903,UCiLmCoftZHWXSFuQlnEJSsQ,EvoV01i7fRw,101,2,7,xzsQ-Fbp-kQ,2,0
20260903,UCiLmCoftZHWXSFuQlnEJSsQ,EvoV01i7fRw,101,9,7,xzsQ-Fbp-kQ,1,0
20260903,UCiLmCoftZHWXSFuQlnEJSsQ,EvoV01i7fRw,104,4,7,xzsQ-Fbp-kQ,2,0
20260903,UCiLmCoftZHWXSFuQlnEJSsQ,EvoV01i7fRw,104,5,7,xzsQ-Fbp-kQ,1,0
20260903,UCiLmCoftZHWXSFuQlnEJSsQ,EvoV01i7fRw,104,4,7,yLTmizWDRu8,1,0
20260903,UCiLmCoftZHWXSFuQlnEJSsQ,EvoV01i7fRw,102,4,7,ykjlJzLgdB4,1,0
20260903,UCiLmCoftZHWXSFuQlnEJSsQ,EvoV01i7fRw,104,4,7,z5Wm7YaeYVA,1,0
20260903,UCiLmCoftZHWXSFuQlnEJSsQ,EvoV01i7fRw,104,4,7,zYJiAI8dCl8,1,0
20260903,UCiLmCoftZHWXSFuQlnEJSsQ,EvoV01i7fRw,101,9,7,zaMq4qN5II0,1,0
20260903,UCiLmCoftZHWXSFuQlnEJSsQ,EvoV01i7fRw,101,2,7,zkr3BqFpKOs,1,0
20260903,UCiLmCoftZHWXSFuQlnEJSsQ,EvoV01i7fRw,102,4,7,zkr3BqFpKOs,1,0
20260903,UCiLmCoftZHWXSFuQlnEJSsQ,EvoV01i7fRw,104,4,14,my-likes,1,0
20260903,UCiLmCoftZHWXSFuQlnEJSsQ,EvoV01i7fRw,104,5,14,my-likes,1,0
20260903,UCiLmCoftZHWXSFuQlnEJSsQ,EvoV01i7fRw,104,4,18,unknown,3,0
20260903,UCiLmCoftZHWXSFuQlnEJSsQ,EvoV01i7fRw,104,5,18,unknown,4,0
20260903,UCiLmCoftZHWXSFuQlnEJSsQ,HgCgwKqeJBI,101,2,3,what-to-watch,1,0
20260903,UCiLmCoftZHWXSFuQlnEJSsQ,HgCgwKqeJBI,101,9,3,what-to-watch,1,0
20260903,UCiLmCoftZHWXSFuQlnEJSsQ,HgCgwKqeJBI,104,5,3,what-to-watch,4,0
20260903,UCiLmCoftZHWXSFuQlnEJSsQ,HgCgwKqeJBI,105,5,3,what-to-watch,1,0
20260903,UCiLmCoftZHWXSFuQlnEJSsQ,HgCgwKqeJBI,101,2,4,UCiLmCoftZHWXSFuQlnEJSsQ,1,0
20260903,UCiLmCoftZHWXSFuQlnEJSsQ,HgCgwKqeJBI,102,29,4,UCiLmCoftZHWXSFuQlnEJSsQ,1,0
20260903,UCiLmCoftZHWXSFuQlnEJSsQ,HgCgwKqeJBI,104,4,4,UCiLmCoftZHWXSFuQlnEJSsQ,1,0
20260903,UCiLmCoftZHWXSFuQlnEJSsQ,HgCgwKqeJBI,104,5,4,UCiLmCoftZHWXSFuQlnEJSsQ,16,0
20260903,UCiLmCoftZHWXSFuQlnEJSsQ,HgCgwKqeJBI,101,2,5,unknown,1,0
20260903,UCiLmCoftZHWXSFuQlnEJSsQ,HgCgwKqeJBI,101,9,5,unknown,1,0
20260903,UCiLmCoftZHWXSFuQlnEJSsQ,HgCgwKqeJBI,102,1,5,unknown,1,0
20260903,UCiLmCoftZHWXSFuQlnEJSsQ,HgCgwKqeJBI,104,4,5,unknown,5,0
20260903,UCiLmCoftZHWXSFuQlnEJSsQ,HgCgwKqeJBI,104,5,5,unknown,33,0.030303030303030304
20260903,UCiLmCoftZHWXSFuQlnEJSsQ,HgCgwKqeJBI,105,5,5,unknown,2,0
20260903,UCiLmCoftZHWXSFuQlnEJSsQ,HgCgwKqeJBI,102,1,7,--ombqA70cI,1,0
20260903,UCiLmCoftZHWXSFuQlnEJSsQ,HgCgwKqeJBI,104,4,7,-MN4InthzFY,1,0
20260903,UCiLmCoftZHWXSFuQlnEJSsQ,HgCgwKqeJBI,104,5,7,-c4nfHwdLaw,1,0
20260903,UCiLmCoftZHWXSFuQlnEJSsQ,HgCgwKqeJBI,101,2,7,-tC_X0f6WEo,1,0
20260903,UCiLmCoftZHWXSFuQlnEJSsQ,HgCgwKqeJBI,104,4,7,1hJRqc_oyaQ,1,0
20260903,UCiLmCoftZHWXSFuQlnEJSsQ,HgCgwKqeJBI,101,2,7,2ILiRAjx2aY,1,1
20260903,UCiLmCoftZHWXSFuQlnEJSsQ,HgCgwKqeJBI,104,5,7,7tFXN1UACAQ,1,0
20260903,UCiLmCoftZHWXSFuQlnEJSsQ,HgCgwKqeJBI,105,5,7,833EAafCHsY,1,0
20260903,UCiLmCoftZHWXSFuQlnEJSsQ,HgCgwKqeJBI,104,5,7,91CkV10VthM,1,0
20260903,UCiLmCoftZHWXSFuQlnEJSsQ,HgCgwKqeJBI,105,5,7,9upU7gqA77Q,1,0
20260903,UCiLmCoftZHWXSFuQlnEJSsQ,HgCgwKqeJBI,101,2,7,AMofAQHHgbc,1,0
20260903,UCiLmCoftZHWXSFuQlnEJSsQ,HgCgwKqeJBI,101,2,7,Bp9QPCcAcNo,1,0
20260903,UCiLmCoftZHWXSFuQlnEJSsQ,HgCgwKqeJBI,104,5,7,D88Zd_OvaSs,1,0
20260903,UCiLmCoftZHWXSFuQlnEJSsQ,HgCgwKqeJBI,101,9,7,DtBcyYKDsXc,2,0
20260903,UCiLmCoftZHWXSFuQlnEJSsQ,HgCgwKqeJBI,103,27,7,G2wAU1PjYQc,1,0
20260903,UCiLmCoftZHWXSFuQlnEJSsQ,HgCgwKqeJBI,101,2,7,JHBZ8rJl1Wg,2,0
20260903,UCiLmCoftZHWXSFuQlnEJSsQ,HgCgwKqeJBI,104,5,7,Q1tohy7NerI,1,0
20260903,UCiLmCoftZHWXSFuQlnEJSsQ,HgCgwKqeJBI,104,5,7,Ri0RW7Snzuk,1,0
20260903,UCiLmCoftZHWXSFuQlnEJSsQ,HgCgwKqeJBI,102,4,7,S4tXGHeKBHs,1,0
20260903,UCiLmCoftZHWXSFuQlnEJSsQ,HgCgwKqeJBI,104,5,7,S4tXGHeKBHs,1,0
20260903,UCiLmCoftZHWXSFuQlnEJSsQ,HgCgwKqeJBI,104,5,7,SUvf5ZeOgyw,1,0
20260903,UCiLmCoftZHWXSFuQlnEJSsQ,HgCgwKqeJBI,102,4,7,SlDTZdCoX7w,3,0
20260903,UCiLmCoftZHWXSFuQlnEJSsQ,HgCgwKqeJBI,104,5,7,Z47zQwEvLrY,1,0
20260903,UCiLmCoftZHWXSFuQlnEJSsQ,HgCgwKqeJBI,103,10,7,aEKmiuXtZx8,1,0
20260903,UCiLmCoftZHWXSFuQlnEJSsQ,HgCgwKqeJBI,101,2,7,cC2B2D-HFYA,1,0
20260903,UCiLmCoftZHWXSFuQlnEJSsQ,HgCgwKqeJBI,101,2,7,g1GPX8SlOmU,1,0
20260903,UCiLmCoftZHWXSFuQlnEJSsQ,HgCgwKqeJBI,104,5,7,g1GPX8SlOmU,3,0
20260903,UCiLmCoftZHWXSFuQlnEJSsQ,HgCgwKqeJBI,101,9,7,h8bM5dGKfaM,1,0
20260903,UCiLmCoftZHWXSFuQlnEJSsQ,HgCgwKqeJBI,104,5,7,hF_O0_hqIt0,1,0
20260903,UCiLmCoftZHWXSFuQlnEJSsQ,HgCgwKqeJBI,102,29,7,hpzbDov2BGA,1,0
20260903,UCiLmCoftZHWXSFuQlnEJSsQ,HgCgwKqeJBI,101,30,7,kdwsCF_0C3Y,1,0
20260903,UCiLmCoftZHWXSFuQlnEJSsQ,HgCgwKqeJBI,104,5,7,nx0O4uN22Tg,1,0
20260903,UCiLmCoftZHWXSFuQlnEJSsQ,HgCgwKqeJBI,102,4,7,pE6Pi35mojw,2,0
20260903,UCiLmCoftZHWXSFuQlnEJSsQ,HgCgwKqeJBI,105,5,7,r6AimSjmcyg,1,0
20260903,UCiLmCoftZHWXSFuQlnEJSsQ,HgCgwKqeJBI,104,5,7,tm7cN7jlbxk,1,0
20260903,UCiLmCoftZHWXSFuQlnEJSsQ,HgCgwKqeJBI,104,4,14,my-likes,1,0
20260903,UCiLmCoftZHWXSFuQlnEJSsQ,HgCgwKqeJBI,104,4,18,unknown,1,0
20260903,UCiLmCoftZHWXSFuQlnEJSsQ,HgCgwKqeJBI,104,5,18,unknown,3,0
20260903,UCiLmCoftZHWXSFuQlnEJSsQ,JVNpkPsotMU,101,2,4,UCiLmCoftZHWXSFuQlnEJSsQ,1,0
20260903,UCiLmCoftZHWXSFuQlnEJSsQ,JVNpkPsotMU,102,29,4,UCiLmCoftZHWXSFuQlnEJSsQ,1,0
20260903,UCiLmCoftZHWXSFuQlnEJSsQ,JVNpkPsotMU,104,5,4,UCiLmCoftZHWXSFuQlnEJSsQ,11,0
20260903,UCiLmCoftZHWXSFuQlnEJSsQ,JVNpkPsotMU,102,4,7,S4tXGHeKBHs,1,0
20260903,UCiLmCoftZHWXSFuQlnEJSsQ,JVNpkPsotMU,104,5,7,S4tXGHeKBHs,1,0
20260903,UCiLmCoftZHWXSFuQlnEJSsQ,JVNpkPsotMU,101,2,7,g1GPX8SlOmU,1,0
20260903,UCiLmCoftZHWXSFuQlnEJSsQ,JVNpkPsotMU,102,4,7,pE6Pi35mojw,2,0
20260903,UCiLmCoftZHWXSFuQlnEJSsQ,JVNpkPsotMU,104,5,18,unknown,1,0
20260903,UCiLmCoftZHWXSFuQlnEJSsQ,K4mQYWHpcUI,101,2,3,what-to-watch,2,0
20260903,UCiLmCoftZHWXSFuQlnEJSsQ,K4mQYWHpcUI,102,4,3,what-to-watch,1,0
20260903,UCiLmCoftZHWXSFuQlnEJSsQ,K4mQYWHpcUI,102,19,3,what-to-watch,1,0
20260903,UCiLmCoftZHWXSFuQlnEJSsQ,K4mQYWHpcUI,102,29,3,what-to-watch,5,0
20260903,UCiLmCoftZHWXSFuQlnEJSsQ,K4mQYWHpcUI,102,31,3,what-to-watch,1,0
20260903,UCiLmCoftZHWXSFuQlnEJSsQ,K4mQYWHpcUI,104,4,3,what-to-watch,1,0
20260903,UCiLmCoftZHWXSFuQlnEJSsQ,K4mQYWHpcUI,104,5,3,what-to-watch,2,0
20260903,UCiLmCoftZHWXSFuQlnEJSsQ,K4mQYWHpcUI,105,5,3,what-to-watch,1,0
20260903,UCiLmCoftZHWXSFuQlnEJSsQ,K4mQYWHpcUI,102,29,4,UCiLmCoftZHWXSFuQlnEJSsQ,1,0
20260903,UCiLmCoftZHWXSFuQlnEJSsQ,K4mQYWHpcUI,103,27,4,UCiLmCoftZHWXSFuQlnEJSsQ,1,0
20260903,UCiLmCoftZHWXSFuQlnEJSsQ,K4mQYWHpcUI,104,5,4,UCiLmCoftZHWXSFuQlnEJSsQ,6,0
20260903,UCiLmCoftZHWXSFuQlnEJSsQ,K4mQYWHpcUI,102,1,5,unknown,1,0
20260903,UCiLmCoftZHWXSFuQlnEJSsQ,K4mQYWHpcUI,102,4,5,unknown,1,0
20260903,UCiLmCoftZHWXSFuQlnEJSsQ,K4mQYWHpcUI,102,12,5,unknown,5,0.2
20260903,UCiLmCoftZHWXSFuQlnEJSsQ,K4mQYWHpcUI,102,19,5,unknown,5,0
20260903,UCiLmCoftZHWXSFuQlnEJSsQ,K4mQYWHpcUI,102,29,5,unknown,4,0
20260903,UCiLmCoftZHWXSFuQlnEJSsQ,K4mQYWHpcUI,102,31,5,unknown,1,0
20260903,UCiLmCoftZHWXSFuQlnEJSsQ,K4mQYWHpcUI,103,27,5,unknown,1,0
20260903,UCiLmCoftZHWXSFuQlnEJSsQ,K4mQYWHpcUI,104,4,5,unknown,1,0
20260903,UCiLmCoftZHWXSFuQlnEJSsQ,K4mQYWHpcUI,104,5,5,unknown,4,0
20260903,UCiLmCoftZHWXSFuQlnEJSsQ,K4mQYWHpcUI,102,1,7,--ombqA70cI,1,0
20260903,UCiLmCoftZHWXSFuQlnEJSsQ,K4mQYWHpcUI,101,2,7,0HYIEibgwGc,1,0
20260903,UCiLmCoftZHWXSFuQlnEJSsQ,K4mQYWHpcUI,101,30,7,3099DYz_cZY,1,0
20260903,UCiLmCoftZHWXSFuQlnEJSsQ,K4mQYWHpcUI,104,5,7,417bJOvtE_8,1,0
20260903,UCiLmCoftZHWXSFuQlnEJSsQ,K4mQYWHpcUI,105,5,7,562iExMLpN8,1,0
20260903,UCiLmCoftZHWXSFuQlnEJSsQ,K4mQYWHpcUI,104,5,7,5LWvbg_9Pjk,1,0
20260903,UCiLmCoftZHWXSFuQlnEJSsQ,K4mQYWHpcUI,104,4,7,DMM3hzHWt04,1,0
20260903,UCiLmCoftZHWXSFuQlnEJSsQ,K4mQYWHpcUI,104,5,7,EvoV01i7fRw,1,0
20260903,UCiLmCoftZHWXSFuQlnEJSsQ,K4mQYWHpcUI,101,9,7,GEJVq8ALBBM,2,0
20260903,UCiLmCoftZHWXSFuQlnEJSsQ,K4mQYWHpcUI,104,5,7,H-YUdo_zbRg,1,0
20260903,UCiLmCoftZHWXSFuQlnEJSsQ,K4mQYWHpcUI,104,4,7,HQeiAtVdaIc,1,0
20260903,UCiLmCoftZHWXSFuQlnEJSsQ,K4mQYWHpcUI,104,5,7,IeGsq7bSaB8,1,0
20260903,UCiLmCoftZHWXSFuQlnEJSsQ,K4mQYWHpcUI,104,5,7,Kizav5VorT0,1,0
20260903,UCiLmCoftZHWXSFuQlnEJSsQ,K4mQYWHpcUI,105,5,7,NJAK9NZ-p6c,1,1
20260903,UCiLmCoftZHWXSFuQlnEJSsQ,K4mQYWHpcUI,104,4,7,PmD_nggctn4,1,0
20260903,UCiLmCoftZHWXSFuQlnEJSsQ,K4mQYWHpcUI,104,5,7,Q1tohy7NerI,1,0
20260903,UCiLmCoftZHWXSFuQlnEJSsQ,K4mQYWHpcUI,104,5,7,QMulxshbfPI,1,0
20260903,UCiLmCoftZHWXSFuQlnEJSsQ,K4mQYWHpcUI,105,5,7,R1-JvxdEChg,1,0
20260903,UCiLmCoftZHWXSFuQlnEJSsQ,K4mQYWHpcUI,104,5,7,S4tXGHeKBHs,1,0
20260903,UCiLmCoftZHWXSFuQlnEJSsQ,K4mQYWHpcUI,102,31,7,YQnwHeWPvCY,1,0
20260903,UCiLmCoftZHWXSFuQlnEJSsQ,K4mQYWHpcUI,102,1,7,ZUTsM_XM-T8,1,0
20260903,UCiLmCoftZHWXSFuQlnEJSsQ,K4mQYWHpcUI,102,31,7,ZvcocaoXJzo,1,0
20260903,UCiLmCoftZHWXSFuQlnEJSsQ,K4mQYWHpcUI,101,2,7,aRv9OGt15vE,1,0
20260903,UCiLmCoftZHWXSFuQlnEJSsQ,K4mQYWHpcUI,102,19,7,awaz4Ew733Q,1,0
20260903,UCiLmCoftZHWXSFuQlnEJSsQ,K4mQYWHpcUI,102,31,7,bbMnf16m_Z4,1,0
20260903,UCiLmCoftZHWXSFuQlnEJSsQ,K4mQYWHpcUI,102,4,7,ck0Knx13vk8,1,0
20260903,UCiLmCoftZHWXSFuQlnEJSsQ,K4mQYWHpcUI,101,2,7,dhys8ycR5Iw,1,0
20260903,UCiLmCoftZHWXSFuQlnEJSsQ,K4mQYWHpcUI,102,4,7,eGlq3fj1z0E,1,0
20260903,UCiLmCoftZHWXSFuQlnEJSsQ,K4mQYWHpcUI,104,5,7,gO05MA_h3dE,1,0
20260903,UCiLmCoftZHWXSFuQlnEJSsQ,K4mQYWHpcUI,104,5,7,hYRfFxGXeZc,1,0
20260903,UCiLmCoftZHWXSFuQlnEJSsQ,K4mQYWHpcUI,104,4,7,iZk5pEuQtZw,1,1
20260903,UCiLmCoftZHWXSFuQlnEJSsQ,K4mQYWHpcUI,104,4,7,ikFaEAlO5N0,1,0
20260903,UCiLmCoftZHWXSFuQlnEJSsQ,K4mQYWHpcUI,104,5,7,m8iO3_PSQwI,1,1
20260903,UCiLmCoftZHWXSFuQlnEJSsQ,K4mQYWHpcUI,104,5,7,mZiY8j0Gs-8,2,0
20260903,UCiLmCoftZHWXSFuQlnEJSsQ,K4mQYWHpcUI,104,5,7,nK-wxq2a-H4,1,0
20260903,UCiLmCoftZHWXSFuQlnEJSsQ,K4mQYWHpcUI,102,29,7,oWRCXGvcU9s,1,0
20260903,UCiLmCoftZHWXSFuQlnEJSsQ,K4mQYWHpcUI,101,2,7,pi8zBB4s_mc,1,0
20260903,UCiLmCoftZHWXSFuQlnEJSsQ,K4mQYWHpcUI,105,5,7,sYM4Vdzaex0,1,0
20260903,UCiLmCoftZHWXSFuQlnEJSsQ,K4mQYWHpcUI,102,4,7,t1c6k8RTW7c,1,0
20260903,UCiLmCoftZHWXSFuQlnEJSsQ,K4mQYWHpcUI,104,4,7,tKFj3FNEvx8,1,0
20260903,UCiLmCoftZHWXSFuQlnEJSsQ,K4mQYWHpcUI,104,5,7,wS87Rd27Ccg,1,0
20260903,UCiLmCoftZHWXSFuQlnEJSsQ,K4mQYWHpcUI,101,9,7,wWadoTrGJgA,1,0
20260903,UCiLmCoftZHWXSFuQlnEJSsQ,K4mQYWHpcUI,102,29,7,ziGbKBlwfuE,1,0
20260903,UCiLmCoftZHWXSFuQlnEJSsQ,LMDZec3o3-g,101,2,3,what-to-watch,1,0
20260903,UCiLmCoftZHWXSFuQlnEJSsQ,LMDZec3o3-g,101,9,3,what-to-watch,1,0
20260903,UCiLmCoftZHWXSFuQlnEJSsQ,LMDZec3o3-g,104,4,3,what-to-watch,1,0
20260903,UCiLmCoftZHWXSFuQlnEJSsQ,LMDZec3o3-g,101,2,4,UCiLmCoftZHWXSFuQlnEJSsQ,1,0
20260903,UCiLmCoftZHWXSFuQlnEJSsQ,LMDZec3o3-g,104,5,4,UCiLmCoftZHWXSFuQlnEJSsQ,9,0
20260903,UCiLmCoftZHWXSFuQlnEJSsQ,LMDZec3o3-g,102,4,5,unknown,2,0
20260903,UCiLmCoftZHWXSFuQlnEJSsQ,LMDZec3o3-g,104,4,5,unknown,3,0
20260903,UCiLmCoftZHWXSFuQlnEJSsQ,LMDZec3o3-g,104,5,5,unknown,10,0
20260903,UCiLmCoftZHWXSFuQlnEJSsQ,LMDZec3o3-g,101,30,7,4yWs7uDmsiI,1,0
20260903,UCiLmCoftZHWXSFuQlnEJSsQ,LMDZec3o3-g,104,4,7,5jQz1YGgBgg,1,0
20260903,UCiLmCoftZHWXSFuQlnEJSsQ,LMDZec3o3-g,103,27,7,9Yh4pwlOgNo,1,0
20260903,UCiLmCoftZHWXSFuQlnEJSsQ,LMDZec3o3-g,102,29,7,EPXPwI2fLqk,1,0
20260903,UCiLmCoftZHWXSFuQlnEJSsQ,LMDZec3o3-g,104,5,7,NDlp3mXty_s,2,0
20260903,UCiLmCoftZHWXSFuQlnEJSsQ,LMDZec3o3-g,105,5,7,PiikNxCE5_Q,1,0
20260903,UCiLmCoftZHWXSFuQlnEJSsQ,LMDZec3o3-g,104,5,7,QBa7QESJTZY,1,0
20260903,UCiLmCoftZHWXSFuQlnEJSsQ,LMDZec3o3-g,104,5,7,RYBt8nduGjI,2,0
20260903,UCiLmCoftZHWXSFuQlnEJSsQ,LMDZec3o3-g,104,5,7,S4tXGHeKBHs,1,0
20260903,UCiLmCoftZHWXSFuQlnEJSsQ,LMDZec3o3-g,102,1,7,SlDTZdCoX7w,1,0
20260903,UCiLmCoftZHWXSFuQlnEJSsQ,LMDZec3o3-g,103,27,7,SlDTZdCoX7w,1,0
20260903,UCiLmCoftZHWXSFuQlnEJSsQ,LMDZec3o3-g,104,4,7,SlDTZdCoX7w,1,0
20260903,UCiLmCoftZHWXSFuQlnEJSsQ,LMDZec3o3-g,104,5,7,WFBd5lCg7Ls,1,0
20260903,UCiLmCoftZHWXSFuQlnEJSsQ,LMDZec3o3-g,101,2,7,g1GPX8SlOmU,1,0
20260903,UCiLmCoftZHWXSFuQlnEJSsQ,LMDZec3o3-g,102,4,7,pE6Pi35mojw,2,0
20260903,UCiLmCoftZHWXSFuQlnEJSsQ,LMDZec3o3-g,104,5,7,pE6Pi35mojw,3,0
20260903,UCiLmCoftZHWXSFuQlnEJSsQ,LMDZec3o3-g,104,5,7,z1KS7myipTQ,1,0
20260903,UCiLmCoftZHWXSFuQlnEJSsQ,LMDZec3o3-g,104,4,14,PLal9zOUhRVnU,6,0
20260903,UCiLmCoftZHWXSFuQlnEJSsQ,LMDZec3o3-g,104,5,14,PLal9zOUhRVnU,1,0
20260903,UCiLmCoftZHWXSFuQlnEJSsQ,LMDZec3o3-g,104,4,18,unknown,1,0
20260903,UCiLmCoftZHWXSFuQlnEJSsQ,LMDZec3o3-g,104,5,18,unknown,1,1
20260903,UCiLmCoftZHWXSFuQlnEJSsQ,LMDZec3o3-g,105,5,18,unknown,1,0
20260903,UCiLmCoftZHWXSFuQlnEJSsQ,PiikNxCE5_Q,101,2,3,/my_subscriptions,2,0
20260903,UCiLmCoftZHWXSFuQlnEJSsQ,PiikNxCE5_Q,102,19,3,/my_subscriptions,3,0
20260903,UCiLmCoftZHWXSFuQlnEJSsQ,PiikNxCE5_Q,104,4,3,/my_subscriptions,7,0.14285714285714285
20260903,UCiLmCoftZHWXSFuQlnEJSsQ,PiikNxCE5_Q,104,5,3,/my_subscriptions,23,0.043478260869565216
20260903,UCiLmCoftZHWXSFuQlnEJSsQ,PiikNxCE5_Q,105,5,3,/my_subscriptions,4,0
20260903,UCiLmCoftZHWXSFuQlnEJSsQ,PiikNxCE5_Q,101,2,3,what-to-watch,297,0.020202020202020204
20260903,UCiLmCoftZHWXSFuQlnEJSsQ,PiikNxCE5_Q,101,9,3,what-to-watch,70,0
20260903,UCiLmCoftZHWXSFuQlnEJSsQ,PiikNxCE5_Q,101,30,3,what-to-watch,14,0.071428571428571425
20260903,UCiLmCoftZHWXSFuQlnEJSsQ,PiikNxCE5_Q,102,1,3,what-to-watch,6,0
20260903,UCiLmCoftZHWXSFuQlnEJSsQ,PiikNxCE5_Q,102,4,3,what-to-watch,5,0.2
20260903,UCiLmCoftZHWXSFuQlnEJSsQ,PiikNxCE5_Q,102,19,3,what-to-watch,3,0.33333333333333331
20260903,UCiLmCoftZHWXSFuQlnEJSsQ,PiikNxCE5_Q,102,29,3,what-to-watch,11,0
20260903,UCiLmCoftZHWXSFuQlnEJSsQ,PiikNxCE5_Q,102,31,3,what-to-watch,2,0
20260903,UCiLmCoftZHWXSFuQlnEJSsQ,PiikNxCE5_Q,103,10,3,what-to-watch,5,0
20260903,UCiLmCoftZHWXSFuQlnEJSsQ,PiikNxCE5_Q,103,27,3,what-to-watch,5,0
20260903,UCiLmCoftZHWXSFuQlnEJSsQ,PiikNxCE5_Q,104,4,3,what-to-watch,297,0.033670033670033669
20260903,UCiLmCoftZHWXSFuQlnEJSsQ,PiikNxCE5_Q,104,5,3,what-to-watch,1466,0.02796725784447476
20260903,UCiLmCoftZHWXSFuQlnEJSsQ,PiikNxCE5_Q,105,4,3,what-to-watch,1,0
20260903,UCiLmCoftZHWXSFuQlnEJSsQ,PiikNxCE5_Q,105,5,3,what-to-watch,65,0
20260903,UCiLmCoftZHWXSFuQlnEJSsQ,PiikNxCE5_Q,101,9,4,UCS7HVTPZ1h4vMz-3IX7rbTA,1,0
20260903,UCiLmCoftZHWXSFuQlnEJSsQ,PiikNxCE5_Q,101,2,4,UCiLmCoftZHWXSFuQlnEJSsQ,4,0
20260903,UCiLmCoftZHWXSFuQlnEJSsQ,PiikNxCE5_Q,101,9,4,UCiLmCoftZHWXSFuQlnEJSsQ,2,0
20260903,UCiLmCoftZHWXSFuQlnEJSsQ,PiikNxCE5_Q,102,29,4,UCiLmCoftZHWXSFuQlnEJSsQ,1,0
20260903,UCiLmCoftZHWXSFuQlnEJSsQ,PiikNxCE5_Q,103,27,4,UCiLmCoftZHWXSFuQlnEJSsQ,1,0
20260903,UCiLmCoftZHWXSFuQlnEJSsQ,PiikNxCE5_Q,104,4,4,UCiLmCoftZHWXSFuQlnEJSsQ,7,0
20260903,UCiLmCoftZHWXSFuQlnEJSsQ,PiikNxCE5_Q,104,5,4,UCiLmCoftZHWXSFuQlnEJSsQ,34,0.029411764705882353
20260903,UCiLmCoftZHWXSFuQlnEJSsQ,PiikNxCE5_Q,105,5,4,UCiLmCoftZHWXSFuQlnEJSsQ,4,0
20260903,UCiLmCoftZHWXSFuQlnEJSsQ,PiikNxCE5_Q,101,2,5,unknown,6,0
20260903,UCiLmCoftZHWXSFuQlnEJSsQ,PiikNxCE5_Q,101,9,5,unknown,2,0
20260903,UCiLmCoftZHWXSFuQlnEJSsQ,PiikNxCE5_Q,102,1,5,unknown,2,0
20260903,UCiLmCoftZHWXSFuQlnEJSsQ,PiikNxCE5_Q,102,4,5,unknown,6,0
20260903,UCiLmCoftZHWXSFuQlnEJSsQ,PiikNxCE5_Q,102,19,5,unknown,2,0
20260903,UCiLmCoftZHWXSFuQlnEJSsQ,PiikNxCE5_Q,102,29,5,unknown,4,0
20260903,UCiLmCoftZHWXSFuQlnEJSsQ,PiikNxCE5_Q,102,31,5,unknown,3,0
20260903,UCiLmCoftZHWXSFuQlnEJSsQ,PiikNxCE5_Q,103,10,5,unknown,3,0
20260903,UCiLmCoftZHWXSFuQlnEJSsQ,PiikNxCE5_Q,104,4,5,unknown,20,0
20260903,UCiLmCoftZHWXSFuQlnEJSsQ,PiikNxCE5_Q,104,5,5,unknown,10,0.1
20260903,UCiLmCoftZHWXSFuQlnEJSsQ,PiikNxCE5_Q,105,5,5,unknown,1,0
20260903,UCiLmCoftZHWXSFuQlnEJSsQ,PiikNxCE5_Q,102,13,7,-BCkVcXZaIU,1,0
20260903,UCiLmCoftZHWXSFuQlnEJSsQ,PiikNxCE5_Q,101,2,7,-diBRfh5Uz8,2,0
20260903,UCiLmCoftZHWXSFuQlnEJSsQ,PiikNxCE5_Q,104,4,7,-fg1nu6sjUw,1,0
20260903,UCiLmCoftZHWXSFuQlnEJSsQ,PiikNxCE5_Q,102,12,7,-uOeXAaTwYM,1,0
20260903,UCiLmCoftZHWXSFuQlnEJSsQ,PiikNxCE5_Q,105,5,7,1klQB5hGyfg,1,0
20260903,UCiLmCoftZHWXSFuQlnEJSsQ,PiikNxCE5_Q,105,5,7,2AhFEpOXmBw,1,0
20260903,UCiLmCoftZHWXSFuQlnEJSsQ,PiikNxCE5_Q,102,4,7,2NQTl9nMxfs,1,0
20260903,UCiLmCoftZHWXSFuQlnEJSsQ,PiikNxCE5_Q,104,5,7,2nOHrLolG08,1,0
20260903,UCiLmCoftZHWXSFuQlnEJSsQ,PiikNxCE5_Q,101,2,7,3099DYz_cZY,1,0
20260903,UCiLmCoftZHWXSFuQlnEJSsQ,PiikNxCE5_Q,104,4,7,3099DYz_cZY,1,0
20260903,UCiLmCoftZHWXSFuQlnEJSsQ,PiikNxCE5_Q,101,2,7,3LgPhBgO8Ps,1,0
20260903,UCiLmCoftZHWXSFuQlnEJSsQ,PiikNxCE5_Q,104,4,7,4NoopBh936o,1,0
20260903,UCiLmCoftZHWXSFuQlnEJSsQ,PiikNxCE5_Q,101,2,7,4d_JS1fms84,2,0
20260903,UCiLmCoftZHWXSFuQlnEJSsQ,PiikNxCE5_Q,104,5,7,4fmGhGN85VY,1,0
20260903,UCiLmCoftZHWXSFuQlnEJSsQ,PiikNxCE5_Q,102,1,7,4p1xnGE0Ugo,1,0
20260903,UCiLmCoftZHWXSFuQlnEJSsQ,PiikNxCE5_Q,104,4,7,54h3kvzyf0k,1,0
20260903,UCiLmCoftZHWXSFuQlnEJSsQ,PiikNxCE5_Q,102,29,7,5bRDGpx71V8,1,0
20260903,UCiLmCoftZHWXSFuQlnEJSsQ,PiikNxCE5_Q,102,4,7,5jQz1YGgBgg,1,0
20260903,UCiLmCoftZHWXSFuQlnEJSsQ,PiikNxCE5_Q,102,1,7,60WGhb5OYfE,1,1
20260903,UCiLmCoftZHWXSFuQlnEJSsQ,PiikNxCE5_Q,102,4,7,65Arodhj2J8,1,0
20260903,UCiLmCoftZHWXSFuQlnEJSsQ,PiikNxCE5_Q,101,2,7,6TDaGcSbm9M,2,0.5
20260903,UCiLmCoftZHWXSFuQlnEJSsQ,PiikNxCE5_Q,102,4,7,6TDaGcSbm9M,1,0
20260903,UCiLmCoftZHWXSFuQlnEJSsQ,PiikNxCE5_Q,102,4,7,6_Xm7hNdrs0,1,0
20260903,UCiLmCoftZHWXSFuQlnEJSsQ,PiikNxCE5_Q,102,4,7,76_LJ_phLII,1,0
20260903,UCiLmCoftZHWXSFuQlnEJSsQ,PiikNxCE5_Q,102,31,7,7ah1icN4mfM,1,0
20260903,UCiLmCoftZHWXSFuQlnEJSsQ,PiikNxCE5_Q,104,5,7,88FbUI_t8hc,1,0
20260903,UCiLmCoftZHWXSFuQlnEJSsQ,PiikNxCE5_Q,104,5,7,8wwHWz4qjZ8,1,0
20260903,UCiLmCoftZHWXSFuQlnEJSsQ,PiikNxCE5_Q,102,19,7,91CkV10VthM,1,0
20260903,UCiLmCoftZHWXSFuQlnEJSsQ,PiikNxCE5_Q,104,5,7,9HdlqerBf5Q,2,0
20260903,UCiLmCoftZHWXSFuQlnEJSsQ,PiikNxCE5_Q,102,1,7,9MbyA6MyT0U,1,0
20260903,UCiLmCoftZHWXSFuQlnEJSsQ,PiikNxCE5_Q,104,5,7,9SGVUi_eP9k,1,0
20260903,UCiLmCoftZHWXSFuQlnEJSsQ,PiikNxCE5_Q,104,5,7,9sOI5k5U5zw,1,0
20260903,UCiLmCoftZHWXSFuQlnEJSsQ,PiikNxCE5_Q,101,2,7,A4KPbA0XB_w,1,0
20260903,UCiLmCoftZHWXSFuQlnEJSsQ,PiikNxCE5_Q,101,2,7,AUChW4SSwdM,2,0
20260903,UCiLmCoftZHWXSFuQlnEJSsQ,PiikNxCE5_Q,104,4,7,Afa3aTyiuLM,1,0
20260903,UCiLmCoftZHWXSFuQlnEJSsQ,PiikNxCE5_Q,101,2,7,Au0gT6MzHnI,1,0
20260903,UCiLmCoftZHWXSFuQlnEJSsQ,PiikNxCE5_Q,104,5,7,B0h_2YZ99B8,1,0
20260903,UCiLmCoftZHWXSFuQlnEJSsQ,PiikNxCE5_Q,104,5,7,BQlrHcWxyTU,1,0
20260903,UCiLmCoftZHWXSFuQlnEJSsQ,PiikNxCE5_Q,102,4,7,BqtgTC8KWio,1,0
20260903,UCiLmCoftZHWXSFuQlnEJSsQ,PiikNxCE5_Q,102,19,7,CI6N5-oJfFk,2,0
20260903,UCiLmCoftZHWXSFuQlnEJSsQ,PiikNxCE5_Q,104,5,7,CYENQkxzVcI,1,0
20260903,UCiLmCoftZHWXSFuQlnEJSsQ,PiikNxCE5_Q,101,2,7,Ck_7VRgp6Tk,1,0
20260903,UCiLmCoftZHWXSFuQlnEJSsQ,PiikNxCE5_Q,102,1,7,Ck_7VRgp6Tk,1,0
20260903,UCiLmCoftZHWXSFuQlnEJSsQ,PiikNxCE5_Q,103,10,7,Ck_7VRgp6Tk,1,0
20260903,UCiLmCoftZHWXSFuQlnEJSsQ,PiikNxCE5_Q,104,4,7,Ck_7VRgp6Tk,1,0
20260903,UCiLmCoftZHWXSFuQlnEJSsQ,PiikNxCE5_Q,104,5,7,Ck_7VRgp6Tk,1,0
20260903,UCiLmCoftZHWXSFuQlnEJSsQ,PiikNxCE5_Q,103,10,7,D50jf8QOVHY,1,0
20260903,UCiLmCoftZHWXSFuQlnEJSsQ,PiikNxCE5_Q,104,5,7,D88Zd_OvaSs,1,0
20260903,UCiLmCoftZHWXSFuQlnEJSsQ,PiikNxCE5_Q,104,5,7,DSQT7IjFyEc,1,0
20260903,UCiLmCoftZHWXSFuQlnEJSsQ,PiikNxCE5_Q,101,2,7,Dn9YpOqNr9I,1,0
20260903,UCiLmCoftZHWXSFuQlnEJSsQ,PiikNxCE5_Q,104,5,7,E9NyYp9RH4g,1,0
20260903,UCiLmCoftZHWXSFuQlnEJSsQ,PiikNxCE5_Q,102,4,7,ELSMSxcYRTI,1,0
20260903,UCiLmCoftZHWXSFuQlnEJSsQ,PiikNxCE5_Q,102,4,7,FZMoWM9alkA,1,0
20260903,UCiLmCoftZHWXSFuQlnEJSsQ,PiikNxCE5_Q,102,31,7,GNTHCD_LSto,1,0
20260903,UCiLmCoftZHWXSFuQlnEJSsQ,PiikNxCE5_Q,104,5,7,GNTHCD_LSto,1,0
20260903,UCiLmCoftZHWXSFuQlnEJSsQ,PiikNxCE5_Q,102,31,7,Ggu5Gwi-sHY,1,0
20260903,UCiLmCoftZHWXSFuQlnEJSsQ,PiikNxCE5_Q,104,5,7,GzM8yAoTPeA,1,1
20260903,UCiLmCoftZHWXSFuQlnEJSsQ,PiikNxCE5_Q,104,5,7,HfA8e1VMe6E,1,0
20260903,UCiLmCoftZHWXSFuQlnEJSsQ,PiikNxCE5_Q,101,2,7,IWhnBeLMDv8,1,0
20260903,UCiLmCoftZHWXSFuQlnEJSsQ,PiikNxCE5_Q,104,4,7,IWhnBeLMDv8,1,0
20260903,UCiLmCoftZHWXSFuQlnEJSsQ,PiikNxCE5_Q,104,5,7,IoW8Ocq-5Ug,1,0
20260903,UCiLmCoftZHWXSFuQlnEJSsQ,PiikNxCE5_Q,104,5,7,JJtt3HsjDwg,1,0
20260903,UCiLmCoftZHWXSFuQlnEJSsQ,PiikNxCE5_Q,101,2,7,JSa-UWgWrFE,3,0
20260903,UCiLmCoftZHWXSFuQlnEJSsQ,PiikNxCE5_Q,104,4,7,JSa-UWgWrFE,2,0
20260903,UCiLmCoftZHWXSFuQlnEJSsQ,PiikNxCE5_Q,104,5,7,JSa-UWgWrFE,6,0.16666666666666666
20260903,UCiLmCoftZHWXSFuQlnEJSsQ,PiikNxCE5_Q,105,5,7,JSa-UWgWrFE,1,0
20260903,UCiLmCoftZHWXSFuQlnEJSsQ,PiikNxCE5_Q,101,2,7,JvlE0B-XvHY,1,0
20260903,UCiLmCoftZHWXSFuQlnEJSsQ,PiikNxCE5_Q,104,5,7,KEYoE_vB6FM,1,0
20260903,UCiLmCoftZHWXSFuQlnEJSsQ,PiikNxCE5_Q,102,19,7,KM5AWFr_04o,1,0
20260903,UCiLmCoftZHWXSFuQlnEJSsQ,PiikNxCE5_Q,102,4,7,KefiPLq3OdU,1,0
20260903,UCiLmCoftZHWXSFuQlnEJSsQ,PiikNxCE5_Q,101,2,7,L0nXSQiFMzA,1,0
20260903,UCiLmCoftZHWXSFuQlnEJSsQ,PiikNxCE5_Q,101,2,7,LK1gbStFzr4,1,0
20260903,UCiLmCoftZHWXSFuQlnEJSsQ,PiikNxCE5_Q,104,5,7,L_UjOzanEJI,1,0
20260903,UCiLmCoftZHWXSFuQlnEJSsQ,PiikNxCE5_Q,101,2,7,LzFLjBxtS1w,1,0
20260903,UCiLmCoftZHWXSFuQlnEJSsQ,PiikNxCE5_Q,102,4,7,LzFLjBxtS1w,1,0
20260903,UCiLmCoftZHWXSFuQlnEJSsQ,PiikNxCE5_Q,102,29,7,LzFLjBxtS1w,1,0
20260903,UCiLmCoftZHWXSFuQlnEJSsQ,PiikNxCE5_Q,104,5,7,MAnS6VIKygI,1,0
20260903,UCiLmCoftZHWXSFuQlnEJSsQ,PiikNxCE5_Q,104,4,7,McdaaFUt6Jk,1,0
20260903,UCiLmCoftZHWXSFuQlnEJSsQ,PiikNxCE5_Q,104,5,7,Nrsmafi5fYw,1,0
20260903,UCiLmCoftZHWXSFuQlnEJSsQ,PiikNxCE5_Q,101,2,7,OLghQz_nd9o,1,0
20260903,UCiLmCoftZHWXSFuQlnEJSsQ,PiikNxCE5_Q,104,5,7,OXoQfhhkfNw,1,0
20260903,UCiLmCoftZHWXSFuQlnEJSsQ,PiikNxCE5_Q,104,5,7,OiyOgHF0dGc,1,0
20260903,UCiLmCoftZHWXSFuQlnEJSsQ,PiikNxCE5_Q,101,2,7,P3T8cJPs9vI,1,0
20260903,UCiLmCoftZHWXSFuQlnEJSsQ,PiikNxCE5_Q,103,27,7,P3T8cJPs9vI,1,0
20260903,UCiLmCoftZHWXSFuQlnEJSsQ,PiikNxCE5_Q,101,2,7,PHtzwVl0RwE,1,0
20260903,UCiLmCoftZHWXSFuQlnEJSsQ,PiikNxCE5_Q,104,5,7,PV21qw6jWUY,1,0
20260903,UCiLmCoftZHWXSFuQlnEJSsQ,PiikNxCE5_Q,101,2,7,RUEnyZLCtW4,1,0
20260903,UCiLmCoftZHWXSFuQlnEJSsQ,PiikNxCE5_Q,104,5,7,RUEnyZLCtW4,2,0
20260903,UCiLmCoftZHWXSFuQlnEJSsQ,PiikNxCE5_Q,102,29,7,SC7PgPqwaMs,1,0
20260903,UCiLmCoftZHWXSFuQlnEJSsQ,PiikNxCE5_Q,101,2,7,SlDTZdCoX7w,1,0
20260903,UCiLmCoftZHWXSFuQlnEJSsQ,PiikNxCE5_Q,102,4,7,SlDTZdCoX7w,1,0
20260903,UCiLmCoftZHWXSFuQlnEJSsQ,PiikNxCE5_Q,104,5,7,SlDTZdCoX7w,1,0
20260903,UCiLmCoftZHWXSFuQlnEJSsQ,PiikNxCE5_Q,101,2,7,TKwquEKR6zU,1,0
20260903,UCiLmCoftZHWXSFuQlnEJSsQ,PiikNxCE5_Q,104,4,7,TTSmYHjLpcM,1,0
20260903,UCiLmCoftZHWXSFuQlnEJSsQ,PiikNxCE5_Q,104,5,7,TvxZ2W0odzM,1,0
20260903,UCiLmCoftZHWXSFuQlnEJSsQ,PiikNxCE5_Q,104,5,7,UUWuOK1JOAA,1,0
20260903,UCiLmCoftZHWXSFuQlnEJSsQ,PiikNxCE5_Q,101,2,7,UlGkBeKfjNM,1,0
20260903,UCiLmCoftZHWXSFuQlnEJSsQ,PiikNxCE5_Q,102,4,7,UzPF2WudDNc,1,0
20260903,UCiLmCoftZHWXSFuQlnEJSsQ,PiikNxCE5_Q,104,4,7,V6em-gcJupE,1,0
20260903,UCiLmCoftZHWXSFuQlnEJSsQ,PiikNxCE5_Q,101,2,7,V81fRKV4D2g,1,0
20260903,UCiLmCoftZHWXSFuQlnEJSsQ,PiikNxCE5_Q,104,5,7,VGfvUSYal2g,1,1
20260903,UCiLmCoftZHWXSFuQlnEJSsQ,PiikNxCE5_Q,102,4,7,VNbldG76p1o,1,0
20260903,UCiLmCoftZHWXSFuQlnEJSsQ,PiikNxCE5_Q,105,5,7,VOX9qyT6yYA,1,0
20260903,UCiLmCoftZHWXSFuQlnEJSsQ,PiikNxCE5_Q,102,29,7,VXz7eZVv9h8,1,0
20260903,UCiLmCoftZHWXSFuQlnEJSsQ,PiikNxCE5_Q,104,5,7,WFBd5lCg7Ls,1,0
20260903,UCiLmCoftZHWXSFuQlnEJSsQ,PiikNxCE5_Q,104,4,7,WO-Rsw2lXR4,1,0
20260903,UCiLmCoftZHWXSFuQlnEJSsQ,PiikNxCE5_Q,104,4,7,WOYng9x-FAI,2,0
20260903,UCiLmCoftZHWXSFuQlnEJSsQ,PiikNxCE5_Q,102,4,7,WecDhu0tT6k,1,0
20260903,UCiLmCoftZHWXSFuQlnEJSsQ,PiikNxCE5_Q,104,5,7,X6CsGWUuKY4,1,0
20260903,UCiLmCoftZHWXSFuQlnEJSsQ,PiikNxCE5_Q,105,5,7,XAcNzu5zR6E,1,0
20260903,UCiLmCoftZHWXSFuQlnEJSsQ,PiikNxCE5_Q,102,4,7,XImVGp_F-SY,1,0
20260903,UCiLmCoftZHWXSFuQlnEJSsQ,PiikNxCE5_Q,101,2,7,XS60uqv1xwk,1,0
20260903,UCiLmCoftZHWXSFuQlnEJSsQ,PiikNxCE5_Q,104,5,7,Xg9oOS1G4Ew,1,0
20260903,UCiLmCoftZHWXSFuQlnEJSsQ,PiikNxCE5_Q,104,5,7,XrmmhhVIe9k,1,0
20260903,UCiLmCoftZHWXSFuQlnEJSsQ,PiikNxCE5_Q,101,2,7,Y0JB7rny-iQ,5,0
20260903,UCiLmCoftZHWXSFuQlnEJSsQ,PiikNxCE5_Q,101,2,7,YjUibPCheEk,2,0
20260903,UCiLmCoftZHWXSFuQlnEJSsQ,PiikNxCE5_Q,102,4,7,YjUibPCheEk,1,0
20260903,UCiLmCoftZHWXSFuQlnEJSsQ,PiikNxCE5_Q,104,4,7,YjUibPCheEk,1,0
20260903,UCiLmCoftZHWXSFuQlnEJSsQ,PiikNxCE5_Q,101,2,7,Yvm5MSlIhhE,1,0
20260903,UCiLmCoftZHWXSFuQlnEJSsQ,PiikNxCE5_Q,101,2,7,Z9Hn922_t-I,1,0
20260903,UCiLmCoftZHWXSFuQlnEJSsQ,PiikNxCE5_Q,103,10,7,ZOPX1yOLwaU,1,0
20260903,UCiLmCoftZHWXSFuQlnEJSsQ,PiikNxCE5_Q,101,2,7,ZXxifY3eTgc,1,0
20260903,UCiLmCoftZHWXSFuQlnEJSsQ,PiikNxCE5_Q,102,19,7,ZXxifY3eTgc,2,0
20260903,UCiLmCoftZHWXSFuQlnEJSsQ,PiikNxCE5_Q,102,29,7,ZXxifY3eTgc,1,0
20260903,UCiLmCoftZHWXSFuQlnEJSsQ,PiikNxCE5_Q,104,4,7,ZXxifY3eTgc,1,0
20260903,UCiLmCoftZHWXSFuQlnEJSsQ,PiikNxCE5_Q,104,5,7,ZXxifY3eTgc,1,1
20260903,UCiLmCoftZHWXSFuQlnEJSsQ,PiikNxCE5_Q,105,5,7,ZXxifY3eTgc,1,0
20260903,UCiLmCoftZHWXSFuQlnEJSsQ,PiikNxCE5_Q,101,2,7,Zgl80m4eMzM,1,0
20260903,UCiLmCoftZHWXSFuQlnEJSsQ,PiikNxCE5_Q,101,2,7,ZvcocaoXJzo,1,0
20260903,UCiLmCoftZHWXSFuQlnEJSsQ,PiikNxCE5_Q,102,4,7,ZvcocaoXJzo,1,0
20260903,UCiLmCoftZHWXSFuQlnEJSsQ,PiikNxCE5_Q,102,19,7,ZvcocaoXJzo,1,0
20260903,UCiLmCoftZHWXSFuQlnEJSsQ,PiikNxCE5_Q,104,4,7,ZvcocaoXJzo,1,0
20260903,UCiLmCoftZHWXSFuQlnEJSsQ,PiikNxCE5_Q,104,5,7,ZvcocaoXJzo,1,0
20260903,UCiLmCoftZHWXSFuQlnEJSsQ,PiikNxCE5_Q,102,4,7,ZvnJTKAPmX4,1,0
20260903,UCiLmCoftZHWXSFuQlnEJSsQ,PiikNxCE5_Q,101,2,7,ZzK35XcvVJU,1,0
20260903,UCiLmCoftZHWXSFuQlnEJSsQ,PiikNxCE5_Q,101,2,7,_OnGYgoRjFQ,1,0
20260903,UCiLmCoftZHWXSFuQlnEJSsQ,PiikNxCE5_Q,101,2,7,_jxgyN2nAOw,1,0
20260903,UCiLmCoftZHWXSFuQlnEJSsQ,PiikNxCE5_Q,104,5,7,_l8cHIml_x0,1,1
20260903,UCiLmCoftZHWXSFuQlnEJSsQ,PiikNxCE5_Q,101,2,7,_nvTzA7T6gM,1,0
20260903,UCiLmCoftZHWXSFuQlnEJSsQ,PiikNxCE5_Q,101,2,7,a-jAwwgnPEI,1,0
20260903,UCiLmCoftZHWXSFuQlnEJSsQ,PiikNxCE5_Q,101,2,7,a76z_AU1i9g,1,0
20260903,UCiLmCoftZHWXSFuQlnEJSsQ,PiikNxCE5_Q,102,29,7,advh0bbmSUs,1,0
20260903,UCiLmCoftZHWXSFuQlnEJSsQ,PiikNxCE5_Q,104,5,7,baRS4csVPcI,1,0
20260903,UCiLmCoftZHWXSFuQlnEJSsQ,PiikNxCE5_Q,102,31,7,bbMnf16m_Z4,1,0
20260903,UCiLmCoftZHWXSFuQlnEJSsQ,PiikNxCE5_Q,102,4,7,ck0Knx13vk8,1,0
20260903,UCiLmCoftZHWXSFuQlnEJSsQ,PiikNxCE5_Q,104,5,7,cxE5r_pbOFQ,1,0
20260903,UCiLmCoftZHWXSFuQlnEJSsQ,PiikNxCE5_Q,101,2,7,dP9N7HnPTmU,1,0
20260903,UCiLmCoftZHWXSFuQlnEJSsQ,PiikNxCE5_Q,101,2,7,dgK0CnsaRJA,1,0
20260903,UCiLmCoftZHWXSFuQlnEJSsQ,PiikNxCE5_Q,104,5,7,eHOXSUZoW8s,1,0
20260903,UCiLmCoftZHWXSFuQlnEJSsQ,PiikNxCE5_Q,101,2,7,eSZ2T7_n2fc,1,0
20260903,UCiLmCoftZHWXSFuQlnEJSsQ,PiikNxCE5_Q,102,29,7,eZHS3qlfM68,1,0
20260903,UCiLmCoftZHWXSFuQlnEJSsQ,PiikNxCE5_Q,104,5,7,eaAJ_CSlwI8,1,0
20260903,UCiLmCoftZHWXSFuQlnEJSsQ,PiikNxCE5_Q,104,4,7,eotg_8L9-MA,1,0
20260903,UCiLmCoftZHWXSFuQlnEJSsQ,PiikNxCE5_Q,104,4,7,ftt9b0SS8i0,1,0
20260903,UCiLmCoftZHWXSFuQlnEJSsQ,PiikNxCE5_Q,101,9,7,g3N6AQxFQY0,1,0
20260903,UCiLmCoftZHWXSFuQlnEJSsQ,PiikNxCE5_Q,102,19,7,g3N6AQxFQY0,1,0
20260903,UCiLmCoftZHWXSFuQlnEJSsQ,PiikNxCE5_Q,102,29,7,g3N6AQxFQY0,1,0
20260903,UCiLmCoftZHWXSFuQlnEJSsQ,PiikNxCE5_Q,104,5,7,g3N6AQxFQY0,1,1
20260903,UCiLmCoftZHWXSFuQlnEJSsQ,PiikNxCE5_Q,101,2,7,gY3pMOA-WUY,1,0
20260903,UCiLmCoftZHWXSFuQlnEJSsQ,PiikNxCE5_Q,104,5,7,h4V7wd4svG4,1,0
20260903,UCiLmCoftZHWXSFuQlnEJSsQ,PiikNxCE5_Q,101,2,7,hQx6bKsWZ04,1,0
20260903,UCiLmCoftZHWXSFuQlnEJSsQ,PiikNxCE5_Q,101,2,7,hXUVfane2uM,1,0
20260903,UCiLmCoftZHWXSFuQlnEJSsQ,PiikNxCE5_Q,101,2,7,i-_-u9ZhtCo,1,0
20260903,UCiLmCoftZHWXSFuQlnEJSsQ,PiikNxCE5_Q,102,4,7,iEr0tSGRiMs,1,0
20260903,UCiLmCoftZHWXSFuQlnEJSsQ,PiikNxCE5_Q,104,4,7,iKYBjdMBOF8,1,0
20260903,UCiLmCoftZHWXSFuQlnEJSsQ,PiikNxCE5_Q,101,2,7,iSguHKTrPyc,2,0
20260903,UCiLmCoftZHWXSFuQlnEJSsQ,PiikNxCE5_Q,101,2,7,ikFaEAlO5N0,5,0
20260903,UCiLmCoftZHWXSFuQlnEJSsQ,PiikNxCE5_Q,104,5,7,ikFaEAlO5N0,1,0
20260903,UCiLmCoftZHWXSFuQlnEJSsQ,PiikNxCE5_Q,104,5,7,jBRtNv3kug8,1,0
20260903,UCiLmCoftZHWXSFuQlnEJSsQ,PiikNxCE5_Q,102,29,7,jUkILw0u8Zs,1,0
20260903,UCiLmCoftZHWXSFuQlnEJSsQ,PiikNxCE5_Q,104,5,7,jrAxerXFXpI,1,0
20260903,UCiLmCoftZHWXSFuQlnEJSsQ,PiikNxCE5_Q,104,4,7,k7iq1y1bMqc,1,0
20260903,UCiLmCoftZHWXSFuQlnEJSsQ,PiikNxCE5_Q,101,2,7,kIm4dcF6XDY,3,0
20260903,UCiLmCoftZHWXSFuQlnEJSsQ,PiikNxCE5_Q,102,4,7,kIm4dcF6XDY,1,0
20260903,UCiLmCoftZHWXSFuQlnEJSsQ,PiikNxCE5_Q,103,10,7,kIm4dcF6XDY,1,0
20260903,UCiLmCoftZHWXSFuQlnEJSsQ,PiikNxCE5_Q,104,5,7,kIm4dcF6XDY,1,0
20260903,UCiLmCoftZHWXSFuQlnEJSsQ,PiikNxCE5_Q,102,4,7,kXoHmrcPqp0,1,0
20260903,UCiLmCoftZHWXSFuQlnEJSsQ,PiikNxCE5_Q,104,5,7,l2trcaDXOI4,1,0
20260903,UCiLmCoftZHWXSFuQlnEJSsQ,PiikNxCE5_Q,102,29,7,liZ792KCZUc,1,2
20260903,UCiLmCoftZHWXSFuQlnEJSsQ,PiikNxCE5_Q,101,2,7,ljSQMn1JpQc,2,0.5
20260903,UCiLmCoftZHWXSFuQlnEJSsQ,PiikNxCE5_Q,102,4,7,m3NvmaC-q6A,1,0
20260903,UCiLmCoftZHWXSFuQlnEJSsQ,PiikNxCE5_Q,104,5,7,mNXvnEEQDRI,1,0
20260903,UCiLmCoftZHWXSFuQlnEJSsQ,PiikNxCE5_Q,101,2,7,niWGxwelPfM,1,0
20260903,UCiLmCoftZHWXSFuQlnEJSsQ,PiikNxCE5_Q,102,29,7,nokQuZzWZPk,1,0
20260903,UCiLmCoftZHWXSFuQlnEJSsQ,PiikNxCE5_Q,104,5,7,nshuUsIHHw0,1,0
20260903,UCiLmCoftZHWXSFuQlnEJSsQ,PiikNxCE5_Q,101,2,7,o5PmzhqCa48,1,0
20260903,UCiLmCoftZHWXSFuQlnEJSsQ,PiikNxCE5_Q,104,5,7,o5PmzhqCa48,1,0
20260903,UCiLmCoftZHWXSFuQlnEJSsQ,PiikNxCE5_Q,101,2,7,ogh0HVpi8LI,1,0
20260903,UCiLmCoftZHWXSFuQlnEJSsQ,PiikNxCE5_Q,102,4,7,pFp3zUQkeDU,1,1
20260903,UCiLmCoftZHWXSFuQlnEJSsQ,PiikNxCE5_Q,104,5,7,pi8zBB4s_mc,2,0
20260903,UCiLmCoftZHWXSFuQlnEJSsQ,PiikNxCE5_Q,101,9,7,pwSvTwOczAk,1,0
20260903,UCiLmCoftZHWXSFuQlnEJSsQ,PiikNxCE5_Q,104,5,7,qUzXtUsVgH8,1,0
20260903,UCiLmCoftZHWXSFuQlnEJSsQ,PiikNxCE5_Q,105,5,7,r7CsZrgS98g,1,0
20260903,UCiLmCoftZHWXSFuQlnEJSsQ,PiikNxCE5_Q,101,2,7,rSNhDgGJvPU,1,1
20260903,UCiLmCoftZHWXSFuQlnEJSsQ,PiikNxCE5_Q,104,5,7,rYJX3xtJ2zY,1,0
20260903,UCiLmCoftZHWXSFuQlnEJSsQ,PiikNxCE5_Q,104,4,7,rZdtVer9Yow,1,0
20260903,UCiLmCoftZHWXSFuQlnEJSsQ,PiikNxCE5_Q,104,4,7,sw3pxRNw-Fk,1,0
20260903,UCiLmCoftZHWXSFuQlnEJSsQ,PiikNxCE5_Q,104,5,7,t0YmEIY-fx8,1,1
20260903,UCiLmCoftZHWXSFuQlnEJSsQ,PiikNxCE5_Q,102,29,7,t1c6k8RTW7c,1,0
20260903,UCiLmCoftZHWXSFuQlnEJSsQ,PiikNxCE5_Q,103,10,7,t1c6k8RTW7c,1,0
20260903,UCiLmCoftZHWXSFuQlnEJSsQ,PiikNxCE5_Q,104,5,7,t1c6k8RTW7c,1,0
20260903,UCiLmCoftZHWXSFuQlnEJSsQ,PiikNxCE5_Q,102,31,7,tSDbvX84oRA,1,0
20260903,UCiLmCoftZHWXSFuQlnEJSsQ,PiikNxCE5_Q,103,27,7,tWJtwIm1wpE,1,0
20260903,UCiLmCoftZHWXSFuQlnEJSsQ,PiikNxCE5_Q,101,2,7,tYy4pafh98M,1,0
20260903,UCiLmCoftZHWXSFuQlnEJSsQ,PiikNxCE5_Q,101,2,7,tcgmZzmbcm0,1,0
20260903,UCiLmCoftZHWXSFuQlnEJSsQ,PiikNxCE5_Q,105,5,7,u9wxdRrwavY,1,1
20260903,UCiLmCoftZHWXSFuQlnEJSsQ,PiikNxCE5_Q,102,4,7,uoL37JAHtPo,1,0
20260903,UCiLmCoftZHWXSFuQlnEJSsQ,PiikNxCE5_Q,102,4,7,vHIbNZza5As,1,0
20260903,UCiLmCoftZHWXSFuQlnEJSsQ,PiikNxCE5_Q,102,4,7,vJ48w5iY8oQ,1,0
20260903,UCiLmCoftZHWXSFuQlnEJSsQ,PiikNxCE5_Q,104,4,7,vJ48w5iY8oQ,1,0
20260903,UCiLmCoftZHWXSFuQlnEJSsQ,PiikNxCE5_Q,104,5,7,vXG62l-RTxU,1,0
20260903,UCiLmCoftZHWXSFuQlnEJSsQ,PiikNxCE5_Q,104,4,7,vZ_dZvvKD_Q,2,0
20260903,UCiLmCoftZHWXSFuQlnEJSsQ,PiikNxCE5_Q,103,10,7,vehF0YexSjk,1,0
20260903,UCiLmCoftZHWXSFuQlnEJSsQ,PiikNxCE5_Q,104,4,7,vehF0YexSjk,2,0
20260903,UCiLmCoftZHWXSFuQlnEJSsQ,PiikNxCE5_Q,104,5,7,vehF0YexSjk,2,0
20260903,UCiLmCoftZHWXSFuQlnEJSsQ,PiikNxCE5_Q,101,2,7,vqvBTPmehe8,2,0
20260903,UCiLmCoftZHWXSFuQlnEJSsQ,PiikNxCE5_Q,102,19,7,wLfkTrpeSL4,1,0
20260903,UCiLmCoftZHWXSFuQlnEJSsQ,PiikNxCE5_Q,104,4,7,wLfkTrpeSL4,1,0
20260903,UCiLmCoftZHWXSFuQlnEJSsQ,PiikNxCE5_Q,101,2,7,wO2z79qqB1Y,3,0
20260903,UCiLmCoftZHWXSFuQlnEJSsQ,PiikNxCE5_Q,101,9,7,xJinruGKA04,1,0
20260903,UCiLmCoftZHWXSFuQlnEJSsQ,PiikNxCE5_Q,102,1,7,xKHvkqcNR70,1,1
20260903,UCiLmCoftZHWXSFuQlnEJSsQ,PiikNxCE5_Q,104,5,7,xmlK6MI4LIY,1,0
20260903,UCiLmCoftZHWXSFuQlnEJSsQ,PiikNxCE5_Q,104,5,7,yZYy53o-ZyM,1,0
20260903,UCiLmCoftZHWXSFuQlnEJSsQ,PiikNxCE5_Q,102,31,7,zMw2Bkk6u7o,1,0
20260903,UCiLmCoftZHWXSFuQlnEJSsQ,PiikNxCE5_Q,104,4,18,unknown,1,0
20260903,UCiLmCoftZHWXSFuQlnEJSsQ,PiikNxCE5_Q,104,5,18,unknown,4,0
20260903,UCiLmCoftZHWXSFuQlnEJSsQ,PmD_nggctn4,101,2,3,what-to-watch,48,0
20260903,UCiLmCoftZHWXSFuQlnEJSsQ,PmD_nggctn4,101,9,3,what-to-watch,9,0
20260903,UCiLmCoftZHWXSFuQlnEJSsQ,PmD_nggctn4,101,30,3,what-to-watch,1,0
20260903,UCiLmCoftZHWXSFuQlnEJSsQ,PmD_nggctn4,102,1,3,what-to-watch,9,0
20260903,UCiLmCoftZHWXSFuQlnEJSsQ,PmD_nggctn4,102,4,3,what-to-watch,28,0
20260903,UCiLmCoftZHWXSFuQlnEJSsQ,PmD_nggctn4,102,12,3,what-to-watch,1,0
20260903,UCiLmCoftZHWXSFuQlnEJSsQ,PmD_nggctn4,102,19,3,what-to-watch,4,0
20260903,UCiLmCoftZHWXSFuQlnEJSsQ,PmD_nggctn4,102,21,3,what-to-watch,4,0
20260903,UCiLmCoftZHWXSFuQlnEJSsQ,PmD_nggctn4,102,26,3,what-to-watch,2,0
20260903,UCiLmCoftZHWXSFuQlnEJSsQ,PmD_nggctn4,102,29,3,what-to-watch,27,0.037037037037037035
20260903,UCiLmCoftZHWXSFuQlnEJSsQ,PmD_nggctn4,102,31,3,what-to-watch,1,0
20260903,UCiLmCoftZHWXSFuQlnEJSsQ,PmD_nggctn4,103,10,3,what-to-watch,8,0
20260903,UCiLmCoftZHWXSFuQlnEJSsQ,PmD_nggctn4,103,27,3,what-to-watch,9,0
20260903,UCiLmCoftZHWXSFuQlnEJSsQ,PmD_nggctn4,104,4,3,what-to-watch,39,0.02564102564102564
20260903,UCiLmCoftZHWXSFuQlnEJSsQ,PmD_nggctn4,104,5,3,what-to-watch,110,0.06363636363636363
20260903,UCiLmCoftZHWXSFuQlnEJSsQ,PmD_nggctn4,105,5,3,what-to-watch,98,0
20260903,UCiLmCoftZHWXSFuQlnEJSsQ,PmD_nggctn4,101,2,4,UCiLmCoftZHWXSFuQlnEJSsQ,1,0
20260903,UCiLmCoftZHWXSFuQlnEJSsQ,PmD_nggctn4,102,29,4,UCiLmCoftZHWXSFuQlnEJSsQ,1,0
20260903,UCiLmCoftZHWXSFuQlnEJSsQ,PmD_nggctn4,104,5,4,UCiLmCoftZHWXSFuQlnEJSsQ,17,0
20260903,UCiLmCoftZHWXSFuQlnEJSsQ,PmD_nggctn4,101,2,5,unknown,10,0.1
20260903,UCiLmCoftZHWXSFuQlnEJSsQ,PmD_nggctn4,101,9,5,unknown,4,0
20260903,UCiLmCoftZHWXSFuQlnEJSsQ,PmD_nggctn4,101,30,5,unknown,1,0
20260903,UCiLmCoftZHWXSFuQlnEJSsQ,PmD_nggctn4,102,1,5,unknown,12,0
20260903,UCiLmCoftZHWXSFuQlnEJSsQ,PmD_nggctn4,102,4,5,unknown,49,0
20260903,UCiLmCoftZHWXSFuQlnEJSsQ,PmD_nggctn4,102,12,5,unknown,5,0
20260903,UCiLmCoftZHWXSFuQlnEJSsQ,PmD_nggctn4,102,19,5,unknown,14,0
20260903,UCiLmCoftZHWXSFuQlnEJSsQ,PmD_nggctn4,102,29,5,unknown,39,0.02564102564102564
20260903,UCiLmCoftZHWXSFuQlnEJSsQ,PmD_nggctn4,102,31,5,unknown,13,0
20260903,UCiLmCoftZHWXSFuQlnEJSsQ,PmD_nggctn4,103,10,5,unknown,6,0
20260903,UCiLmCoftZHWXSFuQlnEJSsQ,PmD_nggctn4,103,27,5,unknown,7,0
20260903,UCiLmCoftZHWXSFuQlnEJSsQ,PmD_nggctn4,104,4,5,unknown,58,0.034482758620689655
20260903,UCiLmCoftZHWXSFuQlnEJSsQ,PmD_nggctn4,104,5,5,unknown,143,0.048951048951048952
20260903,UCiLmCoftZHWXSFuQlnEJSsQ,PmD_nggctn4,105,5,5,unknown,49,0.040816326530612242
20260903,UCiLmCoftZHWXSFuQlnEJSsQ,PmD_nggctn4,104,5,7,--rTmGtUFhI,2,0
20260903,UCiLmCoftZHWXSFuQlnEJSsQ,PmD_nggctn4,102,4,7,-1NvzQlsxpg,1,0
20260903,UCiLmCoftZHWXSFuQlnEJSsQ,PmD_nggctn4,101,2,7,-4nXxTWp--E,1,0
20260903,UCiLmCoftZHWXSFuQlnEJSsQ,PmD_nggctn4,101,2,7,-6PDApkTsQI,1,0
20260903,UCiLmCoftZHWXSFuQlnEJSsQ,PmD_nggctn4,101,2,7,-8XSGqO7vwk,1,0
20260903,UCiLmCoftZHWXSFuQlnEJSsQ,PmD_nggctn4,104,5,7,-AfcH4P8Sik,1,0
20260903,UCiLmCoftZHWXSFuQlnEJSsQ,PmD_nggctn4,105,5,7,-HYJ7pJdFLY,1,0
20260903,UCiLmCoftZHWXSFuQlnEJSsQ,PmD_nggctn4,104,5,7,-KrxHA395Bk,1,0
20260903,UCiLmCoftZHWXSFuQlnEJSsQ,PmD_nggctn4,102,4,7,-LGxusZlFUg,1,0
20260903,UCiLmCoftZHWXSFuQlnEJSsQ,PmD_nggctn4,103,10,7,-MN4InthzFY,1,0
20260903,UCiLmCoftZHWXSFuQlnEJSsQ,PmD_nggctn4,101,2,7,-XmJkP4WwYI,1,0
20260903,UCiLmCoftZHWXSFuQlnEJSsQ,PmD_nggctn4,105,5,7,-XmJkP4WwYI,2,0
20260903,UCiLmCoftZHWXSFuQlnEJSsQ,PmD_nggctn4,101,9,7,-Z3leFOYbeQ,1,0
20260903,UCiLmCoftZHWXSFuQlnEJSsQ,PmD_nggctn4,104,4,7,-Z3leFOYbeQ,1,0
20260903,UCiLmCoftZHWXSFuQlnEJSsQ,PmD_nggctn4,104,5,7,-Z3leFOYbeQ,1,0
20260903,UCiLmCoftZHWXSFuQlnEJSsQ,PmD_nggctn4,104,5,7,-_Ri4k-OJVI,1,0
20260903,UCiLmCoftZHWXSFuQlnEJSsQ,PmD_nggctn4,101,9,7,-arwzWGKDDA,1,0
20260903,UCiLmCoftZHWXSFuQlnEJSsQ,PmD_nggctn4,102,4,7,-arwzWGKDDA,2,0
20260903,UCiLmCoftZHWXSFuQlnEJSsQ,PmD_nggctn4,101,2,7,-diBRfh5Uz8,7,0
20260903,UCiLmCoftZHWXSFuQlnEJSsQ,PmD_nggctn4,101,9,7,-diBRfh5Uz8,1,0
20260903,UCiLmCoftZHWXSFuQlnEJSsQ,PmD_nggctn4,102,4,7,-diBRfh5Uz8,1,0
20260903,UCiLmCoftZHWXSFuQlnEJSsQ,PmD_nggctn4,102,29,7,-diBRfh5Uz8,3,0
20260903,UCiLmCoftZHWXSFuQlnEJSsQ,PmD_nggctn4,104,4,7,-diBRfh5Uz8,2,0
20260903,UCiLmCoftZHWXSFuQlnEJSsQ,PmD_nggctn4,104,5,7,-diBRfh5Uz8,19,0
20260903,UCiLmCoftZHWXSFuQlnEJSsQ,PmD_nggctn4,105,5,7,-diBRfh5Uz8,2,0
20260903,UCiLmCoftZHWXSFuQlnEJSsQ,PmD_nggctn4,104,5,7,-nGAkiMOV4M,2,0
20260903,UCiLmCoftZHWXSFuQlnEJSsQ,PmD_nggctn4,101,2,7,-tK0Y887GCs,1,0
20260903,UCiLmCoftZHWXSFuQlnEJSsQ,PmD_nggctn4,104,5,7,-tK0Y887GCs,1,0
20260903,UCiLmCoftZHWXSFuQlnEJSsQ,PmD_nggctn4,104,5,7,-umAq9u-itA,1,0
20260903,UCiLmCoftZHWXSFuQlnEJSsQ,PmD_nggctn4,101,30,7,-wyFdspHrt0,1,0
20260903,UCiLmCoftZHWXSFuQlnEJSsQ,PmD_nggctn4,102,31,7,-x0pwLfoz-A,1,0
20260903,UCiLmCoftZHWXSFuQlnEJSsQ,PmD_nggctn4,101,2,7,04b7_DhL-_k,1,0
20260903,UCiLmCoftZHWXSFuQlnEJSsQ,PmD_nggctn4,104,5,7,04b7_DhL-_k,1,0
20260903,UCiLmCoftZHWXSFuQlnEJSsQ,PmD_nggctn4,104,5,7,07cJNrNOclw,1,0
20260903,UCiLmCoftZHWXSFuQlnEJSsQ,PmD_nggctn4,102,29,7,08W44IgzoSI,1,0
20260903,UCiLmCoftZHWXSFuQlnEJSsQ,PmD_nggctn4,101,2,7,0DcRCrm0lYQ,1,0
20260903,UCiLmCoftZHWXSFuQlnEJSsQ,PmD_nggctn4,104,5,7,0Tz14SKYbiA,1,0
20260903,UCiLmCoftZHWXSFuQlnEJSsQ,PmD_nggctn4,101,2,7,0VBib8nCBd0,1,0
20260903,UCiLmCoftZHWXSFuQlnEJSsQ,PmD_nggctn4,104,5,7,0VBib8nCBd0,9,0
20260903,UCiLmCoftZHWXSFuQlnEJSsQ,PmD_nggctn4,104,5,7,0bFfW-VIJHM,1,0
20260903,UCiLmCoftZHWXSFuQlnEJSsQ,PmD_nggctn4,101,2,7,0g76elVK2jo,2,0
20260903,UCiLmCoftZHWXSFuQlnEJSsQ,PmD_nggctn4,104,4,7,0g76elVK2jo,1,0
20260903,UCiLmCoftZHWXSFuQlnEJSsQ,PmD_nggctn4,104,5,7,0g76elVK2jo,1,0
20260903,UCiLmCoftZHWXSFuQlnEJSsQ,PmD_nggctn4,104,5,7,0gvrLAh8_F4,1,0
20260903,UCiLmCoftZHWXSFuQlnEJSsQ,PmD_nggctn4,105,5,7,0lYfgOTPSXk,1,0
20260903,UCiLmCoftZHWXSFuQlnEJSsQ,PmD_nggctn4,101,30,7,0srPJJAADts,1,0
20260903,UCiLmCoftZHWXSFuQlnEJSsQ,PmD_nggctn4,103,10,7,0v9URN7Ox4E,1,0
20260903,UCiLmCoftZHWXSFuQlnEJSsQ,PmD_nggctn4,104,5,7,0v9URN7Ox4E,1,0
20260903,UCiLmCoftZHWXSFuQlnEJSsQ,PmD_nggctn4,101,2,7,0xlNP3tKfa4,2,0
20260903,UCiLmCoftZHWXSFuQlnEJSsQ,PmD_nggctn4,102,4,7,11SXnMJKljk,1,0
20260903,UCiLmCoftZHWXSFuQlnEJSsQ,PmD_nggctn4,101,2,7,11vrpJcYqDs,1,0
20260903,UCiLmCoftZHWXSFuQlnEJSsQ,PmD_nggctn4,104,4,7,11vrpJcYqDs,1,0
20260903,UCiLmCoftZHWXSFuQlnEJSsQ,PmD_nggctn4,104,5,7,11vrpJcYqDs,1,0
20260903,UCiLmCoftZHWXSFuQlnEJSsQ,PmD_nggctn4,104,5,7,149p_qv0UvU,1,0
20260903,UCiLmCoftZHWXSFuQlnEJSsQ,PmD_nggctn4,105,5,7,149p_qv0UvU,1,0
20260903,UCiLmCoftZHWXSFuQlnEJSsQ,PmD_nggctn4,104,5,7,17NBPoc78oM,1,0
20260903,UCiLmCoftZHWXSFuQlnEJSsQ,PmD_nggctn4,104,5,7,18ep2MJowUE,2,0
20260903,UCiLmCoftZHWXSFuQlnEJSsQ,PmD_nggctn4,105,5,7,19BBJTg9Ln4,1,0
20260903,UCiLmCoftZHWXSFuQlnEJSsQ,PmD_nggctn4,104,4,7,1B5VZFDujjA,1,1
20260903,UCiLmCoftZHWXSFuQlnEJSsQ,PmD_nggctn4,102,29,7,1D71HZPDMOo,1,0
20260903,UCiLmCoftZHWXSFuQlnEJSsQ,PmD_nggctn4,104,5,7,1D71HZPDMOo,1,0
20260903,UCiLmCoftZHWXSFuQlnEJSsQ,PmD_nggctn4,104,5,7,1FBwoCbZdi4,1,1
20260903,UCiLmCoftZHWXSFuQlnEJSsQ,PmD_nggctn4,101,2,7,1QOkeT0cO4Q,1,0
20260903,UCiLmCoftZHWXSFuQlnEJSsQ,PmD_nggctn4,104,4,7,1QOkeT0cO4Q,1,0
20260903,UCiLmCoftZHWXSFuQlnEJSsQ,PmD_nggctn4,101,2,7,1UEfgbjA8Ss,1,0
20260903,UCiLmCoftZHWXSFuQlnEJSsQ,PmD_nggctn4,101,9,7,1UEfgbjA8Ss,1,0
20260903,UCiLmCoftZHWXSFuQlnEJSsQ,PmD_nggctn4,102,29,7,1UEfgbjA8Ss,1,0
20260903,UCiLmCoftZHWXSFuQlnEJSsQ,PmD_nggctn4,104,5,7,1UEfgbjA8Ss,1,0
20260903,UCiLmCoftZHWXSFuQlnEJSsQ,PmD_nggctn4,104,5,7,1V3elHdwTbU,1,0
20260903,UCiLmCoftZHWXSFuQlnEJSsQ,PmD_nggctn4,105,5,7,1VjPy45toO4,1,0
20260903,UCiLmCoftZHWXSFuQlnEJSsQ,PmD_nggctn4,101,2,7,1_36Psr6txg,1,0
20260903,UCiLmCoftZHWXSFuQlnEJSsQ,PmD_nggctn4,104,4,7,1_36Psr6txg,1,0
20260903,UCiLmCoftZHWXSFuQlnEJSsQ,PmD_nggctn4,104,5,7,1_36Psr6txg,2,0.5
20260903,UCiLmCoftZHWXSFuQlnEJSsQ,PmD_nggctn4,105,5,7,1_36Psr6txg,1,0
20260903,UCiLmCoftZHWXSFuQlnEJSsQ,PmD_nggctn4,101,2,7,1dLBG9BH8UM,1,0
20260903,UCiLmCoftZHWXSFuQlnEJSsQ,PmD_nggctn4,104,4,7,1dLBG9BH8UM,1,0
20260903,UCiLmCoftZHWXSFuQlnEJSsQ,PmD_nggctn4,104,5,7,1dLBG9BH8UM,1,0
20260903,UCiLmCoftZHWXSFuQlnEJSsQ,PmD_nggctn4,104,5,7,1kE64Tj8I2A,2,0
20260903,UCiLmCoftZHWXSFuQlnEJSsQ,PmD_nggctn4,104,5,7,1lxxvooLIR0,1,0
20260903,UCiLmCoftZHWXSFuQlnEJSsQ,PmD_nggctn4,104,5,7,1nAuvWtw5nI,1,0
20260903,UCiLmCoftZHWXSFuQlnEJSsQ,PmD_nggctn4,104,5,7,1pHjvVF8PRI,1,0
20260903,UCiLmCoftZHWXSFuQlnEJSsQ,PmD_nggctn4,101,2,7,1s-MVuXayVY,1,0
20260903,UCiLmCoftZHWXSFuQlnEJSsQ,PmD_nggctn4,104,5,7,1s-MVuXayVY,1,0
20260903,UCiLmCoftZHWXSFuQlnEJSsQ,PmD_nggctn4,101,2,7,24JGkMQ3la0,1,0
20260903,UCiLmCoftZHWXSFuQlnEJSsQ,PmD_nggctn4,104,5,7,2Ep8DdVonAQ,1,0
20260903,UCiLmCoftZHWXSFuQlnEJSsQ,PmD_nggctn4,103,10,7,2GLwWHfd1Rc,1,0
20260903,UCiLmCoftZHWXSFuQlnEJSsQ,PmD_nggctn4,104,5,7,2GLwWHfd1Rc,1,0
20260903,UCiLmCoftZHWXSFuQlnEJSsQ,PmD_nggctn4,104,4,7,2Gbyu3jZUBQ,1,0
20260903,UCiLmCoftZHWXSFuQlnEJSsQ,PmD_nggctn4,104,5,7,2T4QfhqwnFc,1,1
20260903,UCiLmCoftZHWXSFuQlnEJSsQ,PmD_nggctn4,104,4,7,2V5cBKqDRM8,1,0
20260903,UCiLmCoftZHWXSFuQlnEJSsQ,PmD_nggctn4,101,2,7,2WlZNbOiAZI,4,0
20260903,UCiLmCoftZHWXSFuQlnEJSsQ,PmD_nggctn4,101,9,7,2WlZNbOiAZI,1,0
20260903,UCiLmCoftZHWXSFuQlnEJSsQ,PmD_nggctn4,102,1,7,2WlZNbOiAZI,1,0
20260903,UCiLmCoftZHWXSFuQlnEJSsQ,PmD_nggctn4,102,4,7,2WlZNbOiAZI,1,0
20260903,UCiLmCoftZHWXSFuQlnEJSsQ,PmD_nggctn4,104,4,7,2WlZNbOiAZI,1,0
20260903,UCiLmCoftZHWXSFuQlnEJSsQ,PmD_nggctn4,104,5,7,2WlZNbOiAZI,6,0
20260903,UCiLmCoftZHWXSFuQlnEJSsQ,PmD_nggctn4,105,5,7,2WlZNbOiAZI,2,0
20260903,UCiLmCoftZHWXSFuQlnEJSsQ,PmD_nggctn4,102,4,7,2Zn4pzs5RqY,1,0
20260903,UCiLmCoftZHWXSFuQlnEJSsQ,PmD_nggctn4,101,2,7,2b_XBGYqJVU,1,0
20260903,UCiLmCoftZHWXSFuQlnEJSsQ,PmD_nggctn4,104,5,7,2c8_LKtPTF4,2,0
20260903,UCiLmCoftZHWXSFuQlnEJSsQ,PmD_nggctn4,104,5,7,2dyjWOPHm1w,1,0
20260903,UCiLmCoftZHWXSFuQlnEJSsQ,PmD_nggctn4,101,2,7,2kJxIQQqraY,1,1
20260903,UCiLmCoftZHWXSFuQlnEJSsQ,PmD_nggctn4,101,2,7,2ltZx6FkU4w,1,0
20260903,UCiLmCoftZHWXSFuQlnEJSsQ,PmD_nggctn4,102,4,7,2ltZx6FkU4w,1,0
20260903,UCiLmCoftZHWXSFuQlnEJSsQ,PmD_nggctn4,104,4,7,2ltZx6FkU4w,1,0
20260903,UCiLmCoftZHWXSFuQlnEJSsQ,PmD_nggctn4,104,5,7,2ltZx6FkU4w,2,0
20260903,UCiLmCoftZHWXSFuQlnEJSsQ,PmD_nggctn4,101,2,7,2nOHrLolG08,3,0
20260903,UCiLmCoftZHWXSFuQlnEJSsQ,PmD_nggctn4,102,29,7,2nOHrLolG08,1,0
20260903,UCiLmCoftZHWXSFuQlnEJSsQ,PmD_nggctn4,104,4,7,2nOHrLolG08,1,0
20260903,UCiLmCoftZHWXSFuQlnEJSsQ,PmD_nggctn4,104,5,7,2nOHrLolG08,3,0
20260903,UCiLmCoftZHWXSFuQlnEJSsQ,PmD_nggctn4,102,29,7,34rJB8KhHtU,1,0
20260903,UCiLmCoftZHWXSFuQlnEJSsQ,PmD_nggctn4,104,4,7,34rJB8KhHtU,1,0
20260903,UCiLmCoftZHWXSFuQlnEJSsQ,PmD_nggctn4,104,5,7,34rJB8KhHtU,2,0.5
20260903,UCiLmCoftZHWXSFuQlnEJSsQ,PmD_nggctn4,104,5,7,37S6BaPkK58,1,0
20260903,UCiLmCoftZHWXSFuQlnEJSsQ,PmD_nggctn4,104,5,7,3CMO42NZGsE,1,0
20260903,UCiLmCoftZHWXSFuQlnEJSsQ,PmD_nggctn4,104,5,7,3L093J91TBM,3,0
20260903,UCiLmCoftZHWXSFuQlnEJSsQ,PmD_nggctn4,104,4,7,3LRBec_3vb4,2,0
20260903,UCiLmCoftZHWXSFuQlnEJSsQ,PmD_nggctn4,104,5,7,3PU0LFTjRdA,1,0
20260903,UCiLmCoftZHWXSFuQlnEJSsQ,PmD_nggctn4,101,2,7,3PyKElIFXQA,2,0
20260903,UCiLmCoftZHWXSFuQlnEJSsQ,PmD_nggctn4,104,5,7,3Q63i0ZNTsw,1,0
20260903,UCiLmCoftZHWXSFuQlnEJSsQ,PmD_nggctn4,101,2,7,3ba0zZbSkwk,1,0
20260903,UCiLmCoftZHWXSFuQlnEJSsQ,PmD_nggctn4,104,5,7,3gTu8yZQ9s0,1,0
20260903,UCiLmCoftZHWXSFuQlnEJSsQ,PmD_nggctn4,103,10,7,3s7WW_aJ08o,1,0
20260903,UCiLmCoftZHWXSFuQlnEJSsQ,PmD_nggctn4,102,29,7,3t6LWVLxHcU,1,0
20260903,UCiLmCoftZHWXSFuQlnEJSsQ,PmD_nggctn4,105,5,7,3t6LWVLxHcU,1,0
20260903,UCiLmCoftZHWXSFuQlnEJSsQ,PmD_nggctn4,104,4,7,4ACPwD_yUmk,1,0
20260903,UCiLmCoftZHWXSFuQlnEJSsQ,PmD_nggctn4,104,5,7,4EGcHSFFNZM,2,0
20260903,UCiLmCoftZHWXSFuQlnEJSsQ,PmD_nggctn4,104,5,7,4QF4Kdb_1kA,2,0
20260903,UCiLmCoftZHWXSFuQlnEJSsQ,PmD_nggctn4,104,5,7,4QF8S2QZml8,1,0
20260903,UCiLmCoftZHWXSFuQlnEJSsQ,PmD_nggctn4,104,5,7,4UgbU2XNeDA,2,0.5
20260903,UCiLmCoftZHWXSFuQlnEJSsQ,PmD_nggctn4,105,5,7,4Ure2P2cYG8,1,1
20260903,UCiLmCoftZHWXSFuQlnEJSsQ,PmD_nggctn4,101,9,7,4WDdu79-yj8,1,0
20260903,UCiLmCoftZHWXSFuQlnEJSsQ,PmD_nggctn4,101,9,7,4aQkKF71cXc,1,0
20260903,UCiLmCoftZHWXSFuQlnEJSsQ,PmD_nggctn4,104,4,7,4aQkKF71cXc,2,0
20260903,UCiLmCoftZHWXSFuQlnEJSsQ,PmD_nggctn4,104,5,7,4aQkKF71cXc,1,0
20260903,UCiLmCoftZHWXSFuQlnEJSsQ,PmD_nggctn4,101,9,7,4fbu37bYZYQ,1,0
20260903,UCiLmCoftZHWXSFuQlnEJSsQ,PmD_nggctn4,104,5,7,4fmGhGN85VY,1,0
20260903,UCiLmCoftZHWXSFuQlnEJSsQ,PmD_nggctn4,102,4,7,4l4m-_3Gdb4,1,0
20260903,UCiLmCoftZHWXSFuQlnEJSsQ,PmD_nggctn4,101,2,7,4pdn4YFrDcs,1,0
20260903,UCiLmCoftZHWXSFuQlnEJSsQ,PmD_nggctn4,104,4,7,4qH_agwZln0,1,0
20260903,UCiLmCoftZHWXSFuQlnEJSsQ,PmD_nggctn4,101,30,7,4yWs7uDmsiI,1,0
20260903,UCiLmCoftZHWXSFuQlnEJSsQ,PmD_nggctn4,104,5,7,54h3kvzyf0k,1,0
20260903,UCiLmCoftZHWXSFuQlnEJSsQ,PmD_nggctn4,101,9,7,57V50MOYeno,1,0
20260903,UCiLmCoftZHWXSFuQlnEJSsQ,PmD_nggctn4,101,2,7,5DXqEa-7-Wg,1,0
20260903,UCiLmCoftZHWXSFuQlnEJSsQ,PmD_nggctn4,105,5,7,5G-XJpXtKWE,1,0
20260903,UCiLmCoftZHWXSFuQlnEJSsQ,PmD_nggctn4,105,5,7,5Ik_LvLpaBM,1,0
20260903,UCiLmCoftZHWXSFuQlnEJSsQ,PmD_nggctn4,101,2,7,5JnHIaIr-GY,1,0
20260903,UCiLmCoftZHWXSFuQlnEJSsQ,PmD_nggctn4,102,1,7,5LWvbg_9Pjk,1,1
20260903,UCiLmCoftZHWXSFuQlnEJSsQ,PmD_nggctn4,103,27,7,5LWvbg_9Pjk,1,0
20260903,UCiLmCoftZHWXSFuQlnEJSsQ,PmD_nggctn4,104,4,7,5LWvbg_9Pjk,3,0.33333333333333331
20260903,UCiLmCoftZHWXSFuQlnEJSsQ,PmD_nggctn4,104,5,7,5LWvbg_9Pjk,7,0
20260903,UCiLmCoftZHWXSFuQlnEJSsQ,PmD_nggctn4,105,5,7,5LWvbg_9Pjk,1,0
20260903,UCiLmCoftZHWXSFuQlnEJSsQ,PmD_nggctn4,105,5,7,5PiG0B4uqJw,1,0
20260903,UCiLmCoftZHWXSFuQlnEJSsQ,PmD_nggctn4,101,2,7,5Q3OElrfzbU,1,0
20260903,UCiLmCoftZHWXSFuQlnEJSsQ,PmD_nggctn4,101,9,7,5bFXK5at69Y,1,0
20260903,UCiLmCoftZHWXSFuQlnEJSsQ,PmD_nggctn4,104,5,7,5kmyOfvucp8,1,0
20260903,UCiLmCoftZHWXSFuQlnEJSsQ,PmD_nggctn4,104,5,7,5rtzHClUGp0,3,0
20260903,UCiLmCoftZHWXSFuQlnEJSsQ,PmD_nggctn4,101,2,7,5surY09QjUU,1,0
20260903,UCiLmCoftZHWXSFuQlnEJSsQ,PmD_nggctn4,105,5,7,5vxXvWpTcdo,1,0
20260903,UCiLmCoftZHWXSFuQlnEJSsQ,PmD_nggctn4,102,29,7,5xJrSeVOK1w,1,0
20260903,UCiLmCoftZHWXSFuQlnEJSsQ,PmD_nggctn4,101,2,7,5zPVNJYe2rU,1,0
20260903,UCiLmCoftZHWXSFuQlnEJSsQ,PmD_nggctn4,104,4,7,5zPVNJYe2rU,1,1
20260903,UCiLmCoftZHWXSFuQlnEJSsQ,PmD_nggctn4,104,5,7,60fnmFrS4vA,1,0
20260903,UCiLmCoftZHWXSFuQlnEJSsQ,PmD_nggctn4,104,4,7,65qJmfx9E6M,1,0
20260903,UCiLmCoftZHWXSFuQlnEJSsQ,PmD_nggctn4,104,5,7,65qJmfx9E6M,1,0
20260903,UCiLmCoftZHWXSFuQlnEJSsQ,PmD_nggctn4,102,29,7,66T4PgpJDn8,1,0
20260903,UCiLmCoftZHWXSFuQlnEJSsQ,PmD_nggctn4,101,2,7,68lg7SNC8pU,1,0
20260903,UCiLmCoftZHWXSFuQlnEJSsQ,PmD_nggctn4,101,2,7,695EJm2i0ZA,1,0
20260903,UCiLmCoftZHWXSFuQlnEJSsQ,PmD_nggctn4,104,5,7,6BPXnvf32JU,1,0
20260903,UCiLmCoftZHWXSFuQlnEJSsQ,PmD_nggctn4,104,5,7,6DVcve5l4iA,1,0
20260903,UCiLmCoftZHWXSFuQlnEJSsQ,PmD_nggctn4,104,5,7,6EHJ6iLpacM,2,0
20260903,UCiLmCoftZHWXSFuQlnEJSsQ,PmD_nggctn4,105,5,7,6EfhFwhk4fc,1,0
20260903,UCiLmCoftZHWXSFuQlnEJSsQ,PmD_nggctn4,104,5,7,6IZq4Xt1RVI,1,0
20260903,UCiLmCoftZHWXSFuQlnEJSsQ,PmD_nggctn4,102,4,7,6NMqBhPkLnE,1,0
20260903,UCiLmCoftZHWXSFuQlnEJSsQ,PmD_nggctn4,104,5,7,6NMqBhPkLnE,3,0
20260903,UCiLmCoftZHWXSFuQlnEJSsQ,PmD_nggctn4,104,4,7,6SOuSn1PXJU,1,0
20260903,UCiLmCoftZHWXSFuQlnEJSsQ,PmD_nggctn4,104,4,7,6TDaGcSbm9M,1,0
20260903,UCiLmCoftZHWXSFuQlnEJSsQ,PmD_nggctn4,104,5,7,6TttDeHvFEY,1,0
20260903,UCiLmCoftZHWXSFuQlnEJSsQ,PmD_nggctn4,104,5,7,6X2ABuufZcg,1,0
20260903,UCiLmCoftZHWXSFuQlnEJSsQ,PmD_nggctn4,101,2,7,6dQ-2PWGqUc,1,0
20260903,UCiLmCoftZHWXSFuQlnEJSsQ,PmD_nggctn4,104,5,7,6dQ-2PWGqUc,5,0
20260903,UCiLmCoftZHWXSFuQlnEJSsQ,PmD_nggctn4,104,4,7,6e4RDUg6gwU,1,0
20260903,UCiLmCoftZHWXSFuQlnEJSsQ,PmD_nggctn4,104,5,7,6e4RDUg6gwU,1,0
20260903,UCiLmCoftZHWXSFuQlnEJSsQ,PmD_nggctn4,101,2,7,6eROMnlHv8Q,1,0
20260903,UCiLmCoftZHWXSFuQlnEJSsQ,PmD_nggctn4,101,9,7,6fKdAI0_cY4,1,0
20260903,UCiLmCoftZHWXSFuQlnEJSsQ,PmD_nggctn4,105,5,7,6m6tr3w6_-0,1,0
20260903,UCiLmCoftZHWXSFuQlnEJSsQ,PmD_nggctn4,104,5,7,6q32AP9ANR4,1,0
20260903,UCiLmCoftZHWXSFuQlnEJSsQ,PmD_nggctn4,105,5,7,6rbhtpWvvKo,1,0
20260903,UCiLmCoftZHWXSFuQlnEJSsQ,PmD_nggctn4,104,5,7,74ke51156M4,2,0
20260903,UCiLmCoftZHWXSFuQlnEJSsQ,PmD_nggctn4,104,5,7,78q00NTcasw,1,0
20260903,UCiLmCoftZHWXSFuQlnEJSsQ,PmD_nggctn4,105,5,7,7JmDul2g_LA,1,0
20260903,UCiLmCoftZHWXSFuQlnEJSsQ,PmD_nggctn4,105,5,7,7P6cUAhnNG4,1,0
20260903,UCiLmCoftZHWXSFuQlnEJSsQ,PmD_nggctn4,102,29,7,7UqHzZyGFsQ,1,1
20260903,UCiLmCoftZHWXSFuQlnEJSsQ,PmD_nggctn4,101,2,7,7VXKZenVhNs,1,0
20260903,UCiLmCoftZHWXSFuQlnEJSsQ,PmD_nggctn4,104,5,7,7VqCdhFGE78,2,0
20260903,UCiLmCoftZHWXSFuQlnEJSsQ,PmD_nggctn4,101,2,7,7W3LmNsEFcs,1,0
20260903,UCiLmCoftZHWXSFuQlnEJSsQ,PmD_nggctn4,101,2,7,7ah1icN4mfM,2,0
20260903,UCiLmCoftZHWXSFuQlnEJSsQ,PmD_nggctn4,102,1,7,7ah1icN4mfM,1,0
20260903,UCiLmCoftZHWXSFuQlnEJSsQ,PmD_nggctn4,102,4,7,7ah1icN4mfM,1,0
20260903,UCiLmCoftZHWXSFuQlnEJSsQ,PmD_nggctn4,104,5,7,7ah1icN4mfM,7,0
20260903,UCiLmCoftZHWXSFuQlnEJSsQ,PmD_nggctn4,104,5,7,7cmAYCEeRHE,2,0
20260903,UCiLmCoftZHWXSFuQlnEJSsQ,PmD_nggctn4,104,5,7,7hXBO5K69Qs,1,0
20260903,UCiLmCoftZHWXSFuQlnEJSsQ,PmD_nggctn4,102,4,7,7rgAP9FRHQw,1,0
20260903,UCiLmCoftZHWXSFuQlnEJSsQ,PmD_nggctn4,104,5,7,7tdNIjo1-LI,1,0
20260903,UCiLmCoftZHWXSFuQlnEJSsQ,PmD_nggctn4,105,5,7,7ubXgOAfoWg,1,0
20260903,UCiLmCoftZHWXSFuQlnEJSsQ,PmD_nggctn4,101,2,7,833EAafCHsY,1,0
20260903,UCiLmCoftZHWXSFuQlnEJSsQ,PmD_nggctn4,104,5,7,833EAafCHsY,1,0
20260903,UCiLmCoftZHWXSFuQlnEJSsQ,PmD_nggctn4,101,2,7,83O1933kChE,1,0
20260903,UCiLmCoftZHWXSFuQlnEJSsQ,PmD_nggctn4,104,5,7,86QEPifFYXo,1,0
20260903,UCiLmCoftZHWXSFuQlnEJSsQ,PmD_nggctn4,104,5,7,8BG1qeZyuWk,3,0
20260903,UCiLmCoftZHWXSFuQlnEJSsQ,PmD_nggctn4,105,5,7,8BG1qeZyuWk,1,0
20260903,UCiLmCoftZHWXSFuQlnEJSsQ,PmD_nggctn4,104,5,7,8BbSwBPmchs,1,0
20260903,UCiLmCoftZHWXSFuQlnEJSsQ,PmD_nggctn4,104,5,7,8Bts-nwxEeA,2,0
20260903,UCiLmCoftZHWXSFuQlnEJSsQ,PmD_nggctn4,104,4,7,8JrmikBOBZk,1,0
20260903,UCiLmCoftZHWXSFuQlnEJSsQ,PmD_nggctn4,104,5,7,8KweglZRZYs,1,0
20260903,UCiLmCoftZHWXSFuQlnEJSsQ,PmD_nggctn4,104,5,7,8MWVRc_F5hk,1,0
20260903,UCiLmCoftZHWXSFuQlnEJSsQ,PmD_nggctn4,104,5,7,8Qndz14siUg,1,0
20260903,UCiLmCoftZHWXSFuQlnEJSsQ,PmD_nggctn4,104,5,7,8SOiZrfloV0,1,0
20260903,UCiLmCoftZHWXSFuQlnEJSsQ,PmD_nggctn4,101,2,7,8TeHaXjlnVU,1,0
20260903,UCiLmCoftZHWXSFuQlnEJSsQ,PmD_nggctn4,104,5,7,8_tqiHBpc3U,1,0
20260903,UCiLmCoftZHWXSFuQlnEJSsQ,PmD_nggctn4,104,5,7,8hsjYIlJbQE,1,0
20260903,UCiLmCoftZHWXSFuQlnEJSsQ,PmD_nggctn4,101,9,7,8i_XdYb-Wdg,1,0
20260903,UCiLmCoftZHWXSFuQlnEJSsQ,PmD_nggctn4,104,5,7,8id6i_QeNJM,1,0
20260903,UCiLmCoftZHWXSFuQlnEJSsQ,PmD_nggctn4,103,10,7,8pqp4YdvyYI,1,0
20260903,UCiLmCoftZHWXSFuQlnEJSsQ,PmD_nggctn4,104,4,7,8rDtL7XuvxQ,1,0
20260903,UCiLmCoftZHWXSFuQlnEJSsQ,PmD_nggctn4,104,5,7,8wwHWz4qjZ8,1,0
20260903,UCiLmCoftZHWXSFuQlnEJSsQ,PmD_nggctn4,104,5,7,8yBfCjTuzIg,1,0
20260903,UCiLmCoftZHWXSFuQlnEJSsQ,PmD_nggctn4,102,4,7,8ygb-8qgMAE,1,0
20260903,UCiLmCoftZHWXSFuQlnEJSsQ,PmD_nggctn4,104,5,7,8ymq3cHWXxc,1,0
20260903,UCiLmCoftZHWXSFuQlnEJSsQ,PmD_nggctn4,101,2,7,9-vopTQH-9o,1,0
20260903,UCiLmCoftZHWXSFuQlnEJSsQ,PmD_nggctn4,102,12,7,91CkV10VthM,1,0
20260903,UCiLmCoftZHWXSFuQlnEJSsQ,PmD_nggctn4,104,5,7,91CkV10VthM,3,0.33333333333333331
20260903,UCiLmCoftZHWXSFuQlnEJSsQ,PmD_nggctn4,105,5,7,91CkV10VthM,1,0
20260903,UCiLmCoftZHWXSFuQlnEJSsQ,PmD_nggctn4,104,5,7,93Xm-oMIsvo,1,0
20260903,UCiLmCoftZHWXSFuQlnEJSsQ,PmD_nggctn4,104,5,7,96hniAkhDdA,1,1
20260903,UCiLmCoftZHWXSFuQlnEJSsQ,PmD_nggctn4,101,2,7,98-G0tbYciM,1,0
20260903,UCiLmCoftZHWXSFuQlnEJSsQ,PmD_nggctn4,104,5,7,9HdlqerBf5Q,3,0
20260903,UCiLmCoftZHWXSFuQlnEJSsQ,PmD_nggctn4,104,5,7,9LtdQ-1ZM24,1,0
20260903,UCiLmCoftZHWXSFuQlnEJSsQ,PmD_nggctn4,104,5,7,9P2mI9aJCPk,1,0
20260903,UCiLmCoftZHWXSFuQlnEJSsQ,PmD_nggctn4,105,5,7,9RTQVl9LgPw,1,0
20260903,UCiLmCoftZHWXSFuQlnEJSsQ,PmD_nggctn4,101,2,7,9SGVUi_eP9k,3,0
20260903,UCiLmCoftZHWXSFuQlnEJSsQ,PmD_nggctn4,101,9,7,9SGVUi_eP9k,1,0
20260903,UCiLmCoftZHWXSFuQlnEJSsQ,PmD_nggctn4,102,1,7,9SGVUi_eP9k,1,0
20260903,UCiLmCoftZHWXSFuQlnEJSsQ,PmD_nggctn4,103,10,7,9SGVUi_eP9k,1,0
20260903,UCiLmCoftZHWXSFuQlnEJSsQ,PmD_nggctn4,104,4,7,9SGVUi_eP9k,1,0
20260903,UCiLmCoftZHWXSFuQlnEJSsQ,PmD_nggctn4,104,5,7,9SGVUi_eP9k,14,0.14285714285714285
20260903,UCiLmCoftZHWXSFuQlnEJSsQ,PmD_nggctn4,105,5,7,9SGVUi_eP9k,1,0
20260903,UCiLmCoftZHWXSFuQlnEJSsQ,PmD_nggctn4,102,31,7,9SRSSk-YkAU,1,0
20260903,UCiLmCoftZHWXSFuQlnEJSsQ,PmD_nggctn4,105,5,7,9SRSSk-YkAU,1,0
20260903,UCiLmCoftZHWXSFuQlnEJSsQ,PmD_nggctn4,101,2,7,9SycNRXGVv8,1,0
20260903,UCiLmCoftZHWXSFuQlnEJSsQ,PmD_nggctn4,104,4,7,9SycNRXGVv8,1,0
20260903,UCiLmCoftZHWXSFuQlnEJSsQ,PmD_nggctn4,104,5,7,9SycNRXGVv8,1,0
20260903,UCiLmCoftZHWXSFuQlnEJSsQ,PmD_nggctn4,105,5,7,9SycNRXGVv8,1,1
20260903,UCiLmCoftZHWXSFuQlnEJSsQ,PmD_nggctn4,104,5,7,9Yh4pwlOgNo,1,0
20260903,UCiLmCoftZHWXSFuQlnEJSsQ,PmD_nggctn4,104,5,7,9ZWbXuY-nc4,1,0
20260903,UCiLmCoftZHWXSFuQlnEJSsQ,PmD_nggctn4,101,9,7,9_AcwuH-O0Y,1,0
20260903,UCiLmCoftZHWXSFuQlnEJSsQ,PmD_nggctn4,104,4,7,9_AcwuH-O0Y,3,0
20260903,UCiLmCoftZHWXSFuQlnEJSsQ,PmD_nggctn4,104,5,7,9_AcwuH-O0Y,5,0.2
20260903,UCiLmCoftZHWXSFuQlnEJSsQ,PmD_nggctn4,101,2,7,9g3dRd_QuVY,2,0
20260903,UCiLmCoftZHWXSFuQlnEJSsQ,PmD_nggctn4,101,9,7,9nUP8yzl7dM,1,0
20260903,UCiLmCoftZHWXSFuQlnEJSsQ,PmD_nggctn4,102,29,7,9nvWlPmIoEg,1,0
20260903,UCiLmCoftZHWXSFuQlnEJSsQ,PmD_nggctn4,105,5,7,9nvWlPmIoEg,1,0
20260903,UCiLmCoftZHWXSFuQlnEJSsQ,PmD_nggctn4,104,5,7,A58CW5X_fJw,1,0
20260903,UCiLmCoftZHWXSFuQlnEJSsQ,PmD_nggctn4,104,5,7,AGyYDn5wl_8,1,0
20260903,UCiLmCoftZHWXSFuQlnEJSsQ,PmD_nggctn4,101,2,7,AMofAQHHgbc,1,0
20260903,UCiLmCoftZHWXSFuQlnEJSsQ,PmD_nggctn4,101,2,7,ARtPo7maaiQ,2,0
20260903,UCiLmCoftZHWXSFuQlnEJSsQ,PmD_nggctn4,104,5,7,ARtPo7maaiQ,1,0
20260903,UCiLmCoftZHWXSFuQlnEJSsQ,PmD_nggctn4,104,5,7,ARvbw12PQdA,1,0
20260903,UCiLmCoftZHWXSFuQlnEJSsQ,PmD_nggctn4,105,5,7,AS6TFzZlfm0,1,0
20260903,UCiLmCoftZHWXSFuQlnEJSsQ,PmD_nggctn4,104,4,7,AUChW4SSwdM,1,0
20260903,UCiLmCoftZHWXSFuQlnEJSsQ,PmD_nggctn4,104,5,7,AUChW4SSwdM,3,0
20260903,UCiLmCoftZHWXSFuQlnEJSsQ,PmD_nggctn4,101,2,7,AbfaiUj2SW0,1,0
20260903,UCiLmCoftZHWXSFuQlnEJSsQ,PmD_nggctn4,104,5,7,AbfaiUj2SW0,4,0
20260903,UCiLmCoftZHWXSFuQlnEJSsQ,PmD_nggctn4,101,2,7,Adh1CbqhWTk,1,0
20260903,UCiLmCoftZHWXSFuQlnEJSsQ,PmD_nggctn4,101,9,7,AldcFC0juP8,1,0
20260903,UCiLmCoftZHWXSFuQlnEJSsQ,PmD_nggctn4,101,9,7,AmTVM2S43Fk,1,0
20260903,UCiLmCoftZHWXSFuQlnEJSsQ,PmD_nggctn4,105,5,7,AnA30WYX634,1,0
20260903,UCiLmCoftZHWXSFuQlnEJSsQ,PmD_nggctn4,104,5,7,Ao408Z_w3DA,1,0
20260903,UCiLmCoftZHWXSFuQlnEJSsQ,PmD_nggctn4,102,19,7,Aqg7dP3EUww,1,0
20260903,UCiLmCoftZHWXSFuQlnEJSsQ,PmD_nggctn4,102,29,7,Aqg7dP3EUww,2,0
20260903,UCiLmCoftZHWXSFuQlnEJSsQ,PmD_nggctn4,105,5,7,Aqg7dP3EUww,2,0
20260903,UCiLmCoftZHWXSFuQlnEJSsQ,PmD_nggctn4,101,9,7,B0h_2YZ99B8,1,0
20260903,UCiLmCoftZHWXSFuQlnEJSsQ,PmD_nggctn4,104,5,7,B2teLF9l4aI,1,0
20260903,UCiLmCoftZHWXSFuQlnEJSsQ,PmD_nggctn4,104,5,7,BAz_vAtg7cc,1,0
20260903,UCiLmCoftZHWXSFuQlnEJSsQ,PmD_nggctn4,104,5,7,BC7eydxGjbI,1,0
20260903,UCiLmCoftZHWXSFuQlnEJSsQ,PmD_nggctn4,104,5,7,BJa3kuBQYHQ,1,0
20260903,UCiLmCoftZHWXSFuQlnEJSsQ,PmD_nggctn4,101,2,7,BMAHahYKAzM,1,0
20260903,UCiLmCoftZHWXSFuQlnEJSsQ,PmD_nggctn4,104,5,7,BNdSH8ov6uQ,1,0
20260903,UCiLmCoftZHWXSFuQlnEJSsQ,PmD_nggctn4,105,5,7,BNdSH8ov6uQ,1,1
20260903,UCiLmCoftZHWXSFuQlnEJSsQ,PmD_nggctn4,104,5,7,BQlrHcWxyTU,1,0
20260903,UCiLmCoftZHWXSFuQlnEJSsQ,PmD_nggctn4,104,5,7,BV30xp9Kt9s,1,0
20260903,UCiLmCoftZHWXSFuQlnEJSsQ,PmD_nggctn4,104,5,7,BZbV7df2Vg0,1,0
20260903,UCiLmCoftZHWXSFuQlnEJSsQ,PmD_nggctn4,104,4,7,BgoFnyz3e9k,1,0
20260903,UCiLmCoftZHWXSFuQlnEJSsQ,PmD_nggctn4,104,5,7,BjlzHeTBygU,1,0
20260903,UCiLmCoftZHWXSFuQlnEJSsQ,PmD_nggctn4,104,5,7,BjzthaNF5DQ,1,0
20260903,UCiLmCoftZHWXSFuQlnEJSsQ,PmD_nggctn4,104,5,7,BmFEoizG3Wg,2,0
20260903,UCiLmCoftZHWXSFuQlnEJSsQ,PmD_nggctn4,104,5,7,Bot92Nn-ozk,1,0
20260903,UCiLmCoftZHWXSFuQlnEJSsQ,PmD_nggctn4,101,30,7,Bq-O-yk-FN8,1,0
20260903,UCiLmCoftZHWXSFuQlnEJSsQ,PmD_nggctn4,104,5,7,Bq-O-yk-FN8,1,0
20260903,UCiLmCoftZHWXSFuQlnEJSsQ,PmD_nggctn4,104,5,7,BqtgTC8KWio,2,0
20260903,UCiLmCoftZHWXSFuQlnEJSsQ,PmD_nggctn4,101,2,7,Bs_QO7W4M7E,4,0
20260903,UCiLmCoftZHWXSFuQlnEJSsQ,PmD_nggctn4,101,9,7,Bs_QO7W4M7E,1,0
20260903,UCiLmCoftZHWXSFuQlnEJSsQ,PmD_nggctn4,104,5,7,Bs_QO7W4M7E,4,0
20260903,UCiLmCoftZHWXSFuQlnEJSsQ,PmD_nggctn4,105,5,7,Bs_QO7W4M7E,1,0
20260903,UCiLmCoftZHWXSFuQlnEJSsQ,PmD_nggctn4,104,5,7,BtI5HLUh9sU,1,0
20260903,UCiLmCoftZHWXSFuQlnEJSsQ,PmD_nggctn4,102,19,7,BxXCkfY-rLA,1,0
20260903,UCiLmCoftZHWXSFuQlnEJSsQ,PmD_nggctn4,104,4,7,BxXCkfY-rLA,1,1
20260903,UCiLmCoftZHWXSFuQlnEJSsQ,PmD_nggctn4,104,5,7,BxXCkfY-rLA,3,0
20260903,UCiLmCoftZHWXSFuQlnEJSsQ,PmD_nggctn4,105,5,7,BxXCkfY-rLA,1,1
20260903,UCiLmCoftZHWXSFuQlnEJSsQ,PmD_nggctn4,104,5,7,Bx_Zf1R1LW4,1,0
20260903,UCiLmCoftZHWXSFuQlnEJSsQ,PmD_nggctn4,104,5,7,ByHNlfmmT-w,2,0
20260903,UCiLmCoftZHWXSFuQlnEJSsQ,PmD_nggctn4,104,5,7,C15kURNtpPk,1,0
20260903,UCiLmCoftZHWXSFuQlnEJSsQ,PmD_nggctn4,104,5,7,C1zL-beBBlc,1,0
20260903,UCiLmCoftZHWXSFuQlnEJSsQ,PmD_nggctn4,105,5,7,C3srUfT4UPE,2,0
20260903,UCiLmCoftZHWXSFuQlnEJSsQ,PmD_nggctn4,104,5,7,C5iXwdBR8NI,1,0
20260903,UCiLmCoftZHWXSFuQlnEJSsQ,PmD_nggctn4,104,5,7,C6W3YlYbFb4,1,0
20260903,UCiLmCoftZHWXSFuQlnEJSsQ,PmD_nggctn4,105,5,7,C6W3YlYbFb4,2,0
20260903,UCiLmCoftZHWXSFuQlnEJSsQ,PmD_nggctn4,104,5,7,C9PZKQPonxM,1,0
20260903,UCiLmCoftZHWXSFuQlnEJSsQ,PmD_nggctn4,104,5,7,CEES6m9G268,1,0
20260903,UCiLmCoftZHWXSFuQlnEJSsQ,PmD_nggctn4,101,2,7,CI6N5-oJfFk,1,0
20260903,UCiLmCoftZHWXSFuQlnEJSsQ,PmD_nggctn4,102,19,7,CI6N5-oJfFk,1,0
20260903,UCiLmCoftZHWXSFuQlnEJSsQ,PmD_nggctn4,104,5,7,CI6N5-oJfFk,2,0
20260903,UCiLmCoftZHWXSFuQlnEJSsQ,PmD_nggctn4,105,5,7,CI6N5-oJfFk,1,1
20260903,UCiLmCoftZHWXSFuQlnEJSsQ,PmD_nggctn4,101,2,7,CJhoRS3rUtQ,1,0
20260903,UCiLmCoftZHWXSFuQlnEJSsQ,PmD_nggctn4,102,4,7,CJhoRS3rUtQ,1,0
20260903,UCiLmCoftZHWXSFuQlnEJSsQ,PmD_nggctn4,104,4,7,CJhoRS3rUtQ,1,0
20260903,UCiLmCoftZHWXSFuQlnEJSsQ,PmD_nggctn4,104,5,7,CJhoRS3rUtQ,1,0
20260903,UCiLmCoftZHWXSFuQlnEJSsQ,PmD_nggctn4,101,2,7,CJkYd5B0NV0,2,0
20260903,UCiLmCoftZHWXSFuQlnEJSsQ,PmD_nggctn4,104,5,7,CJkYd5B0NV0,5,0
20260903,UCiLmCoftZHWXSFuQlnEJSsQ,PmD_nggctn4,101,2,7,CMeI0ojCf00,1,0
20260903,UCiLmCoftZHWXSFuQlnEJSsQ,PmD_nggctn4,104,5,7,CN9Z7h4oBDI,1,1
20260903,UCiLmCoftZHWXSFuQlnEJSsQ,PmD_nggctn4,104,5,7,CNCqoMKTF5E,1,0
20260903,UCiLmCoftZHWXSFuQlnEJSsQ,PmD_nggctn4,104,5,7,CRDRxz2sx-8,1,0
20260903,UCiLmCoftZHWXSFuQlnEJSsQ,PmD_nggctn4,104,4,7,CVymFIbZzQQ,1,0
20260903,UCiLmCoftZHWXSFuQlnEJSsQ,PmD_nggctn4,101,9,7,CYENQkxzVcI,1,0
20260903,UCiLmCoftZHWXSFuQlnEJSsQ,PmD_nggctn4,104,4,7,CYENQkxzVcI,1,1
20260903,UCiLmCoftZHWXSFuQlnEJSsQ,PmD_nggctn4,101,2,7,CY_MYXJzdUM,1,0
20260903,UCiLmCoftZHWXSFuQlnEJSsQ,PmD_nggctn4,101,2,7,CZ90dK0e0w4,1,0
20260903,UCiLmCoftZHWXSFuQlnEJSsQ,PmD_nggctn4,101,2,7,Cbo50lG7P30,1,0
20260903,UCiLmCoftZHWXSFuQlnEJSsQ,PmD_nggctn4,104,5,7,Coao2BJDhFQ,1,0
20260903,UCiLmCoftZHWXSFuQlnEJSsQ,PmD_nggctn4,101,2,7,Cp_SKVchpDM,1,0
20260903,UCiLmCoftZHWXSFuQlnEJSsQ,PmD_nggctn4,104,5,7,D0SfIi-0Zpo,2,0
20260903,UCiLmCoftZHWXSFuQlnEJSsQ,PmD_nggctn4,104,5,7,D3ZTwnrgEtY,1,0
20260903,UCiLmCoftZHWXSFuQlnEJSsQ,PmD_nggctn4,104,4,7,D88Zd_OvaSs,1,0
20260903,UCiLmCoftZHWXSFuQlnEJSsQ,PmD_nggctn4,104,5,7,D88Zd_OvaSs,2,0
20260903,UCiLmCoftZHWXSFuQlnEJSsQ,PmD_nggctn4,104,4,7,DDcDtleiaGY,1,0
20260903,UCiLmCoftZHWXSFuQlnEJSsQ,PmD_nggctn4,101,2,7,DG43I8od_k8,2,0
20260903,UCiLmCoftZHWXSFuQlnEJSsQ,PmD_nggctn4,101,9,7,DG43I8od_k8,1,0
20260903,UCiLmCoftZHWXSFuQlnEJSsQ,PmD_nggctn4,102,4,7,DG43I8od_k8,1,0
20260903,UCiLmCoftZHWXSFuQlnEJSsQ,PmD_nggctn4,104,5,7,DG43I8od_k8,2,0
20260903,UCiLmCoftZHWXSFuQlnEJSsQ,PmD_nggctn4,101,2,7,DGYREFhO_f0,1,0
20260903,UCiLmCoftZHWXSFuQlnEJSsQ,PmD_nggctn4,105,5,7,DGYREFhO_f0,1,0
20260903,UCiLmCoftZHWXSFuQlnEJSsQ,PmD_nggctn4,104,5,7,DIP2joE3tLw,1,0
20260903,UCiLmCoftZHWXSFuQlnEJSsQ,PmD_nggctn4,101,9,7,DKPsXPHLnkM,2,0
20260903,UCiLmCoftZHWXSFuQlnEJSsQ,PmD_nggctn4,104,5,7,DKPsXPHLnkM,1,0
20260903,UCiLmCoftZHWXSFuQlnEJSsQ,PmD_nggctn4,101,2,7,DRw7k9NoXus,1,0
20260903,UCiLmCoftZHWXSFuQlnEJSsQ,PmD_nggctn4,101,2,7,DX5_qrFiafY,1,0
20260903,UCiLmCoftZHWXSFuQlnEJSsQ,PmD_nggctn4,101,2,7,DYRszNuZEio,1,0
20260903,UCiLmCoftZHWXSFuQlnEJSsQ,PmD_nggctn4,104,5,7,DYRszNuZEio,1,0
20260903,UCiLmCoftZHWXSFuQlnEJSsQ,PmD_nggctn4,105,5,7,D_8Yhu_a6fY,1,0
20260903,UCiLmCoftZHWXSFuQlnEJSsQ,PmD_nggctn4,105,5,7,DaWPO0rNMtY,1,0
20260903,UCiLmCoftZHWXSFuQlnEJSsQ,PmD_nggctn4,104,4,7,DcGJo4yn9HI,1,0
20260903,UCiLmCoftZHWXSFuQlnEJSsQ,PmD_nggctn4,104,5,7,DcILoX2cJ1k,1,0
20260903,UCiLmCoftZHWXSFuQlnEJSsQ,PmD_nggctn4,101,2,7,DcRHmNcc-TI,1,0
20260903,UCiLmCoftZHWXSFuQlnEJSsQ,PmD_nggctn4,101,2,7,DdvR0LbYUjQ,1,0
20260903,UCiLmCoftZHWXSFuQlnEJSsQ,PmD_nggctn4,104,5,7,DeLAkhN58L4,2,0
20260903,UCiLmCoftZHWXSFuQlnEJSsQ,PmD_nggctn4,104,5,7,Dh53Q97v0uI,1,0
20260903,UCiLmCoftZHWXSFuQlnEJSsQ,PmD_nggctn4,104,5,7,DmnOj-e8K7M,1,0
20260903,UCiLmCoftZHWXSFuQlnEJSsQ,PmD_nggctn4,103,10,7,DnWnn86aw70,1,0
20260903,UCiLmCoftZHWXSFuQlnEJSsQ,PmD_nggctn4,104,4,7,DnWnn86aw70,2,0
20260903,UCiLmCoftZHWXSFuQlnEJSsQ,PmD_nggctn4,104,5,7,DnWnn86aw70,2,0
20260903,UCiLmCoftZHWXSFuQlnEJSsQ,PmD_nggctn4,105,5,7,DnWnn86aw70,1,0
20260903,UCiLmCoftZHWXSFuQlnEJSsQ,PmD_nggctn4,104,5,7,Dvcd_U65Q0U,1,0
20260903,UCiLmCoftZHWXSFuQlnEJSsQ,PmD_nggctn4,101,2,7,DwD4LqkwOvs,2,0
20260903,UCiLmCoftZHWXSFuQlnEJSsQ,PmD_nggctn4,105,5,7,DzwM8Ycfhh0,1,0
20260903,UCiLmCoftZHWXSFuQlnEJSsQ,PmD_nggctn4,101,9,7,E-mJ15dJ3Fg,1,0
20260903,UCiLmCoftZHWXSFuQlnEJSsQ,PmD_nggctn4,105,5,7,E3l8_6bIT1A,1,0
20260903,UCiLmCoftZHWXSFuQlnEJSsQ,PmD_nggctn4,104,5,7,E8H7VV_ZuxQ,2,0
20260903,UCiLmCoftZHWXSFuQlnEJSsQ,PmD_nggctn4,101,2,7,E8jzkkouBf0,1,0
20260903,UCiLmCoftZHWXSFuQlnEJSsQ,PmD_nggctn4,101,9,7,E8jzkkouBf0,1,1
20260903,UCiLmCoftZHWXSFuQlnEJSsQ,PmD_nggctn4,105,5,7,E8jzkkouBf0,1,0
20260903,UCiLmCoftZHWXSFuQlnEJSsQ,PmD_nggctn4,104,4,7,EGmINw7S73c,1,0
20260903,UCiLmCoftZHWXSFuQlnEJSsQ,PmD_nggctn4,104,5,7,EKolm3rIFlY,1,0
20260903,UCiLmCoftZHWXSFuQlnEJSsQ,PmD_nggctn4,102,1,7,EPXPwI2fLqk,1,0
20260903,UCiLmCoftZHWXSFuQlnEJSsQ,PmD_nggctn4,102,4,7,EPXPwI2fLqk,1,0
20260903,UCiLmCoftZHWXSFuQlnEJSsQ,PmD_nggctn4,105,5,7,EPz3Ccvtklk,1,0
20260903,UCiLmCoftZHWXSFuQlnEJSsQ,PmD_nggctn4,104,4,7,Ed3lESqBnPs,1,0
20260903,UCiLmCoftZHWXSFuQlnEJSsQ,PmD_nggctn4,104,4,7,EdBUfaYVZgU,1,0
20260903,UCiLmCoftZHWXSFuQlnEJSsQ,PmD_nggctn4,105,5,7,EdBUfaYVZgU,1,0
20260903,UCiLmCoftZHWXSFuQlnEJSsQ,PmD_nggctn4,101,9,7,Efdgjr1R3-w,1,0
20260903,UCiLmCoftZHWXSFuQlnEJSsQ,PmD_nggctn4,104,5,7,Egde17_-EGg,1,0
20260903,UCiLmCoftZHWXSFuQlnEJSsQ,PmD_nggctn4,101,30,7,EhV22sAtmAo,1,0
20260903,UCiLmCoftZHWXSFuQlnEJSsQ,PmD_nggctn4,104,5,7,EhV22sAtmAo,3,0
20260903,UCiLmCoftZHWXSFuQlnEJSsQ,PmD_nggctn4,104,5,7,Ekeyvd4oNyM,1,0
20260903,UCiLmCoftZHWXSFuQlnEJSsQ,PmD_nggctn4,101,9,7,EnNY1sbsykM,1,0
20260903,UCiLmCoftZHWXSFuQlnEJSsQ,PmD_nggctn4,104,5,7,EoL63a0hKPU,1,0
20260903,UCiLmCoftZHWXSFuQlnEJSsQ,PmD_nggctn4,105,5,7,EsESC0EGHu0,1,0
20260903,UCiLmCoftZHWXSFuQlnEJSsQ,PmD_nggctn4,101,2,7,EvoV01i7fRw,2,0
20260903,UCiLmCoftZHWXSFuQlnEJSsQ,PmD_nggctn4,104,4,7,EvoV01i7fRw,2,0
20260903,UCiLmCoftZHWXSFuQlnEJSsQ,PmD_nggctn4,104,5,7,EvoV01i7fRw,10,0.1
20260903,UCiLmCoftZHWXSFuQlnEJSsQ,PmD_nggctn4,101,2,7,F3P8vcZkIh4,1,0
20260903,UCiLmCoftZHWXSFuQlnEJSsQ,PmD_nggctn4,104,5,7,F6Bnry4FMsc,1,0
20260903,UCiLmCoftZHWXSFuQlnEJSsQ,PmD_nggctn4,104,4,7,FDHnRcY2g-w,1,1
20260903,UCiLmCoftZHWXSFuQlnEJSsQ,PmD_nggctn4,104,5,7,FHQIJi6hxok,3,0
20260903,UCiLmCoftZHWXSFuQlnEJSsQ,PmD_nggctn4,101,30,7,FHyD-JAximw,1,0
20260903,UCiLmCoftZHWXSFuQlnEJSsQ,PmD_nggctn4,101,9,7,FHypVacuodg,1,0
20260903,UCiLmCoftZHWXSFuQlnEJSsQ,PmD_nggctn4,101,2,7,FJqLx5iVcTw,1,0
20260903,UCiLmCoftZHWXSFuQlnEJSsQ,PmD_nggctn4,102,1,7,FJqLx5iVcTw,1,0
20260903,UCiLmCoftZHWXSFuQlnEJSsQ,PmD_nggctn4,104,4,7,FJqLx5iVcTw,1,0
20260903,UCiLmCoftZHWXSFuQlnEJSsQ,PmD_nggctn4,104,5,7,FJqLx5iVcTw,2,0
20260903,UCiLmCoftZHWXSFuQlnEJSsQ,PmD_nggctn4,101,2,7,FK7D8mslukM,1,0
20260903,UCiLmCoftZHWXSFuQlnEJSsQ,PmD_nggctn4,101,2,7,FOoeG1Z81Uo,1,0
20260903,UCiLmCoftZHWXSFuQlnEJSsQ,PmD_nggctn4,101,2,7,FZMoWM9alkA,1,0
20260903,UCiLmCoftZHWXSFuQlnEJSsQ,PmD_nggctn4,104,5,7,FZMoWM9alkA,2,0
20260903,UCiLmCoftZHWXSFuQlnEJSsQ,PmD_nggctn4,101,2,7,Fq57gH-avNQ,2,0
20260903,UCiLmCoftZHWXSFuQlnEJSsQ,PmD_nggctn4,104,5,7,Fq57gH-avNQ,1,0
20260903,UCiLmCoftZHWXSFuQlnEJSsQ,PmD_nggctn4,104,5,7,FrFl6A80Kv4,1,0
20260903,UCiLmCoftZHWXSFuQlnEJSsQ,PmD_nggctn4,104,5,7,FsC1sJmv3ok,1,0
20260903,UCiLmCoftZHWXSFuQlnEJSsQ,PmD_nggctn4,101,2,7,Fuojikxc-bM,4,0
20260903,UCiLmCoftZHWXSFuQlnEJSsQ,PmD_nggctn4,101,9,7,Fuojikxc-bM,2,0
20260903,UCiLmCoftZHWXSFuQlnEJSsQ,PmD_nggctn4,102,1,7,Fuojikxc-bM,2,0
20260903,UCiLmCoftZHWXSFuQlnEJSsQ,PmD_nggctn4,102,29,7,Fuojikxc-bM,1,0
20260903,UCiLmCoftZHWXSFuQlnEJSsQ,PmD_nggctn4,104,4,7,Fuojikxc-bM,1,0
20260903,UCiLmCoftZHWXSFuQlnEJSsQ,PmD_nggctn4,104,5,7,Fuojikxc-bM,7,0
20260903,UCiLmCoftZHWXSFuQlnEJSsQ,PmD_nggctn4,105,5,7,Fuojikxc-bM,2,0
20260903,UCiLmCoftZHWXSFuQlnEJSsQ,PmD_nggctn4,104,5,7,Fvipyu9fBqk,1,0
20260903,UCiLmCoftZHWXSFuQlnEJSsQ,PmD_nggctn4,104,5,7,Fvwd-Z-wVfU,1,0
20260903,UCiLmCoftZHWXSFuQlnEJSsQ,PmD_nggctn4,104,5,7,G3c5OCxxMZI,1,0
20260903,UCiLmCoftZHWXSFuQlnEJSsQ,PmD_nggctn4,101,2,7,GA5XUV6LK2Y,3,0
20260903,UCiLmCoftZHWXSFuQlnEJSsQ,PmD_nggctn4,102,29,7,GA5XUV6LK2Y,1,0
20260903,UCiLmCoftZHWXSFuQlnEJSsQ,PmD_nggctn4,102,31,7,GA5XUV6LK2Y,1,0
20260903,UCiLmCoftZHWXSFuQlnEJSsQ,PmD_nggctn4,104,5,7,GA5XUV6LK2Y,3,0
20260903,UCiLmCoftZHWXSFuQlnEJSsQ,PmD_nggctn4,105,5,7,GA5XUV6LK2Y,2,0
20260903,UCiLmCoftZHWXSFuQlnEJSsQ,PmD_nggctn4,104,5,7,GB_yLebFW8Y,1,0
20260903,UCiLmCoftZHWXSFuQlnEJSsQ,PmD_nggctn4,101,2,7,GEJVq8ALBBM,2,0
20260903,UCiLmCoftZHWXSFuQlnEJSsQ,PmD_nggctn4,101,9,7,GEJVq8ALBBM,2,0
20260903,UCiLmCoftZHWXSFuQlnEJSsQ,PmD_nggctn4,104,5,7,GEJVq8ALBBM,2,0
20260903,UCiLmCoftZHWXSFuQlnEJSsQ,PmD_nggctn4,105,5,7,GEJVq8ALBBM,1,0
20260903,UCiLmCoftZHWXSFuQlnEJSsQ,PmD_nggctn4,101,9,7,GEt76naVVKo,1,0
20260903,UCiLmCoftZHWXSFuQlnEJSsQ,PmD_nggctn4,101,2,7,GFiuSkbQfOY,1,0
20260903,UCiLmCoftZHWXSFuQlnEJSsQ,PmD_nggctn4,102,29,7,GKu12lVXxAk,1,0
20260903,UCiLmCoftZHWXSFuQlnEJSsQ,PmD_nggctn4,101,9,7,GLm-VIchkV8,1,0
20260903,UCiLmCoftZHWXSFuQlnEJSsQ,PmD_nggctn4,102,29,7,GOqbzzP5gc0,1,0
20260903,UCiLmCoftZHWXSFuQlnEJSsQ,PmD_nggctn4,104,5,7,GVpnzEpR48Y,2,0
20260903,UCiLmCoftZHWXSFuQlnEJSsQ,PmD_nggctn4,105,5,7,Gla2Eg5UnwQ,1,1
20260903,UCiLmCoftZHWXSFuQlnEJSsQ,PmD_nggctn4,101,2,7,GlsmJsqXfcI,1,0
20260903,UCiLmCoftZHWXSFuQlnEJSsQ,PmD_nggctn4,102,29,7,GlsmJsqXfcI,1,0
20260903,UCiLmCoftZHWXSFuQlnEJSsQ,PmD_nggctn4,104,5,7,GlsmJsqXfcI,1,0
20260903,UCiLmCoftZHWXSFuQlnEJSsQ,PmD_nggctn4,101,1,7,GuvkL9Gz9P0,1,0
20260903,UCiLmCoftZHWXSFuQlnEJSsQ,PmD_nggctn4,101,2,7,GuvkL9Gz9P0,1,0
20260903,UCiLmCoftZHWXSFuQlnEJSsQ,PmD_nggctn4,101,9,7,GuvkL9Gz9P0,2,0
20260903,UCiLmCoftZHWXSFuQlnEJSsQ,PmD_nggctn4,104,4,7,GuvkL9Gz9P0,1,0
20260903,UCiLmCoftZHWXSFuQlnEJSsQ,PmD_nggctn4,104,5,7,GuvkL9Gz9P0,5,0
20260903,UCiLmCoftZHWXSFuQlnEJSsQ,PmD_nggctn4,105,5,7,GuvkL9Gz9P0,1,0
20260903,UCiLmCoftZHWXSFuQlnEJSsQ,PmD_nggctn4,101,2,7,H-YUdo_zbRg,1,0
20260903,UCiLmCoftZHWXSFuQlnEJSsQ,PmD_nggctn4,105,5,7,H-YUdo_zbRg,1,0
20260903,UCiLmCoftZHWXSFuQlnEJSsQ,PmD_nggctn4,104,5,7,H01zxD0Linw,1,0
20260903,UCiLmCoftZHWXSFuQlnEJSsQ,PmD_nggctn4,105,5,7,H6sYnl_Hyg0,1,0
20260903,UCiLmCoftZHWXSFuQlnEJSsQ,PmD_nggctn4,104,5,7,H7T1Q2WoBgQ,1,0
20260903,UCiLmCoftZHWXSFuQlnEJSsQ,PmD_nggctn4,104,5,7,H7uuwGKvVYI,1,0
20260903,UCiLmCoftZHWXSFuQlnEJSsQ,PmD_nggctn4,103,27,7,H87dEasUmSM,1,0
20260903,UCiLmCoftZHWXSFuQlnEJSsQ,PmD_nggctn4,104,5,7,H941ejJcA_8,1,1
20260903,UCiLmCoftZHWXSFuQlnEJSsQ,PmD_nggctn4,101,2,7,HK5o1mAPb5g,1,0
20260903,UCiLmCoftZHWXSFuQlnEJSsQ,PmD_nggctn4,103,27,7,HPgrq5Euq3k,1,0
20260903,UCiLmCoftZHWXSFuQlnEJSsQ,PmD_nggctn4,104,4,7,HRf3eVBlh-E,1,0
20260903,UCiLmCoftZHWXSFuQlnEJSsQ,PmD_nggctn4,104,5,7,HUlns77tMng,1,0
20260903,UCiLmCoftZHWXSFuQlnEJSsQ,PmD_nggctn4,104,5,7,HcBaZjmnOW8,2,0
20260903,UCiLmCoftZHWXSFuQlnEJSsQ,PmD_nggctn4,104,5,7,HdYprsQJxWY,1,0
20260903,UCiLmCoftZHWXSFuQlnEJSsQ,PmD_nggctn4,104,5,7,HfA8e1VMe6E,1,0
20260903,UCiLmCoftZHWXSFuQlnEJSsQ,PmD_nggctn4,104,5,7,HfW_oOZi77A,1,0
20260903,UCiLmCoftZHWXSFuQlnEJSsQ,PmD_nggctn4,101,2,7,HgCgwKqeJBI,1,0
20260903,UCiLmCoftZHWXSFuQlnEJSsQ,PmD_nggctn4,101,2,7,HrmydlHejtk,1,0
20260903,UCiLmCoftZHWXSFuQlnEJSsQ,PmD_nggctn4,102,4,7,HyMdbnr4Apc,1,0
20260903,UCiLmCoftZHWXSFuQlnEJSsQ,PmD_nggctn4,101,2,7,I0Q8CbJSBXk,1,0
20260903,UCiLmCoftZHWXSFuQlnEJSsQ,PmD_nggctn4,101,2,7,I4HXqhCtpYc,1,0
20260903,UCiLmCoftZHWXSFuQlnEJSsQ,PmD_nggctn4,104,5,7,ICj76gcvMdc,1,0
20260903,UCiLmCoftZHWXSFuQlnEJSsQ,PmD_nggctn4,104,5,7,IDv0qIV8Z4w,1,0
20260903,UCiLmCoftZHWXSFuQlnEJSsQ,PmD_nggctn4,105,5,7,IIC4ktzDISE,1,0
20260903,UCiLmCoftZHWXSFuQlnEJSsQ,PmD_nggctn4,104,5,7,ILxWZMl1wNI,1,0
20260903,UCiLmCoftZHWXSFuQlnEJSsQ,PmD_nggctn4,101,2,7,IQyrVB__Ygg,1,0
20260903,UCiLmCoftZHWXSFuQlnEJSsQ,PmD_nggctn4,105,5,7,IU2buH5dGTc,1,0
20260903,UCiLmCoftZHWXSFuQlnEJSsQ,PmD_nggctn4,101,2,7,IWhnBeLMDv8,7,0
20260903,UCiLmCoftZHWXSFuQlnEJSsQ,PmD_nggctn4,101,9,7,IWhnBeLMDv8,1,0
20260903,UCiLmCoftZHWXSFuQlnEJSsQ,PmD_nggctn4,102,4,7,IWhnBeLMDv8,1,0
20260903,UCiLmCoftZHWXSFuQlnEJSsQ,PmD_nggctn4,102,29,7,IWhnBeLMDv8,1,0
20260903,UCiLmCoftZHWXSFuQlnEJSsQ,PmD_nggctn4,104,4,7,IWhnBeLMDv8,5,0
20260903,UCiLmCoftZHWXSFuQlnEJSsQ,PmD_nggctn4,104,5,7,IWhnBeLMDv8,21,0
20260903,UCiLmCoftZHWXSFuQlnEJSsQ,PmD_nggctn4,105,5,7,IWhnBeLMDv8,3,0
20260903,UCiLmCoftZHWXSFuQlnEJSsQ,PmD_nggctn4,105,5,7,IWwSieCPn4Y,1,0
20260903,UCiLmCoftZHWXSFuQlnEJSsQ,PmD_nggctn4,105,5,7,IZLWFFQAQNE,1,0
20260903,UCiLmCoftZHWXSFuQlnEJSsQ,PmD_nggctn4,101,2,7,I_ihqwNKgs0,1,0
20260903,UCiLmCoftZHWXSFuQlnEJSsQ,PmD_nggctn4,104,4,7,I_ihqwNKgs0,1,0
20260903,UCiLmCoftZHWXSFuQlnEJSsQ,PmD_nggctn4,101,9,7,InCyNDFGI54,1,0
20260903,UCiLmCoftZHWXSFuQlnEJSsQ,PmD_nggctn4,104,5,7,Iql3zpQVVho,2,0
20260903,UCiLmCoftZHWXSFuQlnEJSsQ,PmD_nggctn4,105,5,7,IqtyheLcE5k,1,0
20260903,UCiLmCoftZHWXSFuQlnEJSsQ,PmD_nggctn4,104,4,7,IuZLxQ4aGyY,1,0
20260903,UCiLmCoftZHWXSFuQlnEJSsQ,PmD_nggctn4,104,5,7,IxZOE3zr0gA,2,0
20260903,UCiLmCoftZHWXSFuQlnEJSsQ,PmD_nggctn4,104,4,7,J20LPUBLhEQ,2,0
20260903,UCiLmCoftZHWXSFuQlnEJSsQ,PmD_nggctn4,104,5,7,J68LAbFaIZc,1,0
20260903,UCiLmCoftZHWXSFuQlnEJSsQ,PmD_nggctn4,104,5,7,JFEKeCXxtwo,1,0
20260903,UCiLmCoftZHWXSFuQlnEJSsQ,PmD_nggctn4,104,4,7,JGEF46SvoIw,1,0
20260903,UCiLmCoftZHWXSFuQlnEJSsQ,PmD_nggctn4,104,5,7,JJsG9NPiqRU,1,0
20260903,UCiLmCoftZHWXSFuQlnEJSsQ,PmD_nggctn4,104,5,7,JJtt3HsjDwg,1,0
20260903,UCiLmCoftZHWXSFuQlnEJSsQ,PmD_nggctn4,104,4,7,JSa-UWgWrFE,1,0
20260903,UCiLmCoftZHWXSFuQlnEJSsQ,PmD_nggctn4,104,5,7,JSa-UWgWrFE,2,0
20260903,UCiLmCoftZHWXSFuQlnEJSsQ,PmD_nggctn4,105,5,7,JSa-UWgWrFE,1,0
20260903,UCiLmCoftZHWXSFuQlnEJSsQ,PmD_nggctn4,104,5,7,JTfGccmBNro,1,0
20260903,UCiLmCoftZHWXSFuQlnEJSsQ,PmD_nggctn4,104,5,7,JUBArvo1ORw,1,0
20260903,UCiLmCoftZHWXSFuQlnEJSsQ,PmD_nggctn4,102,4,7,JWiSKJC9mUo,1,0
20260903,UCiLmCoftZHWXSFuQlnEJSsQ,PmD_nggctn4,104,5,7,JWxdCfSx4CM,1,1
20260903,UCiLmCoftZHWXSFuQlnEJSsQ,PmD_nggctn4,103,27,7,JXUlMVHqZYc,1,0
20260903,UCiLmCoftZHWXSFuQlnEJSsQ,PmD_nggctn4,104,5,7,J_n-5BoBsbQ,3,0
20260903,UCiLmCoftZHWXSFuQlnEJSsQ,PmD_nggctn4,104,5,7,JiAVc_71b-A,2,0
20260903,UCiLmCoftZHWXSFuQlnEJSsQ,PmD_nggctn4,104,4,7,Jih4bcwDBA8,1,0
20260903,UCiLmCoftZHWXSFuQlnEJSsQ,PmD_nggctn4,104,5,7,JjCiwEk_aB4,1,0
20260903,UCiLmCoftZHWXSFuQlnEJSsQ,PmD_nggctn4,105,5,7,JstPbHDWKjE,1,0
20260903,UCiLmCoftZHWXSFuQlnEJSsQ,PmD_nggctn4,104,5,7,Jws4D6XpCLo,1,0
20260903,UCiLmCoftZHWXSFuQlnEJSsQ,PmD_nggctn4,104,5,7,KEgmHAhosfQ,1,0
20260903,UCiLmCoftZHWXSFuQlnEJSsQ,PmD_nggctn4,101,2,7,KINOoHNb9lw,1,0
20260903,UCiLmCoftZHWXSFuQlnEJSsQ,PmD_nggctn4,101,2,7,KJ-5_MEL8kE,1,0
20260903,UCiLmCoftZHWXSFuQlnEJSsQ,PmD_nggctn4,104,5,7,KJ-5_MEL8kE,1,0
20260903,UCiLmCoftZHWXSFuQlnEJSsQ,PmD_nggctn4,102,19,7,KM5AWFr_04o,1,0
20260903,UCiLmCoftZHWXSFuQlnEJSsQ,PmD_nggctn4,104,5,7,KM5AWFr_04o,2,0
20260903,UCiLmCoftZHWXSFuQlnEJSsQ,PmD_nggctn4,104,5,7,KNmDIfZ60e8,1,0
20260903,UCiLmCoftZHWXSFuQlnEJSsQ,PmD_nggctn4,101,9,7,KPXQtuL6wk8,1,0
20260903,UCiLmCoftZHWXSFuQlnEJSsQ,PmD_nggctn4,104,5,7,KPlXlXYjfcY,1,0
20260903,UCiLmCoftZHWXSFuQlnEJSsQ,PmD_nggctn4,101,9,7,KTxT5_5F8nE,1,0
20260903,UCiLmCoftZHWXSFuQlnEJSsQ,PmD_nggctn4,101,2,7,KZ0_Q66AgLk,3,0
20260903,UCiLmCoftZHWXSFuQlnEJSsQ,PmD_nggctn4,104,4,7,KZ0_Q66AgLk,1,0
20260903,UCiLmCoftZHWXSFuQlnEJSsQ,PmD_nggctn4,104,5,7,KZ0_Q66AgLk,4,0
20260903,UCiLmCoftZHWXSFuQlnEJSsQ,PmD_nggctn4,105,5,7,KZ0_Q66AgLk,3,0.33333333333333331
20260903,UCiLmCoftZHWXSFuQlnEJSsQ,PmD_nggctn4,104,5,7,Kc5eYuP9sZI,1,0
20260903,UCiLmCoftZHWXSFuQlnEJSsQ,PmD_nggctn4,101,2,7,KdQIHbYNugE,1,0
20260903,UCiLmCoftZHWXSFuQlnEJSsQ,PmD_nggctn4,104,5,7,KdQIHbYNugE,1,0
20260903,UCiLmCoftZHWXSFuQlnEJSsQ,PmD_nggctn4,104,4,7,KefiPLq3OdU,1,0
20260903,UCiLmCoftZHWXSFuQlnEJSsQ,PmD_nggctn4,101,30,7,Kizav5VorT0,1,0
20260903,UCiLmCoftZHWXSFuQlnEJSsQ,PmD_nggctn4,102,1,7,Kizav5VorT0,1,0
20260903,UCiLmCoftZHWXSFuQlnEJSsQ,PmD_nggctn4,104,4,7,Kizav5VorT0,1,0
20260903,UCiLmCoftZHWXSFuQlnEJSsQ,PmD_nggctn4,101,30,7,Km2F4QvlHzA,1,0
20260903,UCiLmCoftZHWXSFuQlnEJSsQ,PmD_nggctn4,104,5,7,Km2F4QvlHzA,3,0
20260903,UCiLmCoftZHWXSFuQlnEJSsQ,PmD_nggctn4,101,9,7,KrxhWUY44wU,1,0
20260903,UCiLmCoftZHWXSFuQlnEJSsQ,PmD_nggctn4,104,5,7,KrxhWUY44wU,1,0
20260903,UCiLmCoftZHWXSFuQlnEJSsQ,PmD_nggctn4,105,5,7,KsBwsJxV_7M,1,0
20260903,UCiLmCoftZHWXSFuQlnEJSsQ,PmD_nggctn4,104,5,7,KsHKaP50FBE,1,0
20260903,UCiLmCoftZHWXSFuQlnEJSsQ,PmD_nggctn4,103,27,7,Kt9L8StOeTw,1,0
20260903,UCiLmCoftZHWXSFuQlnEJSsQ,PmD_nggctn4,104,5,7,Kt9L8StOeTw,2,0
20260903,UCiLmCoftZHWXSFuQlnEJSsQ,PmD_nggctn4,105,5,7,KtpS72NHRZw,1,0
20260903,UCiLmCoftZHWXSFuQlnEJSsQ,PmD_nggctn4,104,5,7,KxHDw_DVp00,1,1
20260903,UCiLmCoftZHWXSFuQlnEJSsQ,PmD_nggctn4,104,5,7,L3SRifbtSlU,2,0.5
20260903,UCiLmCoftZHWXSFuQlnEJSsQ,PmD_nggctn4,105,5,7,L4fbBevu3XQ,1,0
20260903,UCiLmCoftZHWXSFuQlnEJSsQ,PmD_nggctn4,101,2,7,L7Va_NsFsaM,1,0
20260903,UCiLmCoftZHWXSFuQlnEJSsQ,PmD_nggctn4,101,2,7,L8AQC1Gk4-M,1,0
20260903,UCiLmCoftZHWXSFuQlnEJSsQ,PmD_nggctn4,104,5,7,L8AQC1Gk4-M,2,0
20260903,UCiLmCoftZHWXSFuQlnEJSsQ,PmD_nggctn4,102,29,7,LAPn2KbRwE4,1,0
20260903,UCiLmCoftZHWXSFuQlnEJSsQ,PmD_nggctn4,101,2,7,LApioyEkOLg,1,0
20260903,UCiLmCoftZHWXSFuQlnEJSsQ,PmD_nggctn4,104,5,7,LApioyEkOLg,1,0
20260903,UCiLmCoftZHWXSFuQlnEJSsQ,PmD_nggctn4,102,29,7,LDvWJX0luqc,1,0
20260903,UCiLmCoftZHWXSFuQlnEJSsQ,PmD_nggctn4,104,4,7,LDvWJX0luqc,1,0
20260903,UCiLmCoftZHWXSFuQlnEJSsQ,PmD_nggctn4,101,2,7,LF3e-PIfpP4,1,0
20260903,UCiLmCoftZHWXSFuQlnEJSsQ,PmD_nggctn4,105,5,7,LF3e-PIfpP4,1,1
20260903,UCiLmCoftZHWXSFuQlnEJSsQ,PmD_nggctn4,101,2,7,LMU3nd-qDAk,1,0
20260903,UCiLmCoftZHWXSFuQlnEJSsQ,PmD_nggctn4,104,5,7,LNQMMMRaHM8,1,0
20260903,UCiLmCoftZHWXSFuQlnEJSsQ,PmD_nggctn4,104,5,7,LPB4v-_cn2Q,2,0
20260903,UCiLmCoftZHWXSFuQlnEJSsQ,PmD_nggctn4,105,5,7,LTqf4Z5ALD8,1,0
20260903,UCiLmCoftZHWXSFuQlnEJSsQ,PmD_nggctn4,104,5,7,LWc6ZheBQf0,2,0
20260903,UCiLmCoftZHWXSFuQlnEJSsQ,PmD_nggctn4,101,2,7,LnIKeIqmyjY,1,0
20260903,UCiLmCoftZHWXSFuQlnEJSsQ,PmD_nggctn4,101,2,7,LneuMRksL8Y,1,0
20260903,UCiLmCoftZHWXSFuQlnEJSsQ,PmD_nggctn4,104,5,7,Lo0EKz9ZGpY,1,0
20260903,UCiLmCoftZHWXSFuQlnEJSsQ,PmD_nggctn4,101,30,7,LzFLjBxtS1w,1,0
20260903,UCiLmCoftZHWXSFuQlnEJSsQ,PmD_nggctn4,102,4,7,LzFLjBxtS1w,1,0
20260903,UCiLmCoftZHWXSFuQlnEJSsQ,PmD_nggctn4,102,29,7,LzFLjBxtS1w,1,0
20260903,UCiLmCoftZHWXSFuQlnEJSsQ,PmD_nggctn4,102,31,7,LzFLjBxtS1w,1,0
20260903,UCiLmCoftZHWXSFuQlnEJSsQ,PmD_nggctn4,104,4,7,LzFLjBxtS1w,1,0
20260903,UCiLmCoftZHWXSFuQlnEJSsQ,PmD_nggctn4,104,5,7,LzFLjBxtS1w,5,0
20260903,UCiLmCoftZHWXSFuQlnEJSsQ,PmD_nggctn4,101,2,7,M47oAQaKrQ8,1,0
20260903,UCiLmCoftZHWXSFuQlnEJSsQ,PmD_nggctn4,101,2,7,M5UggC8-VR8,1,0
20260903,UCiLmCoftZHWXSFuQlnEJSsQ,PmD_nggctn4,102,1,7,M5UggC8-VR8,1,0
20260903,UCiLmCoftZHWXSFuQlnEJSsQ,PmD_nggctn4,104,5,7,M5UggC8-VR8,2,0
20260903,UCiLmCoftZHWXSFuQlnEJSsQ,PmD_nggctn4,104,5,7,M7ZxIL_b39E,1,0
20260903,UCiLmCoftZHWXSFuQlnEJSsQ,PmD_nggctn4,104,5,7,M8-kPP-1O9g,2,0
20260903,UCiLmCoftZHWXSFuQlnEJSsQ,PmD_nggctn4,105,5,7,MAnS6VIKygI,1,0
20260903,UCiLmCoftZHWXSFuQlnEJSsQ,PmD_nggctn4,104,5,7,MEhcYcnQa1s,2,0
20260903,UCiLmCoftZHWXSFuQlnEJSsQ,PmD_nggctn4,104,5,7,MH-pxx4hX9w,2,0
20260903,UCiLmCoftZHWXSFuQlnEJSsQ,PmD_nggctn4,101,2,7,MIDxx8j-byw,1,0
20260903,UCiLmCoftZHWXSFuQlnEJSsQ,PmD_nggctn4,101,2,7,MIKX0z0scHQ,1,0
20260903,UCiLmCoftZHWXSFuQlnEJSsQ,PmD_nggctn4,104,5,7,MIghvx0DWlI,1,0
20260903,UCiLmCoftZHWXSFuQlnEJSsQ,PmD_nggctn4,104,5,7,MNAUVmO833M,1,0
20260903,UCiLmCoftZHWXSFuQlnEJSsQ,PmD_nggctn4,103,27,7,MOtrySJOZN8,1,0
20260903,UCiLmCoftZHWXSFuQlnEJSsQ,PmD_nggctn4,102,1,7,MSkXJiqhNmg,1,0
20260903,UCiLmCoftZHWXSFuQlnEJSsQ,PmD_nggctn4,102,4,7,MSkXJiqhNmg,1,0
20260903,UCiLmCoftZHWXSFuQlnEJSsQ,PmD_nggctn4,104,5,7,MWABiDagjHE,1,0
20260903,UCiLmCoftZHWXSFuQlnEJSsQ,PmD_nggctn4,104,4,7,MaHIqNMC0P4,2,0
20260903,UCiLmCoftZHWXSFuQlnEJSsQ,PmD_nggctn4,101,9,7,McdaaFUt6Jk,1,0
20260903,UCiLmCoftZHWXSFuQlnEJSsQ,PmD_nggctn4,101,2,7,MdwwAFQDGWY,1,0
20260903,UCiLmCoftZHWXSFuQlnEJSsQ,PmD_nggctn4,102,4,7,MdwwAFQDGWY,1,0
20260903,UCiLmCoftZHWXSFuQlnEJSsQ,PmD_nggctn4,104,4,7,Me2E_l8GZwk,1,0
20260903,UCiLmCoftZHWXSFuQlnEJSsQ,PmD_nggctn4,104,4,7,MeBqVGTc6ws,1,0
20260903,UCiLmCoftZHWXSFuQlnEJSsQ,PmD_nggctn4,104,5,7,MeGOGqcsP6Q,1,0
20260903,UCiLmCoftZHWXSFuQlnEJSsQ,PmD_nggctn4,102,1,7,MlbgTaTmZxQ,1,0
20260903,UCiLmCoftZHWXSFuQlnEJSsQ,PmD_nggctn4,101,2,7,Mlqk66qW810,1,0
20260903,UCiLmCoftZHWXSFuQlnEJSsQ,PmD_nggctn4,101,2,7,Mq_wPiAJO7Q,1,0
20260903,UCiLmCoftZHWXSFuQlnEJSsQ,PmD_nggctn4,104,4,7,MtIBTAPHxA8,1,0
20260903,UCiLmCoftZHWXSFuQlnEJSsQ,PmD_nggctn4,104,5,7,MtIBTAPHxA8,1,0
20260903,UCiLmCoftZHWXSFuQlnEJSsQ,PmD_nggctn4,104,5,7,MttVhi-JDkU,1,0
20260903,UCiLmCoftZHWXSFuQlnEJSsQ,PmD_nggctn4,101,2,7,MxhzH0OgGbo,2,0
20260903,UCiLmCoftZHWXSFuQlnEJSsQ,PmD_nggctn4,104,4,7,N5q6-CdoF5g,1,0
20260903,UCiLmCoftZHWXSFuQlnEJSsQ,PmD_nggctn4,101,30,7,NFoeWbqE8Rc,1,0
20260903,UCiLmCoftZHWXSFuQlnEJSsQ,PmD_nggctn4,104,5,7,NU4hEOA47PE,1,0
20260903,UCiLmCoftZHWXSFuQlnEJSsQ,PmD_nggctn4,104,5,7,NUhXdBE3hdg,1,0
20260903,UCiLmCoftZHWXSFuQlnEJSsQ,PmD_nggctn4,104,5,7,NY5u-4nq4UQ,2,0
20260903,UCiLmCoftZHWXSFuQlnEJSsQ,PmD_nggctn4,104,5,7,Nb9LZK80Xb8,1,0
20260903,UCiLmCoftZHWXSFuQlnEJSsQ,PmD_nggctn4,104,5,7,Nfz5zWkZVls,1,0
20260903,UCiLmCoftZHWXSFuQlnEJSsQ,PmD_nggctn4,104,5,7,NhFhHL0073M,1,0
20260903,UCiLmCoftZHWXSFuQlnEJSsQ,PmD_nggctn4,104,5,7,Nl9qFhEI4k4,1,0
20260903,UCiLmCoftZHWXSFuQlnEJSsQ,PmD_nggctn4,105,5,7,NnMji5CQfmg,1,0
20260903,UCiLmCoftZHWXSFuQlnEJSsQ,PmD_nggctn4,104,5,7,NqBuFtv1j8Q,1,0
20260903,UCiLmCoftZHWXSFuQlnEJSsQ,PmD_nggctn4,101,30,7,Nrsmafi5fYw,1,0
20260903,UCiLmCoftZHWXSFuQlnEJSsQ,PmD_nggctn4,102,19,7,Nrsmafi5fYw,1,0
20260903,UCiLmCoftZHWXSFuQlnEJSsQ,PmD_nggctn4,104,5,7,Nrsmafi5fYw,1,0
20260903,UCiLmCoftZHWXSFuQlnEJSsQ,PmD_nggctn4,105,5,7,Nrsmafi5fYw,2,0
20260903,UCiLmCoftZHWXSFuQlnEJSsQ,PmD_nggctn4,104,5,7,Nzr2f3HVhE4,1,0
20260903,UCiLmCoftZHWXSFuQlnEJSsQ,PmD_nggctn4,101,2,7,O3WNimYGN4s,2,0
20260903,UCiLmCoftZHWXSFuQlnEJSsQ,PmD_nggctn4,104,5,7,O7iYL8CZwU4,1,0
20260903,UCiLmCoftZHWXSFuQlnEJSsQ,PmD_nggctn4,104,5,7,OK5kQ8zLtmg,1,0
20260903,UCiLmCoftZHWXSFuQlnEJSsQ,PmD_nggctn4,103,10,7,OKgWS2NiE_Q,1,0
20260903,UCiLmCoftZHWXSFuQlnEJSsQ,PmD_nggctn4,104,5,7,OMTa5r6WfqU,1,0
20260903,UCiLmCoftZHWXSFuQlnEJSsQ,PmD_nggctn4,104,4,7,OZEkZpqh4Do,1,0
20260903,UCiLmCoftZHWXSFuQlnEJSsQ,PmD_nggctn4,102,31,7,Of6I0lFZ0OY,1,0
20260903,UCiLmCoftZHWXSFuQlnEJSsQ,PmD_nggctn4,104,5,7,OgHNBerCFzc,1,0
20260903,UCiLmCoftZHWXSFuQlnEJSsQ,PmD_nggctn4,101,2,7,OiyOgHF0dGc,4,0
20260903,UCiLmCoftZHWXSFuQlnEJSsQ,PmD_nggctn4,102,4,7,OiyOgHF0dGc,1,0
20260903,UCiLmCoftZHWXSFuQlnEJSsQ,PmD_nggctn4,102,29,7,OiyOgHF0dGc,1,0
20260903,UCiLmCoftZHWXSFuQlnEJSsQ,PmD_nggctn4,102,31,7,OiyOgHF0dGc,1,0
20260903,UCiLmCoftZHWXSFuQlnEJSsQ,PmD_nggctn4,104,5,7,OiyOgHF0dGc,14,0
20260903,UCiLmCoftZHWXSFuQlnEJSsQ,PmD_nggctn4,105,5,7,OiyOgHF0dGc,2,0
20260903,UCiLmCoftZHWXSFuQlnEJSsQ,PmD_nggctn4,104,5,7,Ok1roUrqHFg,5,0
20260903,UCiLmCoftZHWXSFuQlnEJSsQ,PmD_nggctn4,104,4,7,OroFZe61-_0,1,0
20260903,UCiLmCoftZHWXSFuQlnEJSsQ,PmD_nggctn4,101,2,7,Orw_RXCVtA8,2,0
20260903,UCiLmCoftZHWXSFuQlnEJSsQ,PmD_nggctn4,104,5,7,OuO7Ik8uFy8,1,0
20260903,UCiLmCoftZHWXSFuQlnEJSsQ,PmD_nggctn4,104,5,7,P2oFpJiP1LU,1,0
20260903,UCiLmCoftZHWXSFuQlnEJSsQ,PmD_nggctn4,104,5,7,PE8CVDk77-c,1,0
20260903,UCiLmCoftZHWXSFuQlnEJSsQ,PmD_nggctn4,101,2,7,PHK6IUivfBo,1,0
20260903,UCiLmCoftZHWXSFuQlnEJSsQ,PmD_nggctn4,104,5,7,PHK6IUivfBo,2,0
20260903,UCiLmCoftZHWXSFuQlnEJSsQ,PmD_nggctn4,105,5,7,PHK6IUivfBo,1,0
20260903,UCiLmCoftZHWXSFuQlnEJSsQ,PmD_nggctn4,104,5,7,POBlJq_P8os,2,0
20260903,UCiLmCoftZHWXSFuQlnEJSsQ,PmD_nggctn4,104,5,7,PP81YkmSYjY,1,0
20260903,UCiLmCoftZHWXSFuQlnEJSsQ,PmD_nggctn4,101,2,7,PPCbvrUucHc,2,0
20260903,UCiLmCoftZHWXSFuQlnEJSsQ,PmD_nggctn4,101,2,7,PV21qw6jWUY,1,0
20260903,UCiLmCoftZHWXSFuQlnEJSsQ,PmD_nggctn4,102,29,7,PV21qw6jWUY,1,0
20260903,UCiLmCoftZHWXSFuQlnEJSsQ,PmD_nggctn4,104,5,7,PV21qw6jWUY,4,0
20260903,UCiLmCoftZHWXSFuQlnEJSsQ,PmD_nggctn4,104,5,7,PbEuQfWzKbI,1,0
20260903,UCiLmCoftZHWXSFuQlnEJSsQ,PmD_nggctn4,104,5,7,PiikNxCE5_Q,4,0
20260903,UCiLmCoftZHWXSFuQlnEJSsQ,PmD_nggctn4,101,2,7,PqOBtBOsB_I,1,0
20260903,UCiLmCoftZHWXSFuQlnEJSsQ,PmD_nggctn4,104,5,7,Pw3oEszjHY8,2,0
20260903,UCiLmCoftZHWXSFuQlnEJSsQ,PmD_nggctn4,104,5,7,Pw5M12WmaoI,2,0
20260903,UCiLmCoftZHWXSFuQlnEJSsQ,PmD_nggctn4,101,2,7,Q0t4vMgXTy8,1,0
20260903,UCiLmCoftZHWXSFuQlnEJSsQ,PmD_nggctn4,104,5,7,Q0t4vMgXTy8,1,0
20260903,UCiLmCoftZHWXSFuQlnEJSsQ,PmD_nggctn4,101,2,7,Q0u71Jyr_KE,1,0
20260903,UCiLmCoftZHWXSFuQlnEJSsQ,PmD_nggctn4,104,5,7,Q1-yYjZqk7o,1,0
20260903,UCiLmCoftZHWXSFuQlnEJSsQ,PmD_nggctn4,104,5,7,Q2ZCbKwL3rc,1,0
20260903,UCiLmCoftZHWXSFuQlnEJSsQ,PmD_nggctn4,101,2,7,Q6Euzd48kko,1,0
20260903,UCiLmCoftZHWXSFuQlnEJSsQ,PmD_nggctn4,104,5,7,Q9G2H88CQmY,1,0
20260903,UCiLmCoftZHWXSFuQlnEJSsQ,PmD_nggctn4,102,19,7,QAKvmXWZEN4,1,0
20260903,UCiLmCoftZHWXSFuQlnEJSsQ,PmD_nggctn4,105,5,7,QBXRtO_Msmk,1,0
20260903,UCiLmCoftZHWXSFuQlnEJSsQ,PmD_nggctn4,104,5,7,QBa7QESJTZY,2,0
20260903,UCiLmCoftZHWXSFuQlnEJSsQ,PmD_nggctn4,102,29,7,QBzNaHpuM30,1,0
20260903,UCiLmCoftZHWXSFuQlnEJSsQ,PmD_nggctn4,104,5,7,QCaUeRxlrx8,1,0
20260903,UCiLmCoftZHWXSFuQlnEJSsQ,PmD_nggctn4,101,2,7,QKkpwtb0Idg,1,0
20260903,UCiLmCoftZHWXSFuQlnEJSsQ,PmD_nggctn4,104,4,7,QKkpwtb0Idg,1,0
20260903,UCiLmCoftZHWXSFuQlnEJSsQ,PmD_nggctn4,101,2,7,QOCBReR3VJQ,3,0
20260903,UCiLmCoftZHWXSFuQlnEJSsQ,PmD_nggctn4,102,4,7,QOCBReR3VJQ,1,0
20260903,UCiLmCoftZHWXSFuQlnEJSsQ,PmD_nggctn4,102,21,7,QOCBReR3VJQ,1,0
20260903,UCiLmCoftZHWXSFuQlnEJSsQ,PmD_nggctn4,105,5,7,QOCBReR3VJQ,1,1
20260903,UCiLmCoftZHWXSFuQlnEJSsQ,PmD_nggctn4,104,5,7,QO_oiX4cPJQ,3,0
20260903,UCiLmCoftZHWXSFuQlnEJSsQ,PmD_nggctn4,101,9,7,QSOd6Mi1tPk,1,0
20260903,UCiLmCoftZHWXSFuQlnEJSsQ,PmD_nggctn4,104,5,7,QUeentOetbQ,1,0
20260903,UCiLmCoftZHWXSFuQlnEJSsQ,PmD_nggctn4,102,4,7,QX7MShl244k,1,0
20260903,UCiLmCoftZHWXSFuQlnEJSsQ,PmD_nggctn4,103,10,7,QX7MShl244k,1,0
20260903,UCiLmCoftZHWXSFuQlnEJSsQ,PmD_nggctn4,104,4,7,QX7MShl244k,1,0
20260903,UCiLmCoftZHWXSFuQlnEJSsQ,PmD_nggctn4,104,5,7,QX7MShl244k,3,0
20260903,UCiLmCoftZHWXSFuQlnEJSsQ,PmD_nggctn4,102,31,7,QYlFbPnJ8Rw,1,0
20260903,UCiLmCoftZHWXSFuQlnEJSsQ,PmD_nggctn4,101,2,7,QbZzKcwqBfM,3,0
20260903,UCiLmCoftZHWXSFuQlnEJSsQ,PmD_nggctn4,102,4,7,QbZzKcwqBfM,1,0
20260903,UCiLmCoftZHWXSFuQlnEJSsQ,PmD_nggctn4,102,29,7,QbZzKcwqBfM,1,0
20260903,UCiLmCoftZHWXSFuQlnEJSsQ,PmD_nggctn4,104,4,7,QbZzKcwqBfM,2,0
20260903,UCiLmCoftZHWXSFuQlnEJSsQ,PmD_nggctn4,104,5,7,QbZzKcwqBfM,3,0
20260903,UCiLmCoftZHWXSFuQlnEJSsQ,PmD_nggctn4,105,5,7,QbZzKcwqBfM,1,0
20260903,UCiLmCoftZHWXSFuQlnEJSsQ,PmD_nggctn4,104,5,7,Qm5m02UMGxU,1,0
20260903,UCiLmCoftZHWXSFuQlnEJSsQ,PmD_nggctn4,105,5,7,Qm5m02UMGxU,2,0
20260903,UCiLmCoftZHWXSFuQlnEJSsQ,PmD_nggctn4,105,5,7,QpLGbMHRSVQ,1,0
20260903,UCiLmCoftZHWXSFuQlnEJSsQ,PmD_nggctn4,101,2,7,QqB-maYVHLQ,1,0
20260903,UCiLmCoftZHWXSFuQlnEJSsQ,PmD_nggctn4,104,5,7,QwptBhqOYJQ,1,0
20260903,UCiLmCoftZHWXSFuQlnEJSsQ,PmD_nggctn4,104,5,7,QxICRjnOH4s,2,0.5
20260903,UCiLmCoftZHWXSFuQlnEJSsQ,PmD_nggctn4,101,2,7,QyhExt2Q8p8,4,0
20260903,UCiLmCoftZHWXSFuQlnEJSsQ,PmD_nggctn4,101,9,7,QyhExt2Q8p8,2,0
20260903,UCiLmCoftZHWXSFuQlnEJSsQ,PmD_nggctn4,104,4,7,QyhExt2Q8p8,1,0
20260903,UCiLmCoftZHWXSFuQlnEJSsQ,PmD_nggctn4,104,5,7,QyhExt2Q8p8,5,0
20260903,UCiLmCoftZHWXSFuQlnEJSsQ,PmD_nggctn4,105,5,7,QyhExt2Q8p8,3,0.33333333333333331
20260903,UCiLmCoftZHWXSFuQlnEJSsQ,PmD_nggctn4,103,10,7,QzAPXHpyA6w,1,0
20260903,UCiLmCoftZHWXSFuQlnEJSsQ,PmD_nggctn4,104,4,7,QzzCHFq4O5w,1,0
20260903,UCiLmCoftZHWXSFuQlnEJSsQ,PmD_nggctn4,105,5,7,R3-WME0w4Sg,1,0
20260903,UCiLmCoftZHWXSFuQlnEJSsQ,PmD_nggctn4,101,2,7,R6zaYKMVtAo,1,0
20260903,UCiLmCoftZHWXSFuQlnEJSsQ,PmD_nggctn4,101,2,7,R8emaI90rd8,1,0
20260903,UCiLmCoftZHWXSFuQlnEJSsQ,PmD_nggctn4,104,5,7,R8emaI90rd8,2,0
20260903,UCiLmCoftZHWXSFuQlnEJSsQ,PmD_nggctn4,105,5,7,R8emaI90rd8,1,0
20260903,UCiLmCoftZHWXSFuQlnEJSsQ,PmD_nggctn4,101,2,7,RGRFVmDUqKw,1,0
20260903,UCiLmCoftZHWXSFuQlnEJSsQ,PmD_nggctn4,102,4,7,RUEnyZLCtW4,1,0
20260903,UCiLmCoftZHWXSFuQlnEJSsQ,PmD_nggctn4,102,26,7,RUEnyZLCtW4,1,0
20260903,UCiLmCoftZHWXSFuQlnEJSsQ,PmD_nggctn4,102,29,7,RUEnyZLCtW4,1,0
20260903,UCiLmCoftZHWXSFuQlnEJSsQ,PmD_nggctn4,104,4,7,RUEnyZLCtW4,3,0
20260903,UCiLmCoftZHWXSFuQlnEJSsQ,PmD_nggctn4,104,5,7,RUEnyZLCtW4,14,0
20260903,UCiLmCoftZHWXSFuQlnEJSsQ,PmD_nggctn4,105,5,7,RUEnyZLCtW4,2,0
20260903,UCiLmCoftZHWXSFuQlnEJSsQ,PmD_nggctn4,104,5,7,RZ5l57S96LU,1,0
20260903,UCiLmCoftZHWXSFuQlnEJSsQ,PmD_nggctn4,104,5,7,RgO_PjlsjYM,2,0
20260903,UCiLmCoftZHWXSFuQlnEJSsQ,PmD_nggctn4,104,5,7,Ri0RW7Snzuk,1,0
20260903,UCiLmCoftZHWXSFuQlnEJSsQ,PmD_nggctn4,104,5,7,Rj-LZHxdUSY,1,0
20260903,UCiLmCoftZHWXSFuQlnEJSsQ,PmD_nggctn4,101,9,7,RjHjQlEjs_E,1,0
20260903,UCiLmCoftZHWXSFuQlnEJSsQ,PmD_nggctn4,104,5,7,RnhYZZ9JO2U,1,0
20260903,UCiLmCoftZHWXSFuQlnEJSsQ,PmD_nggctn4,104,5,7,Rve5rxHDvso,1,0
20260903,UCiLmCoftZHWXSFuQlnEJSsQ,PmD_nggctn4,101,2,7,Ry-wuAJgrow,1,1
20260903,UCiLmCoftZHWXSFuQlnEJSsQ,PmD_nggctn4,105,5,7,Ry9UCc9H3nw,1,0
20260903,UCiLmCoftZHWXSFuQlnEJSsQ,PmD_nggctn4,101,2,7,S-TClIF09u0,2,0
20260903,UCiLmCoftZHWXSFuQlnEJSsQ,PmD_nggctn4,101,9,7,S-TClIF09u0,1,0
20260903,UCiLmCoftZHWXSFuQlnEJSsQ,PmD_nggctn4,102,4,7,S-TClIF09u0,1,0
20260903,UCiLmCoftZHWXSFuQlnEJSsQ,PmD_nggctn4,102,29,7,S-TClIF09u0,2,0
20260903,UCiLmCoftZHWXSFuQlnEJSsQ,PmD_nggctn4,104,4,7,S-TClIF09u0,1,0
20260903,UCiLmCoftZHWXSFuQlnEJSsQ,PmD_nggctn4,104,5,7,S-TClIF09u0,6,0
20260903,UCiLmCoftZHWXSFuQlnEJSsQ,PmD_nggctn4,104,4,7,S0OcnFmFO8k,1,0
20260903,UCiLmCoftZHWXSFuQlnEJSsQ,PmD_nggctn4,104,5,7,S0gxG9PkhRI,1,0
20260903,UCiLmCoftZHWXSFuQlnEJSsQ,PmD_nggctn4,101,2,7,S119F9S1f6g,1,0
20260903,UCiLmCoftZHWXSFuQlnEJSsQ,PmD_nggctn4,104,5,7,S2xdTiW0sgQ,1,0
20260903,UCiLmCoftZHWXSFuQlnEJSsQ,PmD_nggctn4,101,2,7,S4tXGHeKBHs,1,0
20260903,UCiLmCoftZHWXSFuQlnEJSsQ,PmD_nggctn4,102,4,7,S4tXGHeKBHs,2,0
20260903,UCiLmCoftZHWXSFuQlnEJSsQ,PmD_nggctn4,104,5,7,S4tXGHeKBHs,4,0
20260903,UCiLmCoftZHWXSFuQlnEJSsQ,PmD_nggctn4,105,5,7,S4tXGHeKBHs,2,0
20260903,UCiLmCoftZHWXSFuQlnEJSsQ,PmD_nggctn4,104,4,7,S61gcdMllv8,1,0
20260903,UCiLmCoftZHWXSFuQlnEJSsQ,PmD_nggctn4,104,5,7,SD7X2XE3Kbg,1,0
20260903,UCiLmCoftZHWXSFuQlnEJSsQ,PmD_nggctn4,104,5,7,SDrmbwU4XYE,2,0
20260903,UCiLmCoftZHWXSFuQlnEJSsQ,PmD_nggctn4,105,5,7,SFL0DlNZNBQ,1,0
20260903,UCiLmCoftZHWXSFuQlnEJSsQ,PmD_nggctn4,101,2,7,STra1_f7rV8,1,0
20260903,UCiLmCoftZHWXSFuQlnEJSsQ,PmD_nggctn4,104,5,7,S_H_9NWpfWQ,2,0
20260903,UCiLmCoftZHWXSFuQlnEJSsQ,PmD_nggctn4,104,5,7,SaAC6ZlUCVU,3,0
20260903,UCiLmCoftZHWXSFuQlnEJSsQ,PmD_nggctn4,101,2,7,ShV0O9bfjXg,1,0
20260903,UCiLmCoftZHWXSFuQlnEJSsQ,PmD_nggctn4,104,5,7,SioFrpny0ZM,1,0
20260903,UCiLmCoftZHWXSFuQlnEJSsQ,PmD_nggctn4,101,2,7,SlDTZdCoX7w,3,0.33333333333333331
20260903,UCiLmCoftZHWXSFuQlnEJSsQ,PmD_nggctn4,102,4,7,SlDTZdCoX7w,1,0
20260903,UCiLmCoftZHWXSFuQlnEJSsQ,PmD_nggctn4,104,4,7,SlDTZdCoX7w,1,0
20260903,UCiLmCoftZHWXSFuQlnEJSsQ,PmD_nggctn4,104,5,7,SlDTZdCoX7w,2,0
20260903,UCiLmCoftZHWXSFuQlnEJSsQ,PmD_nggctn4,105,5,7,SlDTZdCoX7w,3,0
20260903,UCiLmCoftZHWXSFuQlnEJSsQ,PmD_nggctn4,101,2,7,T1rtI4yp3N4,1,0
20260903,UCiLmCoftZHWXSFuQlnEJSsQ,PmD_nggctn4,101,2,7,T9_ypjGJ-Ow,1,0
20260903,UCiLmCoftZHWXSFuQlnEJSsQ,PmD_nggctn4,104,5,7,T9a6T0nMulU,4,0.25
20260903,UCiLmCoftZHWXSFuQlnEJSsQ,PmD_nggctn4,104,5,7,TAQI0WEyy7k,1,0
20260903,UCiLmCoftZHWXSFuQlnEJSsQ,PmD_nggctn4,101,2,7,TCYJnm0oIfY,4,0
20260903,UCiLmCoftZHWXSFuQlnEJSsQ,PmD_nggctn4,102,4,7,TCYJnm0oIfY,1,0
20260903,UCiLmCoftZHWXSFuQlnEJSsQ,PmD_nggctn4,102,29,7,TCYJnm0oIfY,1,0
20260903,UCiLmCoftZHWXSFuQlnEJSsQ,PmD_nggctn4,104,4,7,TCYJnm0oIfY,2,0.5
20260903,UCiLmCoftZHWXSFuQlnEJSsQ,PmD_nggctn4,104,5,7,TCYJnm0oIfY,14,0
20260903,UCiLmCoftZHWXSFuQlnEJSsQ,PmD_nggctn4,105,5,7,TCYJnm0oIfY,3,0
20260903,UCiLmCoftZHWXSFuQlnEJSsQ,PmD_nggctn4,101,30,7,TCs_xNNvOLQ,1,0
20260903,UCiLmCoftZHWXSFuQlnEJSsQ,PmD_nggctn4,101,2,7,TDPvfbWqagM,1,0
20260903,UCiLmCoftZHWXSFuQlnEJSsQ,PmD_nggctn4,104,5,7,TDPvfbWqagM,1,0
20260903,UCiLmCoftZHWXSFuQlnEJSsQ,PmD_nggctn4,104,5,7,TEVg-F3htmM,1,0
20260903,UCiLmCoftZHWXSFuQlnEJSsQ,PmD_nggctn4,104,5,7,TKwquEKR6zU,1,0
20260903,UCiLmCoftZHWXSFuQlnEJSsQ,PmD_nggctn4,101,2,7,TN--u8kgVM0,1,0
20260903,UCiLmCoftZHWXSFuQlnEJSsQ,PmD_nggctn4,104,4,7,TN--u8kgVM0,1,0
20260903,UCiLmCoftZHWXSFuQlnEJSsQ,PmD_nggctn4,104,5,7,TN--u8kgVM0,1,0
20260903,UCiLmCoftZHWXSFuQlnEJSsQ,PmD_nggctn4,101,2,7,TW9ow7UMcf8,1,0
20260903,UCiLmCoftZHWXSFuQlnEJSsQ,PmD_nggctn4,104,5,7,TcxioYm8u5M,1,0
20260903,UCiLmCoftZHWXSFuQlnEJSsQ,PmD_nggctn4,104,5,7,TjZU3-jmeMQ,1,0
20260903,UCiLmCoftZHWXSFuQlnEJSsQ,PmD_nggctn4,104,5,7,Tlr3tbSdKTA,1,0
20260903,UCiLmCoftZHWXSFuQlnEJSsQ,PmD_nggctn4,104,5,7,Tpq4j4dfL1I,2,0
20260903,UCiLmCoftZHWXSFuQlnEJSsQ,PmD_nggctn4,104,5,7,TqEa3sWrhrA,1,0
20260903,UCiLmCoftZHWXSFuQlnEJSsQ,PmD_nggctn4,104,5,7,TtA3PSfMpBk,1,0
20260903,UCiLmCoftZHWXSFuQlnEJSsQ,PmD_nggctn4,104,5,7,TuRm1JzAsVg,1,0
20260903,UCiLmCoftZHWXSFuQlnEJSsQ,PmD_nggctn4,104,5,7,U7ZHDI31l8I,1,0
20260903,UCiLmCoftZHWXSFuQlnEJSsQ,PmD_nggctn4,104,5,7,UEAyHEA9fUg,1,0
20260903,UCiLmCoftZHWXSFuQlnEJSsQ,PmD_nggctn4,104,5,7,UJmBZTlOxqM,1,0
20260903,UCiLmCoftZHWXSFuQlnEJSsQ,PmD_nggctn4,101,9,7,UKQYtWuB0bU,1,0
20260903,UCiLmCoftZHWXSFuQlnEJSsQ,PmD_nggctn4,101,9,7,ULpea2gu_m0,1,0
20260903,UCiLmCoftZHWXSFuQlnEJSsQ,PmD_nggctn4,101,2,7,USQ3RvMjN5E,1,0
20260903,UCiLmCoftZHWXSFuQlnEJSsQ,PmD_nggctn4,101,9,7,UXrPPx_LAhM,1,0
20260903,UCiLmCoftZHWXSFuQlnEJSsQ,PmD_nggctn4,104,5,7,UYzUlbRa_i4,1,0
20260903,UCiLmCoftZHWXSFuQlnEJSsQ,PmD_nggctn4,103,27,7,UZ4d0ruP2II,1,0
20260903,UCiLmCoftZHWXSFuQlnEJSsQ,PmD_nggctn4,104,5,7,UZJmEHJD4RM,1,0
20260903,UCiLmCoftZHWXSFuQlnEJSsQ,PmD_nggctn4,104,5,7,UdbqAIOkc-w,1,0
20260903,UCiLmCoftZHWXSFuQlnEJSsQ,PmD_nggctn4,104,5,7,UeHJ4QDBQpw,2,0
20260903,UCiLmCoftZHWXSFuQlnEJSsQ,PmD_nggctn4,105,5,7,UeIzz-vDZh4,1,0
20260903,UCiLmCoftZHWXSFuQlnEJSsQ,PmD_nggctn4,104,5,7,Uj_M0XWvgHE,1,1
20260903,UCiLmCoftZHWXSFuQlnEJSsQ,PmD_nggctn4,101,2,7,UlGkBeKfjNM,1,0
20260903,UCiLmCoftZHWXSFuQlnEJSsQ,PmD_nggctn4,102,31,7,UlGkBeKfjNM,1,0
20260903,UCiLmCoftZHWXSFuQlnEJSsQ,PmD_nggctn4,104,5,7,Uo51CIUav5g,1,0
20260903,UCiLmCoftZHWXSFuQlnEJSsQ,PmD_nggctn4,104,5,7,UoyQixYs4hA,1,0
20260903,UCiLmCoftZHWXSFuQlnEJSsQ,PmD_nggctn4,104,5,7,UpEAXYHoOCo,1,0
20260903,UCiLmCoftZHWXSFuQlnEJSsQ,PmD_nggctn4,104,5,7,Uw54avARXO8,2,0
20260903,UCiLmCoftZHWXSFuQlnEJSsQ,PmD_nggctn4,101,2,7,Uw8K3nqFnho,1,0
20260903,UCiLmCoftZHWXSFuQlnEJSsQ,PmD_nggctn4,104,5,7,UykDd1Y4X-E,1,0
20260903,UCiLmCoftZHWXSFuQlnEJSsQ,PmD_nggctn4,105,5,7,UykDd1Y4X-E,1,0
20260903,UCiLmCoftZHWXSFuQlnEJSsQ,PmD_nggctn4,101,2,7,V6IsSLPCRrc,1,0
20260903,UCiLmCoftZHWXSFuQlnEJSsQ,PmD_nggctn4,104,5,7,VMNjWZDQMGk,1,0
20260903,UCiLmCoftZHWXSFuQlnEJSsQ,PmD_nggctn4,103,27,7,VPca_E6_YTU,1,0
20260903,UCiLmCoftZHWXSFuQlnEJSsQ,PmD_nggctn4,104,5,7,VPca_E6_YTU,3,0
20260903,UCiLmCoftZHWXSFuQlnEJSsQ,PmD_nggctn4,101,2,7,VS41DvAut9o,1,0
20260903,UCiLmCoftZHWXSFuQlnEJSsQ,PmD_nggctn4,104,5,7,VW4A5YocclU,1,0
20260903,UCiLmCoftZHWXSFuQlnEJSsQ,PmD_nggctn4,104,4,7,Vgwuc0C9UoQ,1,0
20260903,UCiLmCoftZHWXSFuQlnEJSsQ,PmD_nggctn4,104,5,7,Vgwuc0C9UoQ,4,0
20260903,UCiLmCoftZHWXSFuQlnEJSsQ,PmD_nggctn4,105,5,7,Vgwuc0C9UoQ,2,0
20260903,UCiLmCoftZHWXSFuQlnEJSsQ,PmD_nggctn4,104,4,7,VlV9VBDq2Os,1,0
20260903,UCiLmCoftZHWXSFuQlnEJSsQ,PmD_nggctn4,104,5,7,VmyqVcKOv2Q,1,0
20260903,UCiLmCoftZHWXSFuQlnEJSsQ,PmD_nggctn4,104,5,7,Vn0CYp7_MNs,1,0
20260903,UCiLmCoftZHWXSFuQlnEJSsQ,PmD_nggctn4,101,2,7,VoNPgU0UMHs,1,0
20260903,UCiLmCoftZHWXSFuQlnEJSsQ,PmD_nggctn4,104,4,7,Vre008n65hs,1,0
20260903,UCiLmCoftZHWXSFuQlnEJSsQ,PmD_nggctn4,104,5,7,VxaDP1z4l8k,1,0
20260903,UCiLmCoftZHWXSFuQlnEJSsQ,PmD_nggctn4,101,2,7,Vyyzv0rtn-g,1,0
20260903,UCiLmCoftZHWXSFuQlnEJSsQ,PmD_nggctn4,104,4,7,Vyyzv0rtn-g,1,0
20260903,UCiLmCoftZHWXSFuQlnEJSsQ,PmD_nggctn4,104,5,7,Vyyzv0rtn-g,2,0
20260903,UCiLmCoftZHWXSFuQlnEJSsQ,PmD_nggctn4,104,5,7,W4OGbjbxyOQ,1,0
20260903,UCiLmCoftZHWXSFuQlnEJSsQ,PmD_nggctn4,101,2,7,WAM7S63zmvQ,1,0
20260903,UCiLmCoftZHWXSFuQlnEJSsQ,PmD_nggctn4,101,30,7,WAM7S63zmvQ,1,0
20260903,UCiLmCoftZHWXSFuQlnEJSsQ,PmD_nggctn4,104,5,7,WAM7S63zmvQ,2,0
20260903,UCiLmCoftZHWXSFuQlnEJSsQ,PmD_nggctn4,101,2,7,WBDDwql7Dkw,1,0
20260903,UCiLmCoftZHWXSFuQlnEJSsQ,PmD_nggctn4,104,5,7,WJ05WCIfpQk,1,0
20260903,UCiLmCoftZHWXSFuQlnEJSsQ,PmD_nggctn4,104,5,7,WPCnShh07LA,1,0
20260903,UCiLmCoftZHWXSFuQlnEJSsQ,PmD_nggctn4,104,5,7,WTXZsW1Oz1g,1,0
20260903,UCiLmCoftZHWXSFuQlnEJSsQ,PmD_nggctn4,104,5,7,WVj2h6bRxus,1,0
20260903,UCiLmCoftZHWXSFuQlnEJSsQ,PmD_nggctn4,104,5,7,WYJ4QWXST3A,1,0
20260903,UCiLmCoftZHWXSFuQlnEJSsQ,PmD_nggctn4,104,5,7,WZhTk59hGp8,4,0
20260903,UCiLmCoftZHWXSFuQlnEJSsQ,PmD_nggctn4,101,2,7,W_285Od8ZY4,2,0
20260903,UCiLmCoftZHWXSFuQlnEJSsQ,PmD_nggctn4,101,30,7,W_285Od8ZY4,1,0
20260903,UCiLmCoftZHWXSFuQlnEJSsQ,PmD_nggctn4,104,5,7,W_285Od8ZY4,2,0
20260903,UCiLmCoftZHWXSFuQlnEJSsQ,PmD_nggctn4,101,2,7,Wc4hcRtmj_4,1,0
20260903,UCiLmCoftZHWXSFuQlnEJSsQ,PmD_nggctn4,104,5,7,Wc4hcRtmj_4,2,0
20260903,UCiLmCoftZHWXSFuQlnEJSsQ,PmD_nggctn4,105,5,7,Wc4hcRtmj_4,1,0
20260903,UCiLmCoftZHWXSFuQlnEJSsQ,PmD_nggctn4,104,5,7,WdQ6wmap8U4,1,0
20260903,UCiLmCoftZHWXSFuQlnEJSsQ,PmD_nggctn4,104,5,7,WgZvUUJKnlc,1,0
20260903,UCiLmCoftZHWXSFuQlnEJSsQ,PmD_nggctn4,102,4,7,WlhY2wpknuc,1,0
20260903,UCiLmCoftZHWXSFuQlnEJSsQ,PmD_nggctn4,104,5,7,X1j8P5VN02o,2,0
20260903,UCiLmCoftZHWXSFuQlnEJSsQ,PmD_nggctn4,104,4,7,X46g7NdKPlY,1,0
20260903,UCiLmCoftZHWXSFuQlnEJSsQ,PmD_nggctn4,104,5,7,X6CsGWUuKY4,1,0
20260903,UCiLmCoftZHWXSFuQlnEJSsQ,PmD_nggctn4,104,4,7,X9hW6A-yB8o,1,0
20260903,UCiLmCoftZHWXSFuQlnEJSsQ,PmD_nggctn4,104,5,7,XBnMNwrV270,2,0
20260903,UCiLmCoftZHWXSFuQlnEJSsQ,PmD_nggctn4,104,5,7,XCuJl3KQNlE,1,0
20260903,UCiLmCoftZHWXSFuQlnEJSsQ,PmD_nggctn4,101,2,7,XImVGp_F-SY,1,0
20260903,UCiLmCoftZHWXSFuQlnEJSsQ,PmD_nggctn4,104,4,7,XImVGp_F-SY,1,0
20260903,UCiLmCoftZHWXSFuQlnEJSsQ,PmD_nggctn4,104,5,7,XImVGp_F-SY,1,1
20260903,UCiLmCoftZHWXSFuQlnEJSsQ,PmD_nggctn4,105,5,7,XImVGp_F-SY,1,0
20260903,UCiLmCoftZHWXSFuQlnEJSsQ,PmD_nggctn4,101,2,7,XMcws3Nflek,1,0
20260903,UCiLmCoftZHWXSFuQlnEJSsQ,PmD_nggctn4,105,5,7,XNb3Y2MN1qs,1,0
20260903,UCiLmCoftZHWXSFuQlnEJSsQ,PmD_nggctn4,105,5,7,XPHPC-Fs__A,1,0
20260903,UCiLmCoftZHWXSFuQlnEJSsQ,PmD_nggctn4,101,2,7,XS60uqv1xwk,2,0
20260903,UCiLmCoftZHWXSFuQlnEJSsQ,PmD_nggctn4,101,9,7,XS60uqv1xwk,1,0
20260903,UCiLmCoftZHWXSFuQlnEJSsQ,PmD_nggctn4,102,4,7,XS60uqv1xwk,1,0
20260903,UCiLmCoftZHWXSFuQlnEJSsQ,PmD_nggctn4,104,5,7,XS60uqv1xwk,3,0
20260903,UCiLmCoftZHWXSFuQlnEJSsQ,PmD_nggctn4,105,5,7,XS60uqv1xwk,3,0
20260903,UCiLmCoftZHWXSFuQlnEJSsQ,PmD_nggctn4,104,4,7,XTeJR-qXEEQ,1,0
20260903,UCiLmCoftZHWXSFuQlnEJSsQ,PmD_nggctn4,105,5,7,XaxLadJ8J0k,1,0
20260903,UCiLmCoftZHWXSFuQlnEJSsQ,PmD_nggctn4,103,27,7,XdwgAC5LSXk,1,0
20260903,UCiLmCoftZHWXSFuQlnEJSsQ,PmD_nggctn4,101,2,7,Xg9oOS1G4Ew,5,0
20260903,UCiLmCoftZHWXSFuQlnEJSsQ,PmD_nggctn4,102,1,7,Xg9oOS1G4Ew,1,0
20260903,UCiLmCoftZHWXSFuQlnEJSsQ,PmD_nggctn4,102,31,7,Xg9oOS1G4Ew,1,0
20260903,UCiLmCoftZHWXSFuQlnEJSsQ,PmD_nggctn4,104,4,7,Xg9oOS1G4Ew,2,0.5
20260903,UCiLmCoftZHWXSFuQlnEJSsQ,PmD_nggctn4,104,5,7,Xg9oOS1G4Ew,16,0
20260903,UCiLmCoftZHWXSFuQlnEJSsQ,PmD_nggctn4,105,5,7,Xg9oOS1G4Ew,2,0
20260903,UCiLmCoftZHWXSFuQlnEJSsQ,PmD_nggctn4,104,5,7,Xh6c4BdJKPg,1,0
20260903,UCiLmCoftZHWXSFuQlnEJSsQ,PmD_nggctn4,104,5,7,XrmmhhVIe9k,1,0
20260903,UCiLmCoftZHWXSFuQlnEJSsQ,PmD_nggctn4,104,5,7,XtKPbP7bqp0,2,0
20260903,UCiLmCoftZHWXSFuQlnEJSsQ,PmD_nggctn4,104,5,7,XzH3tg5an4w,1,0
20260903,UCiLmCoftZHWXSFuQlnEJSsQ,PmD_nggctn4,101,2,7,Xzrtp70gsMA,8,0
20260903,UCiLmCoftZHWXSFuQlnEJSsQ,PmD_nggctn4,101,9,7,Xzrtp70gsMA,2,0
20260903,UCiLmCoftZHWXSFuQlnEJSsQ,PmD_nggctn4,102,31,7,Xzrtp70gsMA,1,0
20260903,UCiLmCoftZHWXSFuQlnEJSsQ,PmD_nggctn4,104,4,7,Xzrtp70gsMA,2,0
20260903,UCiLmCoftZHWXSFuQlnEJSsQ,PmD_nggctn4,104,5,7,Xzrtp70gsMA,26,0
20260903,UCiLmCoftZHWXSFuQlnEJSsQ,PmD_nggctn4,105,5,7,Xzrtp70gsMA,8,0.125
20260903,UCiLmCoftZHWXSFuQlnEJSsQ,PmD_nggctn4,101,2,7,Y0JB7rny-iQ,1,0
20260903,UCiLmCoftZHWXSFuQlnEJSsQ,PmD_nggctn4,105,5,7,Y0JB7rny-iQ,1,0
20260903,UCiLmCoftZHWXSFuQlnEJSsQ,PmD_nggctn4,102,31,7,Y1hNxCFAWUQ,1,0
20260903,UCiLmCoftZHWXSFuQlnEJSsQ,PmD_nggctn4,101,2,7,Y20B_r-Fj5U,1,0
20260903,UCiLmCoftZHWXSFuQlnEJSsQ,PmD_nggctn4,104,5,7,Y2QcTJKKgzc,2,0
20260903,UCiLmCoftZHWXSFuQlnEJSsQ,PmD_nggctn4,104,5,7,Y6uOJ_jw6cQ,1,0
20260903,UCiLmCoftZHWXSFuQlnEJSsQ,PmD_nggctn4,101,2,7,YCbV-2dCyiM,1,0
20260903,UCiLmCoftZHWXSFuQlnEJSsQ,PmD_nggctn4,102,1,7,YCbV-2dCyiM,1,0
20260903,UCiLmCoftZHWXSFuQlnEJSsQ,PmD_nggctn4,104,4,7,YCbV-2dCyiM,1,0
20260903,UCiLmCoftZHWXSFuQlnEJSsQ,PmD_nggctn4,104,5,7,YCbV-2dCyiM,4,0
20260903,UCiLmCoftZHWXSFuQlnEJSsQ,PmD_nggctn4,104,5,7,YQQwPnbwHZI,1,0
20260903,UCiLmCoftZHWXSFuQlnEJSsQ,PmD_nggctn4,105,5,7,YUpBKdsQfJE,1,0
20260903,UCiLmCoftZHWXSFuQlnEJSsQ,PmD_nggctn4,101,2,7,YYldccQr9Xs,1,0
20260903,UCiLmCoftZHWXSFuQlnEJSsQ,PmD_nggctn4,102,4,7,YYldccQr9Xs,1,0
20260903,UCiLmCoftZHWXSFuQlnEJSsQ,PmD_nggctn4,102,29,7,YYldccQr9Xs,1,0
20260903,UCiLmCoftZHWXSFuQlnEJSsQ,PmD_nggctn4,104,4,7,YYldccQr9Xs,1,0
20260903,UCiLmCoftZHWXSFuQlnEJSsQ,PmD_nggctn4,104,5,7,YYldccQr9Xs,4,0
20260903,UCiLmCoftZHWXSFuQlnEJSsQ,PmD_nggctn4,105,5,7,YYldccQr9Xs,2,0
20260903,UCiLmCoftZHWXSFuQlnEJSsQ,PmD_nggctn4,101,2,7,YbmCx6Z0BcI,2,0
20260903,UCiLmCoftZHWXSFuQlnEJSsQ,PmD_nggctn4,101,2,7,YdccUnqbPcA,2,0
20260903,UCiLmCoftZHWXSFuQlnEJSsQ,PmD_nggctn4,104,5,7,YeCcYowmzC0,1,0
20260903,UCiLmCoftZHWXSFuQlnEJSsQ,PmD_nggctn4,104,5,7,YeOirmMW2bs,1,0
20260903,UCiLmCoftZHWXSFuQlnEJSsQ,PmD_nggctn4,101,2,7,YejZlOz-hm0,2,0
20260903,UCiLmCoftZHWXSFuQlnEJSsQ,PmD_nggctn4,104,5,7,YjUibPCheEk,1,0
20260903,UCiLmCoftZHWXSFuQlnEJSsQ,PmD_nggctn4,101,2,7,YkMT9__AlJw,1,0
20260903,UCiLmCoftZHWXSFuQlnEJSsQ,PmD_nggctn4,104,5,7,YpC3v30V9Ac,1,0
20260903,UCiLmCoftZHWXSFuQlnEJSsQ,PmD_nggctn4,105,5,7,YqYY-3WhOmI,1,0
20260903,UCiLmCoftZHWXSFuQlnEJSsQ,PmD_nggctn4,105,5,7,Z0_3bty075E,2,0
20260903,UCiLmCoftZHWXSFuQlnEJSsQ,PmD_nggctn4,104,4,7,Z74ydl5Ofr0,1,0
20260903,UCiLmCoftZHWXSFuQlnEJSsQ,PmD_nggctn4,101,2,7,ZGLqd9Fd_Vk,1,0
20260903,UCiLmCoftZHWXSFuQlnEJSsQ,PmD_nggctn4,101,2,7,ZHk5RvrEexg,1,0
20260903,UCiLmCoftZHWXSFuQlnEJSsQ,PmD_nggctn4,102,19,7,ZIwOYwUTKNY,1,0
20260903,UCiLmCoftZHWXSFuQlnEJSsQ,PmD_nggctn4,105,5,7,ZIwOYwUTKNY,1,0
20260903,UCiLmCoftZHWXSFuQlnEJSsQ,PmD_nggctn4,103,27,7,ZL0pB9T2Zi4,1,0
20260903,UCiLmCoftZHWXSFuQlnEJSsQ,PmD_nggctn4,104,5,7,ZNJ1cip6fSA,1,0
20260903,UCiLmCoftZHWXSFuQlnEJSsQ,PmD_nggctn4,103,10,7,ZOPX1yOLwaU,1,0
20260903,UCiLmCoftZHWXSFuQlnEJSsQ,PmD_nggctn4,104,4,7,ZRTDnVaYVr8,1,0
20260903,UCiLmCoftZHWXSFuQlnEJSsQ,PmD_nggctn4,104,5,7,ZTTz2d2-L8Y,1,0
20260903,UCiLmCoftZHWXSFuQlnEJSsQ,PmD_nggctn4,102,19,7,ZXxifY3eTgc,1,0
20260903,UCiLmCoftZHWXSFuQlnEJSsQ,PmD_nggctn4,104,5,7,ZXxifY3eTgc,1,0
20260903,UCiLmCoftZHWXSFuQlnEJSsQ,PmD_nggctn4,102,29,7,Z_aa-CdvBbs,1,0
20260903,UCiLmCoftZHWXSFuQlnEJSsQ,PmD_nggctn4,101,2,7,Zgl80m4eMzM,1,0
20260903,UCiLmCoftZHWXSFuQlnEJSsQ,PmD_nggctn4,104,4,7,ZlXH9aqLZLM,2,0
20260903,UCiLmCoftZHWXSFuQlnEJSsQ,PmD_nggctn4,101,2,7,ZvcocaoXJzo,1,0
20260903,UCiLmCoftZHWXSFuQlnEJSsQ,PmD_nggctn4,102,4,7,ZvcocaoXJzo,1,0
20260903,UCiLmCoftZHWXSFuQlnEJSsQ,PmD_nggctn4,104,5,7,ZvcocaoXJzo,1,0
20260903,UCiLmCoftZHWXSFuQlnEJSsQ,PmD_nggctn4,104,5,7,ZvnJTKAPmX4,1,0
20260903,UCiLmCoftZHWXSFuQlnEJSsQ,PmD_nggctn4,104,5,7,Zyb-CjOMX5A,1,0
20260903,UCiLmCoftZHWXSFuQlnEJSsQ,PmD_nggctn4,101,2,7,ZzK35XcvVJU,1,0
20260903,UCiLmCoftZHWXSFuQlnEJSsQ,PmD_nggctn4,102,29,7,ZzK35XcvVJU,1,0
20260903,UCiLmCoftZHWXSFuQlnEJSsQ,PmD_nggctn4,104,5,7,ZzK35XcvVJU,13,0
20260903,UCiLmCoftZHWXSFuQlnEJSsQ,PmD_nggctn4,104,5,7,_12ik4DHQ0g,1,0
20260903,UCiLmCoftZHWXSFuQlnEJSsQ,PmD_nggctn4,104,5,7,_4BLiOP1aaY,1,0
20260903,UCiLmCoftZHWXSFuQlnEJSsQ,PmD_nggctn4,105,5,7,_7Vb2QbeSbE,1,0
20260903,UCiLmCoftZHWXSFuQlnEJSsQ,PmD_nggctn4,101,2,7,_Bm66BRnM1A,1,0
20260903,UCiLmCoftZHWXSFuQlnEJSsQ,PmD_nggctn4,104,5,7,_Bm66BRnM1A,4,0
20260903,UCiLmCoftZHWXSFuQlnEJSsQ,PmD_nggctn4,104,5,7,_CiKiaK0zUk,1,0
20260903,UCiLmCoftZHWXSFuQlnEJSsQ,PmD_nggctn4,101,2,7,_Cj3eUfb0FA,1,0
20260903,UCiLmCoftZHWXSFuQlnEJSsQ,PmD_nggctn4,102,29,7,_GpQcV3OadM,1,0
20260903,UCiLmCoftZHWXSFuQlnEJSsQ,PmD_nggctn4,104,5,7,_M8AyeHipOM,1,0
20260903,UCiLmCoftZHWXSFuQlnEJSsQ,PmD_nggctn4,104,5,7,_P8rY9WaFVI,1,0
20260903,UCiLmCoftZHWXSFuQlnEJSsQ,PmD_nggctn4,104,5,7,__PF3xDg1Ak,5,0
20260903,UCiLmCoftZHWXSFuQlnEJSsQ,PmD_nggctn4,104,5,7,_cf4UTe1qrY,1,0
20260903,UCiLmCoftZHWXSFuQlnEJSsQ,PmD_nggctn4,104,5,7,_gj11ImE0DA,1,0
20260903,UCiLmCoftZHWXSFuQlnEJSsQ,PmD_nggctn4,101,2,7,_l7l5BH4h_s,4,0
20260903,UCiLmCoftZHWXSFuQlnEJSsQ,PmD_nggctn4,102,4,7,_l7l5BH4h_s,1,0
20260903,UCiLmCoftZHWXSFuQlnEJSsQ,PmD_nggctn4,104,5,7,_l7l5BH4h_s,6,0.16666666666666666
20260903,UCiLmCoftZHWXSFuQlnEJSsQ,PmD_nggctn4,105,5,7,_l7l5BH4h_s,3,0
20260903,UCiLmCoftZHWXSFuQlnEJSsQ,PmD_nggctn4,104,5,7,_l8cHIml_x0,2,0
20260903,UCiLmCoftZHWXSFuQlnEJSsQ,PmD_nggctn4,105,5,7,_l8cHIml_x0,1,0
20260903,UCiLmCoftZHWXSFuQlnEJSsQ,PmD_nggctn4,104,5,7,_mmIWxl9i3I,1,0
20260903,UCiLmCoftZHWXSFuQlnEJSsQ,PmD_nggctn4,105,5,7,_wjk2x3kycI,1,0
20260903,UCiLmCoftZHWXSFuQlnEJSsQ,PmD_nggctn4,104,4,7,_z0PO-tGlFc,1,0
20260903,UCiLmCoftZHWXSFuQlnEJSsQ,PmD_nggctn4,104,5,7,_z0PO-tGlFc,2,0
20260903,UCiLmCoftZHWXSFuQlnEJSsQ,PmD_nggctn4,102,29,7,a1W4IUIiuYY,1,0
20260903,UCiLmCoftZHWXSFuQlnEJSsQ,PmD_nggctn4,104,5,7,a5-G8QgFSW8,1,0
20260903,UCiLmCoftZHWXSFuQlnEJSsQ,PmD_nggctn4,103,27,7,aC0zbh2SEUk,1,0
20260903,UCiLmCoftZHWXSFuQlnEJSsQ,PmD_nggctn4,104,5,7,aCueqwO8hwU,4,0
20260903,UCiLmCoftZHWXSFuQlnEJSsQ,PmD_nggctn4,104,5,7,aLxaWW9qopI,1,0
20260903,UCiLmCoftZHWXSFuQlnEJSsQ,PmD_nggctn4,104,5,7,aO0Ece6kLVE,1,0
20260903,UCiLmCoftZHWXSFuQlnEJSsQ,PmD_nggctn4,105,5,7,aYuQl_YujxI,1,0
20260903,UCiLmCoftZHWXSFuQlnEJSsQ,PmD_nggctn4,104,5,7,anWKStyqfv8,1,0
20260903,UCiLmCoftZHWXSFuQlnEJSsQ,PmD_nggctn4,104,5,7,arRV28HdHFw,1,0
20260903,UCiLmCoftZHWXSFuQlnEJSsQ,PmD_nggctn4,105,5,7,atH5KX6T_Ds,1,0
20260903,UCiLmCoftZHWXSFuQlnEJSsQ,PmD_nggctn4,101,2,7,b9I20IcVcRc,1,0
20260903,UCiLmCoftZHWXSFuQlnEJSsQ,PmD_nggctn4,104,5,7,bAhuI2jRbBI,1,0
20260903,UCiLmCoftZHWXSFuQlnEJSsQ,PmD_nggctn4,104,5,7,bLAXJqN4HrE,2,0
20260903,UCiLmCoftZHWXSFuQlnEJSsQ,PmD_nggctn4,105,5,7,bLAXJqN4HrE,1,0
20260903,UCiLmCoftZHWXSFuQlnEJSsQ,PmD_nggctn4,101,30,7,bLS6yLdFNq8,1,0
20260903,UCiLmCoftZHWXSFuQlnEJSsQ,PmD_nggctn4,101,9,7,bNTw0e36P28,1,0
20260903,UCiLmCoftZHWXSFuQlnEJSsQ,PmD_nggctn4,101,2,7,bQQDNvzxNFY,1,0
20260903,UCiLmCoftZHWXSFuQlnEJSsQ,PmD_nggctn4,104,4,7,bQQDNvzxNFY,1,0
20260903,UCiLmCoftZHWXSFuQlnEJSsQ,PmD_nggctn4,104,5,7,bQQDNvzxNFY,9,0
20260903,UCiLmCoftZHWXSFuQlnEJSsQ,PmD_nggctn4,101,2,7,bYSwK5swkjg,1,0
20260903,UCiLmCoftZHWXSFuQlnEJSsQ,PmD_nggctn4,104,5,7,bZmBnQ9sYVE,1,0
20260903,UCiLmCoftZHWXSFuQlnEJSsQ,PmD_nggctn4,104,5,7,baRS4csVPcI,1,0
20260903,UCiLmCoftZHWXSFuQlnEJSsQ,PmD_nggctn4,104,5,7,bgDHO24LPrk,1,1
20260903,UCiLmCoftZHWXSFuQlnEJSsQ,PmD_nggctn4,102,4,7,bh6DpM9opdQ,1,0
20260903,UCiLmCoftZHWXSFuQlnEJSsQ,PmD_nggctn4,101,2,7,bkAkZ73tFCU,1,0
20260903,UCiLmCoftZHWXSFuQlnEJSsQ,PmD_nggctn4,104,5,7,bmhHWgL1aYs,1,0
20260903,UCiLmCoftZHWXSFuQlnEJSsQ,PmD_nggctn4,101,2,7,bu3jduV7dYo,1,0
20260903,UCiLmCoftZHWXSFuQlnEJSsQ,PmD_nggctn4,105,5,7,bwCcmBpm8Hw,1,0
20260903,UCiLmCoftZHWXSFuQlnEJSsQ,PmD_nggctn4,101,2,7,bxtkQuWMJTY,1,0
20260903,UCiLmCoftZHWXSFuQlnEJSsQ,PmD_nggctn4,104,4,7,c0Dof3RA0ac,1,0
20260903,UCiLmCoftZHWXSFuQlnEJSsQ,PmD_nggctn4,105,5,7,c30usYi8XnE,1,0
20260903,UCiLmCoftZHWXSFuQlnEJSsQ,PmD_nggctn4,104,5,7,c8EirfBvmuY,1,0
20260903,UCiLmCoftZHWXSFuQlnEJSsQ,PmD_nggctn4,101,2,7,cBtqEehEKuQ,2,0
20260903,UCiLmCoftZHWXSFuQlnEJSsQ,PmD_nggctn4,101,9,7,cBtqEehEKuQ,3,0
20260903,UCiLmCoftZHWXSFuQlnEJSsQ,PmD_nggctn4,104,4,7,cBtqEehEKuQ,2,0
20260903,UCiLmCoftZHWXSFuQlnEJSsQ,PmD_nggctn4,104,5,7,cBtqEehEKuQ,1,0
20260903,UCiLmCoftZHWXSFuQlnEJSsQ,PmD_nggctn4,105,5,7,cBtqEehEKuQ,2,0
20260903,UCiLmCoftZHWXSFuQlnEJSsQ,PmD_nggctn4,104,5,7,cR7zSDsSmzg,1,0
20260903,UCiLmCoftZHWXSFuQlnEJSsQ,PmD_nggctn4,104,5,7,cS-e2b_hAGI,2,0
20260903,UCiLmCoftZHWXSFuQlnEJSsQ,PmD_nggctn4,102,31,7,cYERw9Fnv7U,1,0
20260903,UCiLmCoftZHWXSFuQlnEJSsQ,PmD_nggctn4,104,5,7,cb-1AOI1Y6k,1,0
20260903,UCiLmCoftZHWXSFuQlnEJSsQ,PmD_nggctn4,104,5,7,ccXb0jacJmU,1,0
20260903,UCiLmCoftZHWXSFuQlnEJSsQ,PmD_nggctn4,105,5,7,cccKk2uh2fE,1,0
20260903,UCiLmCoftZHWXSFuQlnEJSsQ,PmD_nggctn4,104,5,7,cey4iuCUSuY,1,0
20260903,UCiLmCoftZHWXSFuQlnEJSsQ,PmD_nggctn4,104,5,7,chvUBHWjhiU,1,0
20260903,UCiLmCoftZHWXSFuQlnEJSsQ,PmD_nggctn4,101,9,7,ciaViqOwK5w,1,0
20260903,UCiLmCoftZHWXSFuQlnEJSsQ,PmD_nggctn4,101,2,7,ck0Knx13vk8,4,0
20260903,UCiLmCoftZHWXSFuQlnEJSsQ,PmD_nggctn4,101,9,7,ck0Knx13vk8,5,0
20260903,UCiLmCoftZHWXSFuQlnEJSsQ,PmD_nggctn4,102,1,7,ck0Knx13vk8,1,0
20260903,UCiLmCoftZHWXSFuQlnEJSsQ,PmD_nggctn4,102,4,7,ck0Knx13vk8,1,0
20260903,UCiLmCoftZHWXSFuQlnEJSsQ,PmD_nggctn4,104,4,7,ck0Knx13vk8,7,0.42857142857142855
20260903,UCiLmCoftZHWXSFuQlnEJSsQ,PmD_nggctn4,104,5,7,ck0Knx13vk8,31,0.16129032258064516
20260903,UCiLmCoftZHWXSFuQlnEJSsQ,PmD_nggctn4,105,5,7,ck0Knx13vk8,6,0.16666666666666666
20260903,UCiLmCoftZHWXSFuQlnEJSsQ,PmD_nggctn4,105,5,7,coFAdzwN3cU,1,0
20260903,UCiLmCoftZHWXSFuQlnEJSsQ,PmD_nggctn4,104,4,7,copVDNv3XMI,1,0
20260903,UCiLmCoftZHWXSFuQlnEJSsQ,PmD_nggctn4,104,5,7,cxE5r_pbOFQ,1,0
20260903,UCiLmCoftZHWXSFuQlnEJSsQ,PmD_nggctn4,104,5,7,cx_74KRhZ60,2,0
20260903,UCiLmCoftZHWXSFuQlnEJSsQ,PmD_nggctn4,105,5,7,cyZZKO1Zs0Q,1,0
20260903,UCiLmCoftZHWXSFuQlnEJSsQ,PmD_nggctn4,105,5,7,cz5xY2wHZEw,1,0
20260903,UCiLmCoftZHWXSFuQlnEJSsQ,PmD_nggctn4,104,5,7,d3TFpz-A6QY,1,0
20260903,UCiLmCoftZHWXSFuQlnEJSsQ,PmD_nggctn4,104,5,7,d6Obcrb3SAM,1,0
20260903,UCiLmCoftZHWXSFuQlnEJSsQ,PmD_nggctn4,105,5,7,d9pWU79g3z8,2,0
20260903,UCiLmCoftZHWXSFuQlnEJSsQ,PmD_nggctn4,105,5,7,dEwkgPU487M,1,0
20260903,UCiLmCoftZHWXSFuQlnEJSsQ,PmD_nggctn4,104,5,7,dN8i3A1VSc0,1,0
20260903,UCiLmCoftZHWXSFuQlnEJSsQ,PmD_nggctn4,104,5,7,dNYFi7AfPa0,1,0
20260903,UCiLmCoftZHWXSFuQlnEJSsQ,PmD_nggctn4,101,2,7,dRG7R_eWJ6Q,3,0
20260903,UCiLmCoftZHWXSFuQlnEJSsQ,PmD_nggctn4,101,9,7,dRG7R_eWJ6Q,1,0
20260903,UCiLmCoftZHWXSFuQlnEJSsQ,PmD_nggctn4,104,5,7,dRG7R_eWJ6Q,2,0
20260903,UCiLmCoftZHWXSFuQlnEJSsQ,PmD_nggctn4,101,30,7,dSQMvnT-MT8,1,0
20260903,UCiLmCoftZHWXSFuQlnEJSsQ,PmD_nggctn4,101,2,7,dWFYMc8M9q4,1,0
20260903,UCiLmCoftZHWXSFuQlnEJSsQ,PmD_nggctn4,104,5,7,dWFYMc8M9q4,4,0
20260903,UCiLmCoftZHWXSFuQlnEJSsQ,PmD_nggctn4,104,5,7,d_ceURW8SWg,4,0
20260903,UCiLmCoftZHWXSFuQlnEJSsQ,PmD_nggctn4,104,5,7,de3P-WHRyvs,1,0
20260903,UCiLmCoftZHWXSFuQlnEJSsQ,PmD_nggctn4,104,5,7,dgK0CnsaRJA,1,0
20260903,UCiLmCoftZHWXSFuQlnEJSsQ,PmD_nggctn4,101,2,7,dhys8ycR5Iw,1,0
20260903,UCiLmCoftZHWXSFuQlnEJSsQ,PmD_nggctn4,101,9,7,dhys8ycR5Iw,2,0
20260903,UCiLmCoftZHWXSFuQlnEJSsQ,PmD_nggctn4,104,4,7,dhys8ycR5Iw,1,0
20260903,UCiLmCoftZHWXSFuQlnEJSsQ,PmD_nggctn4,104,5,7,dhys8ycR5Iw,6,0
20260903,UCiLmCoftZHWXSFuQlnEJSsQ,PmD_nggctn4,105,5,7,dhys8ycR5Iw,2,0
20260903,UCiLmCoftZHWXSFuQlnEJSsQ,PmD_nggctn4,101,2,7,djW2CP6LBnU,2,0
20260903,UCiLmCoftZHWXSFuQlnEJSsQ,PmD_nggctn4,103,27,7,djW2CP6LBnU,1,0
20260903,UCiLmCoftZHWXSFuQlnEJSsQ,PmD_nggctn4,104,5,7,djW2CP6LBnU,4,0
20260903,UCiLmCoftZHWXSFuQlnEJSsQ,PmD_nggctn4,104,5,7,dnxCA3H_i4k,1,0
20260903,UCiLmCoftZHWXSFuQlnEJSsQ,PmD_nggctn4,104,5,7,dpHUvTzyMJ8,1,0
20260903,UCiLmCoftZHWXSFuQlnEJSsQ,PmD_nggctn4,101,9,7,dpSgsHxhWbA,1,0
20260903,UCiLmCoftZHWXSFuQlnEJSsQ,PmD_nggctn4,104,4,7,e7TEdVLTO8A,1,0
20260903,UCiLmCoftZHWXSFuQlnEJSsQ,PmD_nggctn4,104,5,7,e7TEdVLTO8A,1,0
20260903,UCiLmCoftZHWXSFuQlnEJSsQ,PmD_nggctn4,101,2,7,eCcx4M1YWiA,1,0
20260903,UCiLmCoftZHWXSFuQlnEJSsQ,PmD_nggctn4,101,2,7,eDCySk19jVQ,1,0
20260903,UCiLmCoftZHWXSFuQlnEJSsQ,PmD_nggctn4,104,5,7,eFo3V8O3vyM,1,0
20260903,UCiLmCoftZHWXSFuQlnEJSsQ,PmD_nggctn4,104,5,7,eGlq3fj1z0E,2,0
20260903,UCiLmCoftZHWXSFuQlnEJSsQ,PmD_nggctn4,104,5,7,eHOXSUZoW8s,1,0
20260903,UCiLmCoftZHWXSFuQlnEJSsQ,PmD_nggctn4,104,5,7,eIucPNGgwb4,2,0
20260903,UCiLmCoftZHWXSFuQlnEJSsQ,PmD_nggctn4,104,5,7,eJHixwoTByY,2,0
20260903,UCiLmCoftZHWXSFuQlnEJSsQ,PmD_nggctn4,104,5,7,eKhOSPjSkcw,1,0
20260903,UCiLmCoftZHWXSFuQlnEJSsQ,PmD_nggctn4,104,5,7,eRlRAvSUHts,4,0
20260903,UCiLmCoftZHWXSFuQlnEJSsQ,PmD_nggctn4,105,5,7,eRlRAvSUHts,1,0
20260903,UCiLmCoftZHWXSFuQlnEJSsQ,PmD_nggctn4,101,2,7,eS2XW__Xwy8,1,0
20260903,UCiLmCoftZHWXSFuQlnEJSsQ,PmD_nggctn4,104,5,7,eV9VkNCtomA,1,0
20260903,UCiLmCoftZHWXSFuQlnEJSsQ,PmD_nggctn4,104,5,7,eaAJ_CSlwI8,1,0
20260903,UCiLmCoftZHWXSFuQlnEJSsQ,PmD_nggctn4,104,5,7,ec9AD-LyYlc,3,0
20260903,UCiLmCoftZHWXSFuQlnEJSsQ,PmD_nggctn4,104,5,7,efZejX-iiH4,1,0
20260903,UCiLmCoftZHWXSFuQlnEJSsQ,PmD_nggctn4,104,5,7,efsfjT20KVU,1,0
20260903,UCiLmCoftZHWXSFuQlnEJSsQ,PmD_nggctn4,104,5,7,egfaELGXPxg,1,0
20260903,UCiLmCoftZHWXSFuQlnEJSsQ,PmD_nggctn4,104,5,7,ejXnSbgWeBs,1,0
20260903,UCiLmCoftZHWXSFuQlnEJSsQ,PmD_nggctn4,102,4,7,eotg_8L9-MA,1,0
20260903,UCiLmCoftZHWXSFuQlnEJSsQ,PmD_nggctn4,104,4,7,eotg_8L9-MA,1,0
20260903,UCiLmCoftZHWXSFuQlnEJSsQ,PmD_nggctn4,104,4,7,f2DC7HFMAfk,1,0
20260903,UCiLmCoftZHWXSFuQlnEJSsQ,PmD_nggctn4,104,5,7,f3xJGz5zAYQ,2,0
20260903,UCiLmCoftZHWXSFuQlnEJSsQ,PmD_nggctn4,104,4,7,f6SjbYS8xQ4,1,0
20260903,UCiLmCoftZHWXSFuQlnEJSsQ,PmD_nggctn4,101,2,7,f7ILlqmc5rY,1,0
20260903,UCiLmCoftZHWXSFuQlnEJSsQ,PmD_nggctn4,102,29,7,f9PYuAEuvmU,1,0
20260903,UCiLmCoftZHWXSFuQlnEJSsQ,PmD_nggctn4,104,5,7,fEWMUcWJJaw,1,0
20260903,UCiLmCoftZHWXSFuQlnEJSsQ,PmD_nggctn4,101,30,7,fGCf0VrJhhc,1,0
20260903,UCiLmCoftZHWXSFuQlnEJSsQ,PmD_nggctn4,105,5,7,fGCf0VrJhhc,1,0
20260903,UCiLmCoftZHWXSFuQlnEJSsQ,PmD_nggctn4,102,29,7,fKPiPLIshyE,1,0
20260903,UCiLmCoftZHWXSFuQlnEJSsQ,PmD_nggctn4,104,5,7,fP3mIFj6XKg,1,0
20260903,UCiLmCoftZHWXSFuQlnEJSsQ,PmD_nggctn4,104,4,7,fiwozC1y_Og,1,0
20260903,UCiLmCoftZHWXSFuQlnEJSsQ,PmD_nggctn4,104,5,7,fppxSIiHdHI,1,0
20260903,UCiLmCoftZHWXSFuQlnEJSsQ,PmD_nggctn4,101,2,7,fuHvxuU6YJg,1,0
20260903,UCiLmCoftZHWXSFuQlnEJSsQ,PmD_nggctn4,101,2,7,g1GPX8SlOmU,1,0
20260903,UCiLmCoftZHWXSFuQlnEJSsQ,PmD_nggctn4,104,4,7,g1GPX8SlOmU,1,0
20260903,UCiLmCoftZHWXSFuQlnEJSsQ,PmD_nggctn4,104,5,7,g1GPX8SlOmU,1,0
20260903,UCiLmCoftZHWXSFuQlnEJSsQ,PmD_nggctn4,101,2,7,g3N6AQxFQY0,1,0
20260903,UCiLmCoftZHWXSFuQlnEJSsQ,PmD_nggctn4,104,4,7,g3N6AQxFQY0,1,0
20260903,UCiLmCoftZHWXSFuQlnEJSsQ,PmD_nggctn4,105,5,7,g5RVikTo9CI,1,0
20260903,UCiLmCoftZHWXSFuQlnEJSsQ,PmD_nggctn4,104,4,7,g8JgrMaNFWg,1,0
20260903,UCiLmCoftZHWXSFuQlnEJSsQ,PmD_nggctn4,104,5,7,gEo48jjJpKM,1,0
20260903,UCiLmCoftZHWXSFuQlnEJSsQ,PmD_nggctn4,104,5,7,gGW_7s3fy1c,2,0
20260903,UCiLmCoftZHWXSFuQlnEJSsQ,PmD_nggctn4,104,5,7,gLq6E2PDL90,1,0
20260903,UCiLmCoftZHWXSFuQlnEJSsQ,PmD_nggctn4,101,2,7,gQ81Vl0OBlQ,1,0
20260903,UCiLmCoftZHWXSFuQlnEJSsQ,PmD_nggctn4,102,4,7,gQ81Vl0OBlQ,1,0
20260903,UCiLmCoftZHWXSFuQlnEJSsQ,PmD_nggctn4,104,5,7,gQ81Vl0OBlQ,4,0
20260903,UCiLmCoftZHWXSFuQlnEJSsQ,PmD_nggctn4,102,4,7,gS5sfnSuS6g,1,0
20260903,UCiLmCoftZHWXSFuQlnEJSsQ,PmD_nggctn4,102,29,7,gS5sfnSuS6g,1,0
20260903,UCiLmCoftZHWXSFuQlnEJSsQ,PmD_nggctn4,104,4,7,gS5sfnSuS6g,2,0
20260903,UCiLmCoftZHWXSFuQlnEJSsQ,PmD_nggctn4,104,5,7,gS5sfnSuS6g,2,0
20260903,UCiLmCoftZHWXSFuQlnEJSsQ,PmD_nggctn4,104,5,7,gSBlQ_1URmA,1,0
20260903,UCiLmCoftZHWXSFuQlnEJSsQ,PmD_nggctn4,104,4,7,gYmPGvL9-Yg,1,0
20260903,UCiLmCoftZHWXSFuQlnEJSsQ,PmD_nggctn4,104,5,7,ghycmXSbWdA,1,0
20260903,UCiLmCoftZHWXSFuQlnEJSsQ,PmD_nggctn4,101,2,7,gkabNNfTjX4,1,0
20260903,UCiLmCoftZHWXSFuQlnEJSsQ,PmD_nggctn4,104,5,7,gkabNNfTjX4,1,0
20260903,UCiLmCoftZHWXSFuQlnEJSsQ,PmD_nggctn4,101,30,7,glCNLWkyars,1,0
20260903,UCiLmCoftZHWXSFuQlnEJSsQ,PmD_nggctn4,101,2,7,go4xeFoYcxU,1,0
20260903,UCiLmCoftZHWXSFuQlnEJSsQ,PmD_nggctn4,101,2,7,gqnFMap2C0A,1,0
20260903,UCiLmCoftZHWXSFuQlnEJSsQ,PmD_nggctn4,104,5,7,gtZGNX-c9AM,2,0
20260903,UCiLmCoftZHWXSFuQlnEJSsQ,PmD_nggctn4,104,5,7,gz0k8TFC25Y,1,0
20260903,UCiLmCoftZHWXSFuQlnEJSsQ,PmD_nggctn4,104,5,7,h6kCPYU1WlA,1,0
20260903,UCiLmCoftZHWXSFuQlnEJSsQ,PmD_nggctn4,103,27,7,h8bM5dGKfaM,1,0
20260903,UCiLmCoftZHWXSFuQlnEJSsQ,PmD_nggctn4,104,5,7,h8bM5dGKfaM,1,0
20260903,UCiLmCoftZHWXSFuQlnEJSsQ,PmD_nggctn4,104,5,7,hB-cMBu9wCo,1,0
20260903,UCiLmCoftZHWXSFuQlnEJSsQ,PmD_nggctn4,104,5,7,hB3VtkEoGvI,1,0
20260903,UCiLmCoftZHWXSFuQlnEJSsQ,PmD_nggctn4,101,2,7,hCD37B6EdxQ,1,0
20260903,UCiLmCoftZHWXSFuQlnEJSsQ,PmD_nggctn4,105,5,7,hDQS4AgTc6c,1,0
20260903,UCiLmCoftZHWXSFuQlnEJSsQ,PmD_nggctn4,104,5,7,hDubT5fg1hg,1,0
20260903,UCiLmCoftZHWXSFuQlnEJSsQ,PmD_nggctn4,104,5,7,hEKsTZNYpcs,2,0
20260903,UCiLmCoftZHWXSFuQlnEJSsQ,PmD_nggctn4,101,2,7,hGRAtEGKR38,1,0
20260903,UCiLmCoftZHWXSFuQlnEJSsQ,PmD_nggctn4,102,29,7,hHSKvowbmYk,1,0
20260903,UCiLmCoftZHWXSFuQlnEJSsQ,PmD_nggctn4,101,2,7,hKHqzCderpQ,5,0
20260903,UCiLmCoftZHWXSFuQlnEJSsQ,PmD_nggctn4,104,5,7,hKHqzCderpQ,6,0
20260903,UCiLmCoftZHWXSFuQlnEJSsQ,PmD_nggctn4,105,5,7,hKYwyRoCUnw,1,0
20260903,UCiLmCoftZHWXSFuQlnEJSsQ,PmD_nggctn4,102,4,7,hXUVfane2uM,2,0
20260903,UCiLmCoftZHWXSFuQlnEJSsQ,PmD_nggctn4,104,5,7,hXUVfane2uM,1,0
20260903,UCiLmCoftZHWXSFuQlnEJSsQ,PmD_nggctn4,105,5,7,hXUVfane2uM,1,0
20260903,UCiLmCoftZHWXSFuQlnEJSsQ,PmD_nggctn4,104,5,7,hYRfFxGXeZc,1,0
20260903,UCiLmCoftZHWXSFuQlnEJSsQ,PmD_nggctn4,105,5,7,hYRfFxGXeZc,1,0
20260903,UCiLmCoftZHWXSFuQlnEJSsQ,PmD_nggctn4,104,5,7,hYfwBaSeK58,1,0
20260903,UCiLmCoftZHWXSFuQlnEJSsQ,PmD_nggctn4,104,4,7,hlzvpb0iODk,1,0
20260903,UCiLmCoftZHWXSFuQlnEJSsQ,PmD_nggctn4,104,5,7,hokRZ7iorVY,1,1
20260903,UCiLmCoftZHWXSFuQlnEJSsQ,PmD_nggctn4,104,5,7,hqZ1RPeH_y0,1,0
20260903,UCiLmCoftZHWXSFuQlnEJSsQ,PmD_nggctn4,101,2,7,hsjiARs0-rM,1,0
20260903,UCiLmCoftZHWXSFuQlnEJSsQ,PmD_nggctn4,104,5,7,hvtpSP1YdEY,1,0
20260903,UCiLmCoftZHWXSFuQlnEJSsQ,PmD_nggctn4,101,2,7,hzhMHxCG820,1,0
20260903,UCiLmCoftZHWXSFuQlnEJSsQ,PmD_nggctn4,101,9,7,i-_-u9ZhtCo,1,0
20260903,UCiLmCoftZHWXSFuQlnEJSsQ,PmD_nggctn4,104,5,7,i-_-u9ZhtCo,2,0
20260903,UCiLmCoftZHWXSFuQlnEJSsQ,PmD_nggctn4,104,5,7,i45CRlzZGUc,1,0
20260903,UCiLmCoftZHWXSFuQlnEJSsQ,PmD_nggctn4,105,5,7,i5NZh7X79-Y,1,0
20260903,UCiLmCoftZHWXSFuQlnEJSsQ,PmD_nggctn4,102,4,7,iEr0tSGRiMs,1,0
20260903,UCiLmCoftZHWXSFuQlnEJSsQ,PmD_nggctn4,104,5,7,iEr0tSGRiMs,1,0
20260903,UCiLmCoftZHWXSFuQlnEJSsQ,PmD_nggctn4,104,5,7,iEuDQmJmq1w,1,0
20260903,UCiLmCoftZHWXSFuQlnEJSsQ,PmD_nggctn4,103,27,7,iIcpiUg_7NQ,1,0
20260903,UCiLmCoftZHWXSFuQlnEJSsQ,PmD_nggctn4,104,5,7,iIcpiUg_7NQ,1,0
20260903,UCiLmCoftZHWXSFuQlnEJSsQ,PmD_nggctn4,101,2,7,iLXAvQ7MG0c,9,0
20260903,UCiLmCoftZHWXSFuQlnEJSsQ,PmD_nggctn4,101,9,7,iLXAvQ7MG0c,2,0
20260903,UCiLmCoftZHWXSFuQlnEJSsQ,PmD_nggctn4,102,4,7,iLXAvQ7MG0c,3,0
20260903,UCiLmCoftZHWXSFuQlnEJSsQ,PmD_nggctn4,102,29,7,iLXAvQ7MG0c,2,0
20260903,UCiLmCoftZHWXSFuQlnEJSsQ,PmD_nggctn4,102,31,7,iLXAvQ7MG0c,1,0
20260903,UCiLmCoftZHWXSFuQlnEJSsQ,PmD_nggctn4,103,10,7,iLXAvQ7MG0c,1,0
20260903,UCiLmCoftZHWXSFuQlnEJSsQ,PmD_nggctn4,103,27,7,iLXAvQ7MG0c,1,0
20260903,UCiLmCoftZHWXSFuQlnEJSsQ,PmD_nggctn4,104,4,7,iLXAvQ7MG0c,7,0
20260903,UCiLmCoftZHWXSFuQlnEJSsQ,PmD_nggctn4,104,5,7,iLXAvQ7MG0c,23,0.086956521739130432
20260903,UCiLmCoftZHWXSFuQlnEJSsQ,PmD_nggctn4,105,5,7,iLXAvQ7MG0c,1,1
20260903,UCiLmCoftZHWXSFuQlnEJSsQ,PmD_nggctn4,104,5,7,iMtYh-8iTv0,2,0.5
20260903,UCiLmCoftZHWXSFuQlnEJSsQ,PmD_nggctn4,102,29,7,iOQ-q6eixW0,1,0
20260903,UCiLmCoftZHWXSFuQlnEJSsQ,PmD_nggctn4,101,2,7,iQmaNmimpDQ,1,0
20260903,UCiLmCoftZHWXSFuQlnEJSsQ,PmD_nggctn4,104,5,7,iS5qXV_YTOk,1,1
20260903,UCiLmCoftZHWXSFuQlnEJSsQ,PmD_nggctn4,101,2,7,iVCdLBng8iQ,1,0
20260903,UCiLmCoftZHWXSFuQlnEJSsQ,PmD_nggctn4,104,4,7,iVCdLBng8iQ,1,1
20260903,UCiLmCoftZHWXSFuQlnEJSsQ,PmD_nggctn4,104,5,7,iVCdLBng8iQ,2,0
20260903,UCiLmCoftZHWXSFuQlnEJSsQ,PmD_nggctn4,105,5,7,iVCdLBng8iQ,1,0
20260903,UCiLmCoftZHWXSFuQlnEJSsQ,PmD_nggctn4,104,5,7,idZ0T02DGro,1,0
20260903,UCiLmCoftZHWXSFuQlnEJSsQ,PmD_nggctn4,105,5,7,idq-Ov0rWNk,1,1
20260903,UCiLmCoftZHWXSFuQlnEJSsQ,PmD_nggctn4,102,31,7,ifYM8Nj1mEo,1,0
20260903,UCiLmCoftZHWXSFuQlnEJSsQ,PmD_nggctn4,104,4,7,ifYM8Nj1mEo,2,0
20260903,UCiLmCoftZHWXSFuQlnEJSsQ,PmD_nggctn4,104,5,7,ijXtMXCT41I,1,0
20260903,UCiLmCoftZHWXSFuQlnEJSsQ,PmD_nggctn4,104,4,7,ikFaEAlO5N0,1,0
20260903,UCiLmCoftZHWXSFuQlnEJSsQ,PmD_nggctn4,104,5,7,ikFaEAlO5N0,6,0
20260903,UCiLmCoftZHWXSFuQlnEJSsQ,PmD_nggctn4,105,5,7,ikFaEAlO5N0,1,0
20260903,UCiLmCoftZHWXSFuQlnEJSsQ,PmD_nggctn4,104,5,7,iqUPyGHKhds,1,0
20260903,UCiLmCoftZHWXSFuQlnEJSsQ,PmD_nggctn4,104,5,7,irzatcQkIqU,5,0
20260903,UCiLmCoftZHWXSFuQlnEJSsQ,PmD_nggctn4,105,5,7,irzatcQkIqU,1,0
20260903,UCiLmCoftZHWXSFuQlnEJSsQ,PmD_nggctn4,102,19,7,ivijoIfhl0o,1,0
20260903,UCiLmCoftZHWXSFuQlnEJSsQ,PmD_nggctn4,101,2,7,izgQzilJ2nc,1,0
20260903,UCiLmCoftZHWXSFuQlnEJSsQ,PmD_nggctn4,104,5,7,j2We4iiEVeo,1,0
20260903,UCiLmCoftZHWXSFuQlnEJSsQ,PmD_nggctn4,102,29,7,j3rGxkhyvHw,1,0
20260903,UCiLmCoftZHWXSFuQlnEJSsQ,PmD_nggctn4,105,5,7,j59Qpw3ElRI,1,0
20260903,UCiLmCoftZHWXSFuQlnEJSsQ,PmD_nggctn4,101,9,7,j5mjpdrgv48,1,0
20260903,UCiLmCoftZHWXSFuQlnEJSsQ,PmD_nggctn4,101,2,7,jBRtNv3kug8,1,0
20260903,UCiLmCoftZHWXSFuQlnEJSsQ,PmD_nggctn4,104,4,7,jBRtNv3kug8,4,0.25
20260903,UCiLmCoftZHWXSFuQlnEJSsQ,PmD_nggctn4,104,5,7,jBRtNv3kug8,9,0
20260903,UCiLmCoftZHWXSFuQlnEJSsQ,PmD_nggctn4,102,19,7,jBaNmsessio,1,0
20260903,UCiLmCoftZHWXSFuQlnEJSsQ,PmD_nggctn4,101,30,7,jDLkU_4L6_k,1,0
20260903,UCiLmCoftZHWXSFuQlnEJSsQ,PmD_nggctn4,104,5,7,jJgm1w_PLuI,2,0
20260903,UCiLmCoftZHWXSFuQlnEJSsQ,PmD_nggctn4,104,5,7,jM5l-qDjA9Q,2,0
20260903,UCiLmCoftZHWXSFuQlnEJSsQ,PmD_nggctn4,103,27,7,jNrdIa9G8v4,1,0
20260903,UCiLmCoftZHWXSFuQlnEJSsQ,PmD_nggctn4,104,5,7,jP0TPwvKNm8,1,0
20260903,UCiLmCoftZHWXSFuQlnEJSsQ,PmD_nggctn4,104,5,7,jVNrOcCOQlc,2,0
20260903,UCiLmCoftZHWXSFuQlnEJSsQ,PmD_nggctn4,104,4,7,jVW3eToYz04,1,0
20260903,UCiLmCoftZHWXSFuQlnEJSsQ,PmD_nggctn4,104,5,7,jVW3eToYz04,1,0
20260903,UCiLmCoftZHWXSFuQlnEJSsQ,PmD_nggctn4,104,5,7,jWMM3NMQtJk,1,0
20260903,UCiLmCoftZHWXSFuQlnEJSsQ,PmD_nggctn4,104,4,7,jdqWQvuCDn0,1,0
20260903,UCiLmCoftZHWXSFuQlnEJSsQ,PmD_nggctn4,104,5,7,jlL08RPN5-o,1,0
20260903,UCiLmCoftZHWXSFuQlnEJSsQ,PmD_nggctn4,105,5,7,jn8onQHYRJU,1,0
20260903,UCiLmCoftZHWXSFuQlnEJSsQ,PmD_nggctn4,101,9,7,jsbGh-P_3CI,1,0
20260903,UCiLmCoftZHWXSFuQlnEJSsQ,PmD_nggctn4,102,19,7,jsbGh-P_3CI,1,0
20260903,UCiLmCoftZHWXSFuQlnEJSsQ,PmD_nggctn4,101,2,7,jwvdvv_rr2k,2,0
20260903,UCiLmCoftZHWXSFuQlnEJSsQ,PmD_nggctn4,101,9,7,jwvdvv_rr2k,1,0
20260903,UCiLmCoftZHWXSFuQlnEJSsQ,PmD_nggctn4,102,1,7,jwvdvv_rr2k,1,0
20260903,UCiLmCoftZHWXSFuQlnEJSsQ,PmD_nggctn4,102,4,7,jwvdvv_rr2k,1,1
20260903,UCiLmCoftZHWXSFuQlnEJSsQ,PmD_nggctn4,104,4,7,jwvdvv_rr2k,1,0
20260903,UCiLmCoftZHWXSFuQlnEJSsQ,PmD_nggctn4,104,5,7,jwvdvv_rr2k,1,0
20260903,UCiLmCoftZHWXSFuQlnEJSsQ,PmD_nggctn4,104,5,7,k4POAhR5PjA,1,0
20260903,UCiLmCoftZHWXSFuQlnEJSsQ,PmD_nggctn4,104,5,7,k7o7-_VCXjo,1,0
20260903,UCiLmCoftZHWXSFuQlnEJSsQ,PmD_nggctn4,104,5,7,k7qf0TLudO0,1,0
20260903,UCiLmCoftZHWXSFuQlnEJSsQ,PmD_nggctn4,104,5,7,k8BZHV_YI3w,2,0.5
20260903,UCiLmCoftZHWXSFuQlnEJSsQ,PmD_nggctn4,104,5,7,kD28o1d0ABs,1,0
20260903,UCiLmCoftZHWXSFuQlnEJSsQ,PmD_nggctn4,101,2,7,kDgadIAsQf4,1,0
20260903,UCiLmCoftZHWXSFuQlnEJSsQ,PmD_nggctn4,104,5,7,kDgadIAsQf4,1,0
20260903,UCiLmCoftZHWXSFuQlnEJSsQ,PmD_nggctn4,105,5,7,kDgadIAsQf4,1,0
20260903,UCiLmCoftZHWXSFuQlnEJSsQ,PmD_nggctn4,101,2,7,kElMU9c87QA,1,0
20260903,UCiLmCoftZHWXSFuQlnEJSsQ,PmD_nggctn4,104,5,7,kEn98L5fFak,1,0
20260903,UCiLmCoftZHWXSFuQlnEJSsQ,PmD_nggctn4,101,2,7,kIm4dcF6XDY,2,0
20260903,UCiLmCoftZHWXSFuQlnEJSsQ,PmD_nggctn4,101,9,7,kIm4dcF6XDY,1,0
20260903,UCiLmCoftZHWXSFuQlnEJSsQ,PmD_nggctn4,104,4,7,kIm4dcF6XDY,1,0
20260903,UCiLmCoftZHWXSFuQlnEJSsQ,PmD_nggctn4,104,5,7,kIm4dcF6XDY,6,0
20260903,UCiLmCoftZHWXSFuQlnEJSsQ,PmD_nggctn4,104,5,7,kJqxp-qjSPo,1,0
20260903,UCiLmCoftZHWXSFuQlnEJSsQ,PmD_nggctn4,104,5,7,kLYBRcHy8Wg,1,0
20260903,UCiLmCoftZHWXSFuQlnEJSsQ,PmD_nggctn4,103,27,7,kSCTOA_v8aU,1,0
20260903,UCiLmCoftZHWXSFuQlnEJSsQ,PmD_nggctn4,102,29,7,kXM-uXpXS94,1,0
20260903,UCiLmCoftZHWXSFuQlnEJSsQ,PmD_nggctn4,101,2,7,kXyvId1iIPI,1,0
20260903,UCiLmCoftZHWXSFuQlnEJSsQ,PmD_nggctn4,102,19,7,kXyvId1iIPI,1,0
20260903,UCiLmCoftZHWXSFuQlnEJSsQ,PmD_nggctn4,101,2,7,kZbkdMULi9I,4,0
20260903,UCiLmCoftZHWXSFuQlnEJSsQ,PmD_nggctn4,101,9,7,kZbkdMULi9I,3,0
20260903,UCiLmCoftZHWXSFuQlnEJSsQ,PmD_nggctn4,102,19,7,kZbkdMULi9I,1,0
20260903,UCiLmCoftZHWXSFuQlnEJSsQ,PmD_nggctn4,104,4,7,kZbkdMULi9I,1,0
20260903,UCiLmCoftZHWXSFuQlnEJSsQ,PmD_nggctn4,104,5,7,kZbkdMULi9I,7,0
20260903,UCiLmCoftZHWXSFuQlnEJSsQ,PmD_nggctn4,104,5,7,kbJdbLIRzzo,3,0
20260903,UCiLmCoftZHWXSFuQlnEJSsQ,PmD_nggctn4,105,5,7,kbNJgwnUjfA,1,1
20260903,UCiLmCoftZHWXSFuQlnEJSsQ,PmD_nggctn4,101,30,7,kdEE_l3E4qw,1,0
20260903,UCiLmCoftZHWXSFuQlnEJSsQ,PmD_nggctn4,104,5,7,kdEE_l3E4qw,1,0
20260903,UCiLmCoftZHWXSFuQlnEJSsQ,PmD_nggctn4,104,5,7,kg9fl-iEvtI,1,0
20260903,UCiLmCoftZHWXSFuQlnEJSsQ,PmD_nggctn4,104,5,7,khN9bMt5RaA,1,0
20260903,UCiLmCoftZHWXSFuQlnEJSsQ,PmD_nggctn4,101,30,7,kkvlaTllc14,1,0
20260903,UCiLmCoftZHWXSFuQlnEJSsQ,PmD_nggctn4,104,4,7,ksQHvvr2eYY,1,0
20260903,UCiLmCoftZHWXSFuQlnEJSsQ,PmD_nggctn4,104,5,7,ksQHvvr2eYY,1,0
20260903,UCiLmCoftZHWXSFuQlnEJSsQ,PmD_nggctn4,104,5,7,kzUMi-68R94,1,0
20260903,UCiLmCoftZHWXSFuQlnEJSsQ,PmD_nggctn4,104,5,7,kzdZmjxk8f8,1,0
20260903,UCiLmCoftZHWXSFuQlnEJSsQ,PmD_nggctn4,104,5,7,l1jFytBdEGA,1,0
20260903,UCiLmCoftZHWXSFuQlnEJSsQ,PmD_nggctn4,102,29,7,l5Hp3GQQCRI,1,0
20260903,UCiLmCoftZHWXSFuQlnEJSsQ,PmD_nggctn4,101,9,7,l7AiHEaRieQ,1,0
20260903,UCiLmCoftZHWXSFuQlnEJSsQ,PmD_nggctn4,104,4,7,l7AiHEaRieQ,1,0
20260903,UCiLmCoftZHWXSFuQlnEJSsQ,PmD_nggctn4,104,5,7,lD7lc-RTxXs,1,0
20260903,UCiLmCoftZHWXSFuQlnEJSsQ,PmD_nggctn4,101,9,7,lDXLemHehzo,1,0
20260903,UCiLmCoftZHWXSFuQlnEJSsQ,PmD_nggctn4,103,27,7,lJog7xVHLH4,1,0
20260903,UCiLmCoftZHWXSFuQlnEJSsQ,PmD_nggctn4,104,5,7,lMa6lrXUSSo,1,0
20260903,UCiLmCoftZHWXSFuQlnEJSsQ,PmD_nggctn4,104,5,7,lNPNJUtcOp4,1,0
20260903,UCiLmCoftZHWXSFuQlnEJSsQ,PmD_nggctn4,105,5,7,lUhPF-q5QNg,1,0
20260903,UCiLmCoftZHWXSFuQlnEJSsQ,PmD_nggctn4,102,29,7,lVfj1s14MUY,1,0
20260903,UCiLmCoftZHWXSFuQlnEJSsQ,PmD_nggctn4,104,5,7,lVfj1s14MUY,1,0
20260903,UCiLmCoftZHWXSFuQlnEJSsQ,PmD_nggctn4,104,5,7,lZzYFlcVdeU,2,0
20260903,UCiLmCoftZHWXSFuQlnEJSsQ,PmD_nggctn4,104,4,7,l_k2SvRR8d0,1,0
20260903,UCiLmCoftZHWXSFuQlnEJSsQ,PmD_nggctn4,104,5,7,liz7YaI9YvQ,1,0
20260903,UCiLmCoftZHWXSFuQlnEJSsQ,PmD_nggctn4,101,30,7,lq_MhpT-Bb8,1,0
20260903,UCiLmCoftZHWXSFuQlnEJSsQ,PmD_nggctn4,104,4,7,lvWe_qeyrKI,1,0
20260903,UCiLmCoftZHWXSFuQlnEJSsQ,PmD_nggctn4,104,5,7,lzsB4eKPdJI,1,0
20260903,UCiLmCoftZHWXSFuQlnEJSsQ,PmD_nggctn4,104,5,7,m0pg-lf09yE,1,0
20260903,UCiLmCoftZHWXSFuQlnEJSsQ,PmD_nggctn4,104,5,7,m14WfJU41Gk,1,0
20260903,UCiLmCoftZHWXSFuQlnEJSsQ,PmD_nggctn4,101,2,7,m3NvmaC-q6A,2,0
20260903,UCiLmCoftZHWXSFuQlnEJSsQ,PmD_nggctn4,104,5,7,m7O3501zTuo,2,0
20260903,UCiLmCoftZHWXSFuQlnEJSsQ,PmD_nggctn4,104,5,7,m9MZBX05S_Q,1,0
20260903,UCiLmCoftZHWXSFuQlnEJSsQ,PmD_nggctn4,104,4,7,mC8V_5tmksc,1,0
20260903,UCiLmCoftZHWXSFuQlnEJSsQ,PmD_nggctn4,101,2,7,mCehgATOEig,1,0
20260903,UCiLmCoftZHWXSFuQlnEJSsQ,PmD_nggctn4,102,4,7,mCehgATOEig,1,0
20260903,UCiLmCoftZHWXSFuQlnEJSsQ,PmD_nggctn4,104,5,7,mCehgATOEig,1,0
20260903,UCiLmCoftZHWXSFuQlnEJSsQ,PmD_nggctn4,105,5,7,mCehgATOEig,1,0
20260903,UCiLmCoftZHWXSFuQlnEJSsQ,PmD_nggctn4,101,2,7,mmk7J6arG1c,1,0
20260903,UCiLmCoftZHWXSFuQlnEJSsQ,PmD_nggctn4,104,4,7,mmk7J6arG1c,1,0
20260903,UCiLmCoftZHWXSFuQlnEJSsQ,PmD_nggctn4,101,2,7,mnf87lhGgqE,1,0
20260903,UCiLmCoftZHWXSFuQlnEJSsQ,PmD_nggctn4,104,4,7,mnf87lhGgqE,1,0
20260903,UCiLmCoftZHWXSFuQlnEJSsQ,PmD_nggctn4,104,5,7,mnf87lhGgqE,3,0
20260903,UCiLmCoftZHWXSFuQlnEJSsQ,PmD_nggctn4,104,4,7,mqllaoWSCFM,1,0
20260903,UCiLmCoftZHWXSFuQlnEJSsQ,PmD_nggctn4,104,5,7,mrnOmdJ4ntY,1,0
20260903,UCiLmCoftZHWXSFuQlnEJSsQ,PmD_nggctn4,104,5,7,mvhn9Wctja4,1,0
20260903,UCiLmCoftZHWXSFuQlnEJSsQ,PmD_nggctn4,104,5,7,mwJk-Cv6Dwc,1,0
20260903,UCiLmCoftZHWXSFuQlnEJSsQ,PmD_nggctn4,104,4,7,mwrufZz4w6M,1,0
20260903,UCiLmCoftZHWXSFuQlnEJSsQ,PmD_nggctn4,101,2,7,n-2JjjSG9W4,4,0
20260903,UCiLmCoftZHWXSFuQlnEJSsQ,PmD_nggctn4,102,4,7,n-2JjjSG9W4,1,0
20260903,UCiLmCoftZHWXSFuQlnEJSsQ,PmD_nggctn4,104,4,7,n-2JjjSG9W4,1,0
20260903,UCiLmCoftZHWXSFuQlnEJSsQ,PmD_nggctn4,104,5,7,n-2JjjSG9W4,9,0
20260903,UCiLmCoftZHWXSFuQlnEJSsQ,PmD_nggctn4,104,5,7,n0I0wnZShh8,1,0
20260903,UCiLmCoftZHWXSFuQlnEJSsQ,PmD_nggctn4,104,5,7,n27JULgGJ9o,3,0
20260903,UCiLmCoftZHWXSFuQlnEJSsQ,PmD_nggctn4,102,29,7,nBaZWR02qiQ,1,0
20260903,UCiLmCoftZHWXSFuQlnEJSsQ,PmD_nggctn4,104,5,7,nBaZWR02qiQ,2,0
20260903,UCiLmCoftZHWXSFuQlnEJSsQ,PmD_nggctn4,101,9,7,nDZ8uWoA2_w,1,0
20260903,UCiLmCoftZHWXSFuQlnEJSsQ,PmD_nggctn4,101,2,7,nPsjrpD6HFk,1,0
20260903,UCiLmCoftZHWXSFuQlnEJSsQ,PmD_nggctn4,102,29,7,nQFGmD7wJ0k,1,0
20260903,UCiLmCoftZHWXSFuQlnEJSsQ,PmD_nggctn4,105,5,7,nQFGmD7wJ0k,1,0
20260903,UCiLmCoftZHWXSFuQlnEJSsQ,PmD_nggctn4,101,2,7,nRsTHcp3EwI,1,0
20260903,UCiLmCoftZHWXSFuQlnEJSsQ,PmD_nggctn4,104,5,7,nVAibzsfj5k,1,0
20260903,UCiLmCoftZHWXSFuQlnEJSsQ,PmD_nggctn4,101,2,7,ne1SR5bD3g8,1,0
20260903,UCiLmCoftZHWXSFuQlnEJSsQ,PmD_nggctn4,104,4,7,neOM6vR8aA8,1,0
20260903,UCiLmCoftZHWXSFuQlnEJSsQ,PmD_nggctn4,104,5,7,neOM6vR8aA8,5,0
20260903,UCiLmCoftZHWXSFuQlnEJSsQ,PmD_nggctn4,103,10,7,nfree_tAUvo,1,0
20260903,UCiLmCoftZHWXSFuQlnEJSsQ,PmD_nggctn4,104,5,7,nligud8yv4w,1,0
20260903,UCiLmCoftZHWXSFuQlnEJSsQ,PmD_nggctn4,101,2,7,nmBKBpScX5s,1,0
20260903,UCiLmCoftZHWXSFuQlnEJSsQ,PmD_nggctn4,105,5,7,nw5nFpx2wG0,1,0
20260903,UCiLmCoftZHWXSFuQlnEJSsQ,PmD_nggctn4,104,5,7,ny3Mh1fojl0,1,0
20260903,UCiLmCoftZHWXSFuQlnEJSsQ,PmD_nggctn4,104,5,7,o2muJXejZ7s,1,0
20260903,UCiLmCoftZHWXSFuQlnEJSsQ,PmD_nggctn4,104,4,7,o4gr_Ra054I,1,0
20260903,UCiLmCoftZHWXSFuQlnEJSsQ,PmD_nggctn4,104,5,7,o4gr_Ra054I,3,0
20260903,UCiLmCoftZHWXSFuQlnEJSsQ,PmD_nggctn4,102,4,7,o5PmzhqCa48,1,0
20260903,UCiLmCoftZHWXSFuQlnEJSsQ,PmD_nggctn4,104,5,7,o5PmzhqCa48,1,0
20260903,UCiLmCoftZHWXSFuQlnEJSsQ,PmD_nggctn4,101,2,7,o9P7fV9UtCs,2,0
20260903,UCiLmCoftZHWXSFuQlnEJSsQ,PmD_nggctn4,101,30,7,o9P7fV9UtCs,1,0
20260903,UCiLmCoftZHWXSFuQlnEJSsQ,PmD_nggctn4,104,5,7,o9P7fV9UtCs,1,0
20260903,UCiLmCoftZHWXSFuQlnEJSsQ,PmD_nggctn4,104,5,7,oAQoOh9upJo,1,0
20260903,UCiLmCoftZHWXSFuQlnEJSsQ,PmD_nggctn4,101,2,7,oD8aq_Qzgj0,1,0
20260903,UCiLmCoftZHWXSFuQlnEJSsQ,PmD_nggctn4,104,4,7,oDBGmDoOrRo,1,0
20260903,UCiLmCoftZHWXSFuQlnEJSsQ,PmD_nggctn4,104,5,7,oO6vzwtM41Q,1,0
20260903,UCiLmCoftZHWXSFuQlnEJSsQ,PmD_nggctn4,101,2,7,oQ6mfxDWBkQ,2,0
20260903,UCiLmCoftZHWXSFuQlnEJSsQ,PmD_nggctn4,101,2,7,oUVyHlXtdP0,1,0
20260903,UCiLmCoftZHWXSFuQlnEJSsQ,PmD_nggctn4,104,5,7,oUVyHlXtdP0,1,0
20260903,UCiLmCoftZHWXSFuQlnEJSsQ,PmD_nggctn4,101,2,7,oWRCXGvcU9s,1,0
20260903,UCiLmCoftZHWXSFuQlnEJSsQ,PmD_nggctn4,102,1,7,oWRCXGvcU9s,1,0
20260903,UCiLmCoftZHWXSFuQlnEJSsQ,PmD_nggctn4,102,4,7,oWRCXGvcU9s,1,0
20260903,UCiLmCoftZHWXSFuQlnEJSsQ,PmD_nggctn4,102,12,7,oWRCXGvcU9s,1,0
20260903,UCiLmCoftZHWXSFuQlnEJSsQ,PmD_nggctn4,104,5,7,oWRCXGvcU9s,2,0
20260903,UCiLmCoftZHWXSFuQlnEJSsQ,PmD_nggctn4,105,5,7,oWRCXGvcU9s,1,0
20260903,UCiLmCoftZHWXSFuQlnEJSsQ,PmD_nggctn4,104,5,7,oWeyDybGRTo,1,0
20260903,UCiLmCoftZHWXSFuQlnEJSsQ,PmD_nggctn4,104,5,7,obM2KlgP0RM,2,0
20260903,UCiLmCoftZHWXSFuQlnEJSsQ,PmD_nggctn4,104,5,7,ocoWoXQZt8o,1,0
20260903,UCiLmCoftZHWXSFuQlnEJSsQ,PmD_nggctn4,104,5,7,of4hGEsWvsg,1,0
20260903,UCiLmCoftZHWXSFuQlnEJSsQ,PmD_nggctn4,101,2,7,ogh0HVpi8LI,1,0
20260903,UCiLmCoftZHWXSFuQlnEJSsQ,PmD_nggctn4,104,5,7,ogh0HVpi8LI,1,0
20260903,UCiLmCoftZHWXSFuQlnEJSsQ,PmD_nggctn4,104,5,7,ohdDJpMuBco,1,0
20260903,UCiLmCoftZHWXSFuQlnEJSsQ,PmD_nggctn4,104,5,7,opQh7Sy8l8k,1,0
20260903,UCiLmCoftZHWXSFuQlnEJSsQ,PmD_nggctn4,105,5,7,opQh7Sy8l8k,1,0
20260903,UCiLmCoftZHWXSFuQlnEJSsQ,PmD_nggctn4,104,5,7,or67UcyuXOA,2,0
20260903,UCiLmCoftZHWXSFuQlnEJSsQ,PmD_nggctn4,104,5,7,p0zTybhQFqw,1,0
20260903,UCiLmCoftZHWXSFuQlnEJSsQ,PmD_nggctn4,104,5,7,p3CK1LSVcWA,1,0
20260903,UCiLmCoftZHWXSFuQlnEJSsQ,PmD_nggctn4,104,5,7,p3eD2P9goDU,1,0
20260903,UCiLmCoftZHWXSFuQlnEJSsQ,PmD_nggctn4,104,5,7,pB_DAhUtIhc,1,0
20260903,UCiLmCoftZHWXSFuQlnEJSsQ,PmD_nggctn4,101,2,7,pCd1pWJW2SU,2,0
20260903,UCiLmCoftZHWXSFuQlnEJSsQ,PmD_nggctn4,101,9,7,pCd1pWJW2SU,2,0
20260903,UCiLmCoftZHWXSFuQlnEJSsQ,PmD_nggctn4,102,1,7,pCd1pWJW2SU,1,0
20260903,UCiLmCoftZHWXSFuQlnEJSsQ,PmD_nggctn4,104,5,7,pCd1pWJW2SU,5,0
20260903,UCiLmCoftZHWXSFuQlnEJSsQ,PmD_nggctn4,105,5,7,pCd1pWJW2SU,1,0
20260903,UCiLmCoftZHWXSFuQlnEJSsQ,PmD_nggctn4,102,4,7,pE6Pi35mojw,2,0
20260903,UCiLmCoftZHWXSFuQlnEJSsQ,PmD_nggctn4,104,5,7,pE6Pi35mojw,1,0
20260903,UCiLmCoftZHWXSFuQlnEJSsQ,PmD_nggctn4,101,2,7,pEvnCLLE4RI,1,0
20260903,UCiLmCoftZHWXSFuQlnEJSsQ,PmD_nggctn4,101,9,7,pFp3zUQkeDU,1,0
20260903,UCiLmCoftZHWXSFuQlnEJSsQ,PmD_nggctn4,104,5,7,pFp3zUQkeDU,5,0
20260903,UCiLmCoftZHWXSFuQlnEJSsQ,PmD_nggctn4,104,5,7,pGmRwwp-lkg,1,0
20260903,UCiLmCoftZHWXSFuQlnEJSsQ,PmD_nggctn4,101,2,7,pPONF16ATGE,4,0
20260903,UCiLmCoftZHWXSFuQlnEJSsQ,PmD_nggctn4,101,9,7,pPONF16ATGE,2,0
20260903,UCiLmCoftZHWXSFuQlnEJSsQ,PmD_nggctn4,102,4,7,pPONF16ATGE,1,0
20260903,UCiLmCoftZHWXSFuQlnEJSsQ,PmD_nggctn4,104,4,7,pPONF16ATGE,1,0
20260903,UCiLmCoftZHWXSFuQlnEJSsQ,PmD_nggctn4,104,5,7,pPONF16ATGE,7,0
20260903,UCiLmCoftZHWXSFuQlnEJSsQ,PmD_nggctn4,104,5,7,pQ00uVR2s3Y,1,0
20260903,UCiLmCoftZHWXSFuQlnEJSsQ,PmD_nggctn4,104,5,7,pStSeHhUhZk,1,0
20260903,UCiLmCoftZHWXSFuQlnEJSsQ,PmD_nggctn4,104,5,7,pVrSwA_TNhE,2,0
20260903,UCiLmCoftZHWXSFuQlnEJSsQ,PmD_nggctn4,101,2,7,pX65DL3ahb4,1,0
20260903,UCiLmCoftZHWXSFuQlnEJSsQ,PmD_nggctn4,104,5,7,pX65DL3ahb4,11,0.090909090909090912
20260903,UCiLmCoftZHWXSFuQlnEJSsQ,PmD_nggctn4,105,5,7,pX65DL3ahb4,2,0
20260903,UCiLmCoftZHWXSFuQlnEJSsQ,PmD_nggctn4,104,5,7,p_r9xaH-9yw,1,0
20260903,UCiLmCoftZHWXSFuQlnEJSsQ,PmD_nggctn4,101,2,7,pi8zBB4s_mc,1,0
20260903,UCiLmCoftZHWXSFuQlnEJSsQ,PmD_nggctn4,104,5,7,pi8zBB4s_mc,1,0
20260903,UCiLmCoftZHWXSFuQlnEJSsQ,PmD_nggctn4,101,2,7,piORI4bP_og,1,0
20260903,UCiLmCoftZHWXSFuQlnEJSsQ,PmD_nggctn4,104,5,7,piORI4bP_og,1,0
20260903,UCiLmCoftZHWXSFuQlnEJSsQ,PmD_nggctn4,101,2,7,pwSvTwOczAk,1,0
20260903,UCiLmCoftZHWXSFuQlnEJSsQ,PmD_nggctn4,101,1,7,pwT02lNsloU,2,0
20260903,UCiLmCoftZHWXSFuQlnEJSsQ,PmD_nggctn4,101,2,7,pwT02lNsloU,1,0
20260903,UCiLmCoftZHWXSFuQlnEJSsQ,PmD_nggctn4,102,12,7,pwT02lNsloU,1,0
20260903,UCiLmCoftZHWXSFuQlnEJSsQ,PmD_nggctn4,104,5,7,pwT02lNsloU,6,0
20260903,UCiLmCoftZHWXSFuQlnEJSsQ,PmD_nggctn4,104,4,7,pwT3txst4No,1,0
20260903,UCiLmCoftZHWXSFuQlnEJSsQ,PmD_nggctn4,102,29,7,q16hhZle3-Q,1,0
20260903,UCiLmCoftZHWXSFuQlnEJSsQ,PmD_nggctn4,104,5,7,q3qbxnGVS4A,1,0
20260903,UCiLmCoftZHWXSFuQlnEJSsQ,PmD_nggctn4,104,5,7,q8xV-1KAn7s,1,0
20260903,UCiLmCoftZHWXSFuQlnEJSsQ,PmD_nggctn4,101,2,7,qA3NitgoGTk,1,0
20260903,UCiLmCoftZHWXSFuQlnEJSsQ,PmD_nggctn4,104,5,7,qA3NitgoGTk,5,0.2
20260903,UCiLmCoftZHWXSFuQlnEJSsQ,PmD_nggctn4,105,5,7,qA3NitgoGTk,1,0
20260903,UCiLmCoftZHWXSFuQlnEJSsQ,PmD_nggctn4,104,5,7,qEljaS07bQo,2,0.5
20260903,UCiLmCoftZHWXSFuQlnEJSsQ,PmD_nggctn4,104,5,7,qKdtSiYyH34,1,0
20260903,UCiLmCoftZHWXSFuQlnEJSsQ,PmD_nggctn4,104,5,7,qT6LgIG5OUw,1,0
20260903,UCiLmCoftZHWXSFuQlnEJSsQ,PmD_nggctn4,101,2,7,qUzXtUsVgH8,2,0
20260903,UCiLmCoftZHWXSFuQlnEJSsQ,PmD_nggctn4,102,29,7,qUzXtUsVgH8,1,0
20260903,UCiLmCoftZHWXSFuQlnEJSsQ,PmD_nggctn4,104,5,7,qUzXtUsVgH8,9,0
20260903,UCiLmCoftZHWXSFuQlnEJSsQ,PmD_nggctn4,101,2,7,qViEeQmK0fg,2,0
20260903,UCiLmCoftZHWXSFuQlnEJSsQ,PmD_nggctn4,104,5,7,qViEeQmK0fg,1,0
20260903,UCiLmCoftZHWXSFuQlnEJSsQ,PmD_nggctn4,105,5,7,qZHsynvlSzQ,1,0
20260903,UCiLmCoftZHWXSFuQlnEJSsQ,PmD_nggctn4,104,5,7,qc7vKaYgvjY,2,0
20260903,UCiLmCoftZHWXSFuQlnEJSsQ,PmD_nggctn4,104,5,7,qetgN-VAQXc,1,0
20260903,UCiLmCoftZHWXSFuQlnEJSsQ,PmD_nggctn4,102,29,7,qkbbztUDLNE,1,0
20260903,UCiLmCoftZHWXSFuQlnEJSsQ,PmD_nggctn4,101,2,7,qpoZMV7NmVA,1,0
20260903,UCiLmCoftZHWXSFuQlnEJSsQ,PmD_nggctn4,104,5,7,qpoZMV7NmVA,1,0
20260903,UCiLmCoftZHWXSFuQlnEJSsQ,PmD_nggctn4,101,2,7,qs2w4JL5sNU,2,0
20260903,UCiLmCoftZHWXSFuQlnEJSsQ,PmD_nggctn4,101,2,7,r-Qk-lIayes,1,0
20260903,UCiLmCoftZHWXSFuQlnEJSsQ,PmD_nggctn4,102,4,7,r-Qk-lIayes,1,0
20260903,UCiLmCoftZHWXSFuQlnEJSsQ,PmD_nggctn4,102,29,7,r-Qk-lIayes,1,0
20260903,UCiLmCoftZHWXSFuQlnEJSsQ,PmD_nggctn4,105,5,7,r0KL8HzKthw,1,0
20260903,UCiLmCoftZHWXSFuQlnEJSsQ,PmD_nggctn4,104,5,7,r6wE4JC5XvQ,1,0
20260903,UCiLmCoftZHWXSFuQlnEJSsQ,PmD_nggctn4,104,5,7,r7CsZrgS98g,1,0
20260903,UCiLmCoftZHWXSFuQlnEJSsQ,PmD_nggctn4,105,5,7,r7CsZrgS98g,1,0
20260903,UCiLmCoftZHWXSFuQlnEJSsQ,PmD_nggctn4,104,5,7,rFTvKRxAJgU,3,0
20260903,UCiLmCoftZHWXSFuQlnEJSsQ,PmD_nggctn4,104,5,7,rHMYLCqB8Cs,1,0
20260903,UCiLmCoftZHWXSFuQlnEJSsQ,PmD_nggctn4,101,2,7,rLUSvBPidMc,1,0
20260903,UCiLmCoftZHWXSFuQlnEJSsQ,PmD_nggctn4,101,2,7,rSNhDgGJvPU,1,0
20260903,UCiLmCoftZHWXSFuQlnEJSsQ,PmD_nggctn4,101,30,7,rSNhDgGJvPU,1,0
20260903,UCiLmCoftZHWXSFuQlnEJSsQ,PmD_nggctn4,104,5,7,rSNhDgGJvPU,9,0
20260903,UCiLmCoftZHWXSFuQlnEJSsQ,PmD_nggctn4,105,5,7,rSNhDgGJvPU,1,0
20260903,UCiLmCoftZHWXSFuQlnEJSsQ,PmD_nggctn4,101,2,7,rWdeIvYX658,1,0
20260903,UCiLmCoftZHWXSFuQlnEJSsQ,PmD_nggctn4,101,2,7,rebglgMt0eY,1,0
20260903,UCiLmCoftZHWXSFuQlnEJSsQ,PmD_nggctn4,102,4,7,rfLoohju-fQ,1,0
20260903,UCiLmCoftZHWXSFuQlnEJSsQ,PmD_nggctn4,104,5,7,rfLoohju-fQ,2,0
20260903,UCiLmCoftZHWXSFuQlnEJSsQ,PmD_nggctn4,104,5,7,rfubQ80atlY,1,0
20260903,UCiLmCoftZHWXSFuQlnEJSsQ,PmD_nggctn4,102,4,7,rriB3vUFOaQ,1,0
20260903,UCiLmCoftZHWXSFuQlnEJSsQ,PmD_nggctn4,104,5,7,rwbjiXdmSRA,1,0
20260903,UCiLmCoftZHWXSFuQlnEJSsQ,PmD_nggctn4,104,5,7,rz3GJ5O4bvA,2,0
20260903,UCiLmCoftZHWXSFuQlnEJSsQ,PmD_nggctn4,104,5,7,s3l65oFo0XE,1,0
20260903,UCiLmCoftZHWXSFuQlnEJSsQ,PmD_nggctn4,104,5,7,s3ukVbI2jkI,1,0
20260903,UCiLmCoftZHWXSFuQlnEJSsQ,PmD_nggctn4,104,4,7,s4Q8fzF92QA,1,0
20260903,UCiLmCoftZHWXSFuQlnEJSsQ,PmD_nggctn4,104,5,7,s4Q8fzF92QA,2,0
20260903,UCiLmCoftZHWXSFuQlnEJSsQ,PmD_nggctn4,104,5,7,s7O-1pyMa0k,1,0
20260903,UCiLmCoftZHWXSFuQlnEJSsQ,PmD_nggctn4,104,4,7,sGL6khINJzg,1,0
20260903,UCiLmCoftZHWXSFuQlnEJSsQ,PmD_nggctn4,104,5,7,sQFHWpf5TwI,1,0
20260903,UCiLmCoftZHWXSFuQlnEJSsQ,PmD_nggctn4,104,5,7,sR9--0VK_jw,1,0
20260903,UCiLmCoftZHWXSFuQlnEJSsQ,PmD_nggctn4,101,2,7,sYM4Vdzaex0,3,0
20260903,UCiLmCoftZHWXSFuQlnEJSsQ,PmD_nggctn4,104,4,7,sYM4Vdzaex0,2,0
20260903,UCiLmCoftZHWXSFuQlnEJSsQ,PmD_nggctn4,104,5,7,sYM4Vdzaex0,10,0
20260903,UCiLmCoftZHWXSFuQlnEJSsQ,PmD_nggctn4,104,4,7,s_7AahhTELI,1,0
20260903,UCiLmCoftZHWXSFuQlnEJSsQ,PmD_nggctn4,101,30,7,shlTEOdpKps,1,0
20260903,UCiLmCoftZHWXSFuQlnEJSsQ,PmD_nggctn4,104,5,7,srdTV-B0ylM,1,0
20260903,UCiLmCoftZHWXSFuQlnEJSsQ,PmD_nggctn4,104,5,7,swPlzzavzWg,1,0
20260903,UCiLmCoftZHWXSFuQlnEJSsQ,PmD_nggctn4,104,5,7,sxuzGt9JOzg,1,0
20260903,UCiLmCoftZHWXSFuQlnEJSsQ,PmD_nggctn4,104,5,7,t-MoN_FWavM,2,0
20260903,UCiLmCoftZHWXSFuQlnEJSsQ,PmD_nggctn4,104,5,7,t0d2CxpElPo,1,0
20260903,UCiLmCoftZHWXSFuQlnEJSsQ,PmD_nggctn4,101,2,7,t1c6k8RTW7c,2,0
20260903,UCiLmCoftZHWXSFuQlnEJSsQ,PmD_nggctn4,102,1,7,t1c6k8RTW7c,1,0
20260903,UCiLmCoftZHWXSFuQlnEJSsQ,PmD_nggctn4,102,4,7,t1c6k8RTW7c,1,0
20260903,UCiLmCoftZHWXSFuQlnEJSsQ,PmD_nggctn4,104,5,7,t1c6k8RTW7c,3,0
20260903,UCiLmCoftZHWXSFuQlnEJSsQ,PmD_nggctn4,104,5,7,t3e107Yfglw,1,0
20260903,UCiLmCoftZHWXSFuQlnEJSsQ,PmD_nggctn4,104,5,7,t5hF_ImLIR4,1,0
20260903,UCiLmCoftZHWXSFuQlnEJSsQ,PmD_nggctn4,104,5,7,t8xTByTJIr4,2,0
20260903,UCiLmCoftZHWXSFuQlnEJSsQ,PmD_nggctn4,104,5,7,tCgbuNaAW0s,1,0
20260903,UCiLmCoftZHWXSFuQlnEJSsQ,PmD_nggctn4,104,4,7,tDnKA0h1iak,1,0
20260903,UCiLmCoftZHWXSFuQlnEJSsQ,PmD_nggctn4,104,5,7,tFnEKJDPkvw,1,0
20260903,UCiLmCoftZHWXSFuQlnEJSsQ,PmD_nggctn4,101,2,7,tGJDkAVAQEM,1,0
20260903,UCiLmCoftZHWXSFuQlnEJSsQ,PmD_nggctn4,104,5,7,tJaf3UJgULc,1,0
20260903,UCiLmCoftZHWXSFuQlnEJSsQ,PmD_nggctn4,104,5,7,tJuk1oacnAA,16,0
20260903,UCiLmCoftZHWXSFuQlnEJSsQ,PmD_nggctn4,101,2,7,tK-iRlWaqj8,1,0
20260903,UCiLmCoftZHWXSFuQlnEJSsQ,PmD_nggctn4,104,5,7,tK-iRlWaqj8,5,0
20260903,UCiLmCoftZHWXSFuQlnEJSsQ,PmD_nggctn4,104,4,7,tM9VKPITaII,1,0
20260903,UCiLmCoftZHWXSFuQlnEJSsQ,PmD_nggctn4,104,5,7,tVXRpVwdz6k,1,0
20260903,UCiLmCoftZHWXSFuQlnEJSsQ,PmD_nggctn4,103,27,7,tWJtwIm1wpE,1,0
20260903,UCiLmCoftZHWXSFuQlnEJSsQ,PmD_nggctn4,101,2,7,thtmva5Xu8U,2,0
20260903,UCiLmCoftZHWXSFuQlnEJSsQ,PmD_nggctn4,104,5,7,ti5msVTpaNM,1,0
20260903,UCiLmCoftZHWXSFuQlnEJSsQ,PmD_nggctn4,104,5,7,tm7cN7jlbxk,1,0
20260903,UCiLmCoftZHWXSFuQlnEJSsQ,PmD_nggctn4,101,9,7,tofixy1PiL4,1,0
20260903,UCiLmCoftZHWXSFuQlnEJSsQ,PmD_nggctn4,104,5,7,tofixy1PiL4,1,0
20260903,UCiLmCoftZHWXSFuQlnEJSsQ,PmD_nggctn4,101,2,7,u-kNZlfF9A0,2,0
20260903,UCiLmCoftZHWXSFuQlnEJSsQ,PmD_nggctn4,102,4,7,u-kNZlfF9A0,1,0
20260903,UCiLmCoftZHWXSFuQlnEJSsQ,PmD_nggctn4,102,19,7,u-kNZlfF9A0,1,0
20260903,UCiLmCoftZHWXSFuQlnEJSsQ,PmD_nggctn4,104,4,7,u-kNZlfF9A0,1,0
20260903,UCiLmCoftZHWXSFuQlnEJSsQ,PmD_nggctn4,104,5,7,u-kNZlfF9A0,3,0
20260903,UCiLmCoftZHWXSFuQlnEJSsQ,PmD_nggctn4,104,5,7,u01roEg6Nno,1,0
20260903,UCiLmCoftZHWXSFuQlnEJSsQ,PmD_nggctn4,102,1,7,u19Tqm9alDU,1,0
20260903,UCiLmCoftZHWXSFuQlnEJSsQ,PmD_nggctn4,101,2,7,u6T-IWjenR8,1,0
20260903,UCiLmCoftZHWXSFuQlnEJSsQ,PmD_nggctn4,101,2,7,u90wEk1fPKE,1,0
20260903,UCiLmCoftZHWXSFuQlnEJSsQ,PmD_nggctn4,101,2,7,uAn1FE0VWwI,1,0
20260903,UCiLmCoftZHWXSFuQlnEJSsQ,PmD_nggctn4,104,5,7,uFbBgVk0W8w,1,0
20260903,UCiLmCoftZHWXSFuQlnEJSsQ,PmD_nggctn4,101,2,7,uK9X8xomCSU,2,0
20260903,UCiLmCoftZHWXSFuQlnEJSsQ,PmD_nggctn4,104,5,7,uN10GdCpLjs,2,0
20260903,UCiLmCoftZHWXSFuQlnEJSsQ,PmD_nggctn4,105,5,7,uN10GdCpLjs,1,0
20260903,UCiLmCoftZHWXSFuQlnEJSsQ,PmD_nggctn4,104,5,7,u_VyLYMu_Po,1,0
20260903,UCiLmCoftZHWXSFuQlnEJSsQ,PmD_nggctn4,102,29,7,udPNRPrHz88,1,0
20260903,UCiLmCoftZHWXSFuQlnEJSsQ,PmD_nggctn4,104,4,7,udPNRPrHz88,1,0
20260903,UCiLmCoftZHWXSFuQlnEJSsQ,PmD_nggctn4,104,4,7,udZJ56SfsYQ,1,0
20260903,UCiLmCoftZHWXSFuQlnEJSsQ,PmD_nggctn4,104,5,7,uh_PNDdxf3w,1,0
20260903,UCiLmCoftZHWXSFuQlnEJSsQ,PmD_nggctn4,105,5,7,uj1tl8n1LMs,1,0
20260903,UCiLmCoftZHWXSFuQlnEJSsQ,PmD_nggctn4,104,5,7,uj5XDRdH9ss,2,0
20260903,UCiLmCoftZHWXSFuQlnEJSsQ,PmD_nggctn4,101,9,7,umh83EemQQE,1,0
20260903,UCiLmCoftZHWXSFuQlnEJSsQ,PmD_nggctn4,104,5,7,umh83EemQQE,1,0
20260903,UCiLmCoftZHWXSFuQlnEJSsQ,PmD_nggctn4,101,2,7,uoL37JAHtPo,2,0
20260903,UCiLmCoftZHWXSFuQlnEJSsQ,PmD_nggctn4,102,4,7,uoL37JAHtPo,1,0
20260903,UCiLmCoftZHWXSFuQlnEJSsQ,PmD_nggctn4,103,10,7,uoL37JAHtPo,1,0
20260903,UCiLmCoftZHWXSFuQlnEJSsQ,PmD_nggctn4,104,5,7,uoL37JAHtPo,1,0
20260903,UCiLmCoftZHWXSFuQlnEJSsQ,PmD_nggctn4,104,5,7,urMOrS_-NyU,2,0.5
20260903,UCiLmCoftZHWXSFuQlnEJSsQ,PmD_nggctn4,105,5,7,usry25cSTBQ,1,0
20260903,UCiLmCoftZHWXSFuQlnEJSsQ,PmD_nggctn4,104,5,7,uv2ctsSyh-4,2,0
20260903,UCiLmCoftZHWXSFuQlnEJSsQ,PmD_nggctn4,101,9,7,v8V9FGwxvtw,1,0
20260903,UCiLmCoftZHWXSFuQlnEJSsQ,PmD_nggctn4,101,2,7,v9hIy7YF_bA,2,0
20260903,UCiLmCoftZHWXSFuQlnEJSsQ,PmD_nggctn4,104,5,7,v9hIy7YF_bA,2,0
20260903,UCiLmCoftZHWXSFuQlnEJSsQ,PmD_nggctn4,102,4,7,v9x7lIHqQvg,1,0
20260903,UCiLmCoftZHWXSFuQlnEJSsQ,PmD_nggctn4,104,5,7,vCmOCkcC9g8,1,0
20260903,UCiLmCoftZHWXSFuQlnEJSsQ,PmD_nggctn4,104,5,7,vEDAbpp-sCo,1,0
20260903,UCiLmCoftZHWXSFuQlnEJSsQ,PmD_nggctn4,105,5,7,vF8cxG05kcM,1,0
20260903,UCiLmCoftZHWXSFuQlnEJSsQ,PmD_nggctn4,104,5,7,vKiXAyQpiGg,2,0
20260903,UCiLmCoftZHWXSFuQlnEJSsQ,PmD_nggctn4,105,5,7,vNVlpyJAbx4,1,0
20260903,UCiLmCoftZHWXSFuQlnEJSsQ,PmD_nggctn4,104,5,7,vZCjIrAs2Rk,1,0
20260903,UCiLmCoftZHWXSFuQlnEJSsQ,PmD_nggctn4,104,4,7,vZ_dZvvKD_Q,1,0
20260903,UCiLmCoftZHWXSFuQlnEJSsQ,PmD_nggctn4,101,2,7,v_27821_cck,1,0
20260903,UCiLmCoftZHWXSFuQlnEJSsQ,PmD_nggctn4,101,2,7,vefqnIJVa5U,1,0
20260903,UCiLmCoftZHWXSFuQlnEJSsQ,PmD_nggctn4,102,29,7,vefqnIJVa5U,1,0
20260903,UCiLmCoftZHWXSFuQlnEJSsQ,PmD_nggctn4,104,5,7,vefqnIJVa5U,9,0
20260903,UCiLmCoftZHWXSFuQlnEJSsQ,PmD_nggctn4,105,5,7,vefqnIJVa5U,1,0
20260903,UCiLmCoftZHWXSFuQlnEJSsQ,PmD_nggctn4,101,9,7,vg9yCl8_Pbo,2,0
20260903,UCiLmCoftZHWXSFuQlnEJSsQ,PmD_nggctn4,105,5,7,vg9yCl8_Pbo,1,0
20260903,UCiLmCoftZHWXSFuQlnEJSsQ,PmD_nggctn4,101,9,7,vj9XVEydBW4,1,0
20260903,UCiLmCoftZHWXSFuQlnEJSsQ,PmD_nggctn4,104,5,7,vj9XVEydBW4,2,0
20260903,UCiLmCoftZHWXSFuQlnEJSsQ,PmD_nggctn4,104,5,7,vr2cC8gr6HM,2,0
20260903,UCiLmCoftZHWXSFuQlnEJSsQ,PmD_nggctn4,104,5,7,vtc-dZCJtqY,1,0
20260903,UCiLmCoftZHWXSFuQlnEJSsQ,PmD_nggctn4,104,5,7,vuYLCMyzFD4,1,0
20260903,UCiLmCoftZHWXSFuQlnEJSsQ,PmD_nggctn4,105,5,7,wAZavmVBAIA,1,0
20260903,UCiLmCoftZHWXSFuQlnEJSsQ,PmD_nggctn4,104,4,7,wGV-b03PJbQ,1,0
20260903,UCiLmCoftZHWXSFuQlnEJSsQ,PmD_nggctn4,104,5,7,wJ4tKXo0hvE,1,0
20260903,UCiLmCoftZHWXSFuQlnEJSsQ,PmD_nggctn4,101,2,7,wO2z79qqB1Y,1,0
20260903,UCiLmCoftZHWXSFuQlnEJSsQ,PmD_nggctn4,104,4,7,wO2z79qqB1Y,1,0
20260903,UCiLmCoftZHWXSFuQlnEJSsQ,PmD_nggctn4,104,5,7,wO2z79qqB1Y,3,0
20260903,UCiLmCoftZHWXSFuQlnEJSsQ,PmD_nggctn4,104,5,7,wQQkpBpVqCA,2,0
20260903,UCiLmCoftZHWXSFuQlnEJSsQ,PmD_nggctn4,104,5,7,wYTPIsXkq80,1,0
20260903,UCiLmCoftZHWXSFuQlnEJSsQ,PmD_nggctn4,101,2,7,wZIUh3eyw3Y,1,0
20260903,UCiLmCoftZHWXSFuQlnEJSsQ,PmD_nggctn4,105,5,7,wbTzve11piw,1,1
20260903,UCiLmCoftZHWXSFuQlnEJSsQ,PmD_nggctn4,104,4,7,wdXZShWju_s,1,0
20260903,UCiLmCoftZHWXSFuQlnEJSsQ,PmD_nggctn4,104,5,7,wdjQGw7hX68,2,0
20260903,UCiLmCoftZHWXSFuQlnEJSsQ,PmD_nggctn4,102,4,7,wgchgNEdlLE,1,0
20260903,UCiLmCoftZHWXSFuQlnEJSsQ,PmD_nggctn4,105,5,7,wgchgNEdlLE,2,0
20260903,UCiLmCoftZHWXSFuQlnEJSsQ,PmD_nggctn4,104,5,7,wj-2jVCqPv8,2,0
20260903,UCiLmCoftZHWXSFuQlnEJSsQ,PmD_nggctn4,101,2,7,wlWuRrYAJ1g,1,0
20260903,UCiLmCoftZHWXSFuQlnEJSsQ,PmD_nggctn4,102,31,7,wlWuRrYAJ1g,1,0
20260903,UCiLmCoftZHWXSFuQlnEJSsQ,PmD_nggctn4,104,5,7,wlWuRrYAJ1g,1,0
20260903,UCiLmCoftZHWXSFuQlnEJSsQ,PmD_nggctn4,105,5,7,wlWuRrYAJ1g,1,0
20260903,UCiLmCoftZHWXSFuQlnEJSsQ,PmD_nggctn4,104,5,7,wnasKnA1zRA,1,0
20260903,UCiLmCoftZHWXSFuQlnEJSsQ,PmD_nggctn4,104,5,7,wosusOt_XTE,1,0
20260903,UCiLmCoftZHWXSFuQlnEJSsQ,PmD_nggctn4,105,5,7,wxsyt2rYmxc,1,0
20260903,UCiLmCoftZHWXSFuQlnEJSsQ,PmD_nggctn4,101,2,7,wyAdx8wFRXk,1,0
20260903,UCiLmCoftZHWXSFuQlnEJSsQ,PmD_nggctn4,102,19,7,x2hS_7CLmJM,1,0
20260903,UCiLmCoftZHWXSFuQlnEJSsQ,PmD_nggctn4,104,5,7,x4W5vXecxig,1,0
20260903,UCiLmCoftZHWXSFuQlnEJSsQ,PmD_nggctn4,101,2,7,x68AnwPpT-s,1,0
20260903,UCiLmCoftZHWXSFuQlnEJSsQ,PmD_nggctn4,102,4,7,xD3s4CBaYUw,1,0
20260903,UCiLmCoftZHWXSFuQlnEJSsQ,PmD_nggctn4,104,4,7,xD3s4CBaYUw,1,0
20260903,UCiLmCoftZHWXSFuQlnEJSsQ,PmD_nggctn4,104,5,7,xD3s4CBaYUw,5,0.4
20260903,UCiLmCoftZHWXSFuQlnEJSsQ,PmD_nggctn4,102,19,7,xEAybfl9Qco,1,0
20260903,UCiLmCoftZHWXSFuQlnEJSsQ,PmD_nggctn4,101,9,7,xFB6QtNTVSk,1,0
20260903,UCiLmCoftZHWXSFuQlnEJSsQ,PmD_nggctn4,101,2,7,xJRLzSMdrS8,2,0
20260903,UCiLmCoftZHWXSFuQlnEJSsQ,PmD_nggctn4,104,5,7,xJRLzSMdrS8,1,0
20260903,UCiLmCoftZHWXSFuQlnEJSsQ,PmD_nggctn4,104,5,7,xJinruGKA04,2,0
20260903,UCiLmCoftZHWXSFuQlnEJSsQ,PmD_nggctn4,104,5,7,xKYG1ITxvxw,3,0
20260903,UCiLmCoftZHWXSFuQlnEJSsQ,PmD_nggctn4,104,4,7,xL1dSJxOYbw,1,0
20260903,UCiLmCoftZHWXSFuQlnEJSsQ,PmD_nggctn4,104,5,7,xZyrno6-kCQ,1,0
20260903,UCiLmCoftZHWXSFuQlnEJSsQ,PmD_nggctn4,104,5,7,xe4EaVS5P10,1,0
20260903,UCiLmCoftZHWXSFuQlnEJSsQ,PmD_nggctn4,102,29,7,xgSD7YMOips,1,0
20260903,UCiLmCoftZHWXSFuQlnEJSsQ,PmD_nggctn4,104,5,7,xgSD7YMOips,1,0
20260903,UCiLmCoftZHWXSFuQlnEJSsQ,PmD_nggctn4,101,2,7,xgjBA231Gzw,1,0
20260903,UCiLmCoftZHWXSFuQlnEJSsQ,PmD_nggctn4,101,2,7,xhF_uqsdbvY,2,0
20260903,UCiLmCoftZHWXSFuQlnEJSsQ,PmD_nggctn4,105,5,7,xjDA9jqaD-g,1,0
20260903,UCiLmCoftZHWXSFuQlnEJSsQ,PmD_nggctn4,101,2,7,xm7egQhg9Ew,1,0
20260903,UCiLmCoftZHWXSFuQlnEJSsQ,PmD_nggctn4,104,5,7,xmJootRVTsU,1,0
20260903,UCiLmCoftZHWXSFuQlnEJSsQ,PmD_nggctn4,105,5,7,xz3jyYlgmyc,1,0
20260903,UCiLmCoftZHWXSFuQlnEJSsQ,PmD_nggctn4,105,5,7,xzd24Ik62E0,1,0
20260903,UCiLmCoftZHWXSFuQlnEJSsQ,PmD_nggctn4,102,4,7,xzsQ-Fbp-kQ,1,0
20260903,UCiLmCoftZHWXSFuQlnEJSsQ,PmD_nggctn4,102,29,7,xzsQ-Fbp-kQ,2,0
20260903,UCiLmCoftZHWXSFuQlnEJSsQ,PmD_nggctn4,101,2,7,y8gvIgFzNkg,1,0
20260903,UCiLmCoftZHWXSFuQlnEJSsQ,PmD_nggctn4,104,5,7,y8gvIgFzNkg,1,0
20260903,UCiLmCoftZHWXSFuQlnEJSsQ,PmD_nggctn4,101,2,7,y9Kb3W_pLzk,1,0
20260903,UCiLmCoftZHWXSFuQlnEJSsQ,PmD_nggctn4,101,2,7,yGOu43-qQRA,1,0
20260903,UCiLmCoftZHWXSFuQlnEJSsQ,PmD_nggctn4,104,4,7,yKIQv4sUTLA,1,0
20260903,UCiLmCoftZHWXSFuQlnEJSsQ,PmD_nggctn4,101,2,7,yKkhPFVf07Q,3,0
20260903,UCiLmCoftZHWXSFuQlnEJSsQ,PmD_nggctn4,104,5,7,y_5VdVWAwbo,1,0
20260903,UCiLmCoftZHWXSFuQlnEJSsQ,PmD_nggctn4,101,2,7,y_yI4t1aTfs,1,0
20260903,UCiLmCoftZHWXSFuQlnEJSsQ,PmD_nggctn4,101,9,7,y_yI4t1aTfs,1,1
20260903,UCiLmCoftZHWXSFuQlnEJSsQ,PmD_nggctn4,104,4,7,yaSLOXeamyw,1,0
20260903,UCiLmCoftZHWXSFuQlnEJSsQ,PmD_nggctn4,104,5,7,yke84OamGZE,1,0
20260903,UCiLmCoftZHWXSFuQlnEJSsQ,PmD_nggctn4,104,5,7,ytIEZdQhZUk,1,0
20260903,UCiLmCoftZHWXSFuQlnEJSsQ,PmD_nggctn4,104,5,7,yua6cU7Idyc,1,0
20260903,UCiLmCoftZHWXSFuQlnEJSsQ,PmD_nggctn4,105,5,7,yvtQGwSgugQ,1,0
20260903,UCiLmCoftZHWXSFuQlnEJSsQ,PmD_nggctn4,101,2,7,yxewZCTOyWg,1,0
20260903,UCiLmCoftZHWXSFuQlnEJSsQ,PmD_nggctn4,101,2,7,z1KS7myipTQ,1,0
20260903,UCiLmCoftZHWXSFuQlnEJSsQ,PmD_nggctn4,101,2,7,z3wBRA4ZiDQ,1,0
20260903,UCiLmCoftZHWXSFuQlnEJSsQ,PmD_nggctn4,104,5,7,z7bUiGUtq3g,1,0
20260903,UCiLmCoftZHWXSFuQlnEJSsQ,PmD_nggctn4,104,5,7,zA8ElCbREn8,2,0
20260903,UCiLmCoftZHWXSFuQlnEJSsQ,PmD_nggctn4,105,5,7,zA8ElCbREn8,1,0
20260903,UCiLmCoftZHWXSFuQlnEJSsQ,PmD_nggctn4,101,2,7,zEJD7K1-IZM,1,0
20260903,UCiLmCoftZHWXSFuQlnEJSsQ,PmD_nggctn4,104,5,7,zKkx-rtOIPo,2,0
20260903,UCiLmCoftZHWXSFuQlnEJSsQ,PmD_nggctn4,104,5,7,zPE8hDapdS0,1,0
20260903,UCiLmCoftZHWXSFuQlnEJSsQ,PmD_nggctn4,101,2,7,zSeg5HGTE00,1,0
20260903,UCiLmCoftZHWXSFuQlnEJSsQ,PmD_nggctn4,104,4,7,zSeg5HGTE00,1,0
20260903,UCiLmCoftZHWXSFuQlnEJSsQ,PmD_nggctn4,104,5,7,zdCFnSUW3Wc,1,0
20260903,UCiLmCoftZHWXSFuQlnEJSsQ,PmD_nggctn4,104,4,7,zeW2ov7HMyo,1,0
20260903,UCiLmCoftZHWXSFuQlnEJSsQ,PmD_nggctn4,104,5,7,zfxtunNti4c,1,0
20260903,UCiLmCoftZHWXSFuQlnEJSsQ,PmD_nggctn4,101,2,7,ziGbKBlwfuE,1,0
20260903,UCiLmCoftZHWXSFuQlnEJSsQ,PmD_nggctn4,101,9,7,ziPHy5QVzdY,1,0
20260903,UCiLmCoftZHWXSFuQlnEJSsQ,PmD_nggctn4,104,4,7,zj2yrvDqzc0,1,0
20260903,UCiLmCoftZHWXSFuQlnEJSsQ,PmD_nggctn4,101,2,7,zkr3BqFpKOs,1,0
20260903,UCiLmCoftZHWXSFuQlnEJSsQ,PmD_nggctn4,104,4,7,zkr3BqFpKOs,1,0
20260903,UCiLmCoftZHWXSFuQlnEJSsQ,PmD_nggctn4,104,5,7,zkr3BqFpKOs,2,0
20260903,UCiLmCoftZHWXSFuQlnEJSsQ,PmD_nggctn4,104,5,7,zzXkMg-Aarg,1,0
20260903,UCiLmCoftZHWXSFuQlnEJSsQ,PmD_nggctn4,104,5,7,zzzne021yOE,1,0
20260903,UCiLmCoftZHWXSFuQlnEJSsQ,PmD_nggctn4,104,4,14,PLQeeDcwUDqXl7iD8ejBjt5yw0F_BkCT_K,2,0
20260903,UCiLmCoftZHWXSFuQlnEJSsQ,PmD_nggctn4,105,5,14,my-likes,1,0
20260903,UCiLmCoftZHWXSFuQlnEJSsQ,PmD_nggctn4,102,29,18,unknown,1,0
20260903,UCiLmCoftZHWXSFuQlnEJSsQ,PmD_nggctn4,104,5,18,unknown,9,0
20260903,UCiLmCoftZHWXSFuQlnEJSsQ,S4tXGHeKBHs,101,2,3,what-to-watch,8,0
20260903,UCiLmCoftZHWXSFuQlnEJSsQ,S4tXGHeKBHs,101,9,3,what-to-watch,3,0
20260903,UCiLmCoftZHWXSFuQlnEJSsQ,S4tXGHeKBHs,102,1,3,what-to-watch,2,0
20260903,UCiLmCoftZHWXSFuQlnEJSsQ,S4tXGHeKBHs,102,4,3,what-to-watch,4,0
20260903,UCiLmCoftZHWXSFuQlnEJSsQ,S4tXGHeKBHs,102,19,3,what-to-watch,1,0
20260903,UCiLmCoftZHWXSFuQlnEJSsQ,S4tXGHeKBHs,102,29,3,what-to-watch,2,0
20260903,UCiLmCoftZHWXSFuQlnEJSsQ,S4tXGHeKBHs,102,31,3,what-to-watch,1,0
20260903,UCiLmCoftZHWXSFuQlnEJSsQ,S4tXGHeKBHs,103,10,3,what-to-watch,1,0
20260903,UCiLmCoftZHWXSFuQlnEJSsQ,S4tXGHeKBHs,104,4,3,what-to-watch,8,0.125
20260903,UCiLmCoftZHWXSFuQlnEJSsQ,S4tXGHeKBHs,104,5,3,what-to-watch,14,0
20260903,UCiLmCoftZHWXSFuQlnEJSsQ,S4tXGHeKBHs,105,5,3,what-to-watch,12,0.083333333333333329
20260903,UCiLmCoftZHWXSFuQlnEJSsQ,S4tXGHeKBHs,101,2,4,UCiLmCoftZHWXSFuQlnEJSsQ,1,0
20260903,UCiLmCoftZHWXSFuQlnEJSsQ,S4tXGHeKBHs,101,30,4,UCiLmCoftZHWXSFuQlnEJSsQ,1,0
20260903,UCiLmCoftZHWXSFuQlnEJSsQ,S4tXGHeKBHs,102,29,4,UCiLmCoftZHWXSFuQlnEJSsQ,1,0
20260903,UCiLmCoftZHWXSFuQlnEJSsQ,S4tXGHeKBHs,103,27,4,UCiLmCoftZHWXSFuQlnEJSsQ,1,0
20260903,UCiLmCoftZHWXSFuQlnEJSsQ,S4tXGHeKBHs,104,4,4,UCiLmCoftZHWXSFuQlnEJSsQ,1,0
20260903,UCiLmCoftZHWXSFuQlnEJSsQ,S4tXGHeKBHs,104,5,4,UCiLmCoftZHWXSFuQlnEJSsQ,19,0.052631578947368418
20260903,UCiLmCoftZHWXSFuQlnEJSsQ,S4tXGHeKBHs,105,5,4,UCiLmCoftZHWXSFuQlnEJSsQ,1,0
20260903,UCiLmCoftZHWXSFuQlnEJSsQ,S4tXGHeKBHs,101,9,5,unknown,1,0
20260903,UCiLmCoftZHWXSFuQlnEJSsQ,S4tXGHeKBHs,102,1,5,unknown,3,0
20260903,UCiLmCoftZHWXSFuQlnEJSsQ,S4tXGHeKBHs,102,4,5,unknown,5,0
20260903,UCiLmCoftZHWXSFuQlnEJSsQ,S4tXGHeKBHs,102,12,5,unknown,1,0
20260903,UCiLmCoftZHWXSFuQlnEJSsQ,S4tXGHeKBHs,102,19,5,unknown,3,0
20260903,UCiLmCoftZHWXSFuQlnEJSsQ,S4tXGHeKBHs,102,31,5,unknown,3,0
20260903,UCiLmCoftZHWXSFuQlnEJSsQ,S4tXGHeKBHs,103,10,5,unknown,1,0
20260903,UCiLmCoftZHWXSFuQlnEJSsQ,S4tXGHeKBHs,103,17,5,unknown,1,0
20260903,UCiLmCoftZHWXSFuQlnEJSsQ,S4tXGHeKBHs,104,4,5,unknown,7,0.14285714285714285
20260903,UCiLmCoftZHWXSFuQlnEJSsQ,S4tXGHeKBHs,104,5,5,unknown,13,0
20260903,UCiLmCoftZHWXSFuQlnEJSsQ,S4tXGHeKBHs,105,5,5,unknown,7,0
20260903,UCiLmCoftZHWXSFuQlnEJSsQ,S4tXGHeKBHs,102,4,7,-LGxusZlFUg,1,0
20260903,UCiLmCoftZHWXSFuQlnEJSsQ,S4tXGHeKBHs,104,5,7,-MN4InthzFY,1,1
20260903,UCiLmCoftZHWXSFuQlnEJSsQ,S4tXGHeKBHs,101,2,7,-uOeXAaTwYM,1,0
20260903,UCiLmCoftZHWXSFuQlnEJSsQ,S4tXGHeKBHs,101,2,7,-wyFdspHrt0,1,0
20260903,UCiLmCoftZHWXSFuQlnEJSsQ,S4tXGHeKBHs,101,2,7,-xV6kIyUP70,1,0
20260903,UCiLmCoftZHWXSFuQlnEJSsQ,S4tXGHeKBHs,105,5,7,0PVA8IbMSQw,1,0
20260903,UCiLmCoftZHWXSFuQlnEJSsQ,S4tXGHeKBHs,103,27,7,0g76elVK2jo,1,0
20260903,UCiLmCoftZHWXSFuQlnEJSsQ,S4tXGHeKBHs,101,2,7,0oNqUex3oGk,1,0
20260903,UCiLmCoftZHWXSFuQlnEJSsQ,S4tXGHeKBHs,103,10,7,1-XRa9QT8c8,1,0
20260903,UCiLmCoftZHWXSFuQlnEJSsQ,S4tXGHeKBHs,104,4,7,1_36Psr6txg,1,0
20260903,UCiLmCoftZHWXSFuQlnEJSsQ,S4tXGHeKBHs,104,4,7,1s-MVuXayVY,1,0
20260903,UCiLmCoftZHWXSFuQlnEJSsQ,S4tXGHeKBHs,103,27,7,23onNewjOf8,1,0
20260903,UCiLmCoftZHWXSFuQlnEJSsQ,S4tXGHeKBHs,101,2,7,2nOHrLolG08,1,0
20260903,UCiLmCoftZHWXSFuQlnEJSsQ,S4tXGHeKBHs,101,2,7,3Daq_eY13Rg,2,0
20260903,UCiLmCoftZHWXSFuQlnEJSsQ,S4tXGHeKBHs,101,2,7,3XNdA8L16o8,1,0
20260903,UCiLmCoftZHWXSFuQlnEJSsQ,S4tXGHeKBHs,101,2,7,3bDc9B8_7sA,1,0
20260903,UCiLmCoftZHWXSFuQlnEJSsQ,S4tXGHeKBHs,104,5,7,4p1xnGE0Ugo,1,0
20260903,UCiLmCoftZHWXSFuQlnEJSsQ,S4tXGHeKBHs,104,5,7,6C6y02sOrD8,1,0
20260903,UCiLmCoftZHWXSFuQlnEJSsQ,S4tXGHeKBHs,101,2,7,7W3LmNsEFcs,1,0
20260903,UCiLmCoftZHWXSFuQlnEJSsQ,S4tXGHeKBHs,101,9,7,7cwFIEqegIE,1,1
20260903,UCiLmCoftZHWXSFuQlnEJSsQ,S4tXGHeKBHs,103,10,7,8pqp4YdvyYI,1,0
20260903,UCiLmCoftZHWXSFuQlnEJSsQ,S4tXGHeKBHs,105,5,7,9-QA9AsnSrI,1,0
20260903,UCiLmCoftZHWXSFuQlnEJSsQ,S4tXGHeKBHs,104,5,7,9P2mI9aJCPk,1,0
20260903,UCiLmCoftZHWXSFuQlnEJSsQ,S4tXGHeKBHs,102,1,7,9SGVUi_eP9k,1,0
20260903,UCiLmCoftZHWXSFuQlnEJSsQ,S4tXGHeKBHs,104,5,7,9SGVUi_eP9k,1,0
20260903,UCiLmCoftZHWXSFuQlnEJSsQ,S4tXGHeKBHs,104,5,7,AT7FAQP83l8,1,0
20260903,UCiLmCoftZHWXSFuQlnEJSsQ,S4tXGHeKBHs,101,2,7,AUChW4SSwdM,1,0
20260903,UCiLmCoftZHWXSFuQlnEJSsQ,S4tXGHeKBHs,101,9,7,A_Sq5a9UnL0,1,0
20260903,UCiLmCoftZHWXSFuQlnEJSsQ,S4tXGHeKBHs,101,9,7,AglVOv4Reh4,1,0
20260903,UCiLmCoftZHWXSFuQlnEJSsQ,S4tXGHeKBHs,102,29,7,AglVOv4Reh4,1,0
20260903,UCiLmCoftZHWXSFuQlnEJSsQ,S4tXGHeKBHs,101,9,7,BJa3kuBQYHQ,2,0
20260903,UCiLmCoftZHWXSFuQlnEJSsQ,S4tXGHeKBHs,105,5,7,BJka3Hslur8,1,0
20260903,UCiLmCoftZHWXSFuQlnEJSsQ,S4tXGHeKBHs,102,31,7,C9PZKQPonxM,1,0
20260903,UCiLmCoftZHWXSFuQlnEJSsQ,S4tXGHeKBHs,101,2,7,CPsOm5GhS20,1,0
20260903,UCiLmCoftZHWXSFuQlnEJSsQ,S4tXGHeKBHs,102,19,7,ClpBk0qV3xQ,1,0
20260903,UCiLmCoftZHWXSFuQlnEJSsQ,S4tXGHeKBHs,105,5,7,Coao2BJDhFQ,1,0
20260903,UCiLmCoftZHWXSFuQlnEJSsQ,S4tXGHeKBHs,101,2,7,CufWTXuJk4Y,1,0
20260903,UCiLmCoftZHWXSFuQlnEJSsQ,S4tXGHeKBHs,102,19,7,D88Zd_OvaSs,1,0
20260903,UCiLmCoftZHWXSFuQlnEJSsQ,S4tXGHeKBHs,105,5,7,D88Zd_OvaSs,1,0
20260903,UCiLmCoftZHWXSFuQlnEJSsQ,S4tXGHeKBHs,104,5,7,Dh53Q97v0uI,2,0
20260903,UCiLmCoftZHWXSFuQlnEJSsQ,S4tXGHeKBHs,104,5,7,E8jzkkouBf0,1,0
20260903,UCiLmCoftZHWXSFuQlnEJSsQ,S4tXGHeKBHs,104,5,7,EIy5AlVzX8I,1,0
20260903,UCiLmCoftZHWXSFuQlnEJSsQ,S4tXGHeKBHs,102,4,7,ELSMSxcYRTI,1,0
20260903,UCiLmCoftZHWXSFuQlnEJSsQ,S4tXGHeKBHs,105,5,7,EdBUfaYVZgU,2,1
20260903,UCiLmCoftZHWXSFuQlnEJSsQ,S4tXGHeKBHs,101,2,7,EvoV01i7fRw,1,0
20260903,UCiLmCoftZHWXSFuQlnEJSsQ,S4tXGHeKBHs,102,4,7,EvoV01i7fRw,1,0
20260903,UCiLmCoftZHWXSFuQlnEJSsQ,S4tXGHeKBHs,101,2,7,EyPan2RExpM,1,0
20260903,UCiLmCoftZHWXSFuQlnEJSsQ,S4tXGHeKBHs,104,4,7,FC2uf0q90pY,1,0
20260903,UCiLmCoftZHWXSFuQlnEJSsQ,S4tXGHeKBHs,104,5,7,FEQlY4frm0o,1,0
20260903,UCiLmCoftZHWXSFuQlnEJSsQ,S4tXGHeKBHs,103,27,7,G2wAU1PjYQc,1,0
20260903,UCiLmCoftZHWXSFuQlnEJSsQ,S4tXGHeKBHs,104,5,7,GhducaS842g,2,0
20260903,UCiLmCoftZHWXSFuQlnEJSsQ,S4tXGHeKBHs,101,2,7,H7T1Q2WoBgQ,1,0
20260903,UCiLmCoftZHWXSFuQlnEJSsQ,S4tXGHeKBHs,101,9,7,HB9rr8-Th3c,1,0
20260903,UCiLmCoftZHWXSFuQlnEJSsQ,S4tXGHeKBHs,101,2,7,HgCgwKqeJBI,1,0
20260903,UCiLmCoftZHWXSFuQlnEJSsQ,S4tXGHeKBHs,104,5,7,KQi_MF-3M7I,2,0
20260903,UCiLmCoftZHWXSFuQlnEJSsQ,S4tXGHeKBHs,105,5,7,LDjpfy4q20w,1,0
20260903,UCiLmCoftZHWXSFuQlnEJSsQ,S4tXGHeKBHs,102,31,7,LzFLjBxtS1w,1,0
20260903,UCiLmCoftZHWXSFuQlnEJSsQ,S4tXGHeKBHs,104,5,7,MlDKpdVzYzw,1,0
20260903,UCiLmCoftZHWXSFuQlnEJSsQ,S4tXGHeKBHs,101,2,7,NIjk1LFnfTI,1,0
20260903,UCiLmCoftZHWXSFuQlnEJSsQ,S4tXGHeKBHs,104,5,7,NPxLi-Z2X1E,1,0
20260903,UCiLmCoftZHWXSFuQlnEJSsQ,S4tXGHeKBHs,104,5,7,NQa2cFOqaUY,1,1
20260903,UCiLmCoftZHWXSFuQlnEJSsQ,S4tXGHeKBHs,101,2,7,NeefeOr3avI,1,0
20260903,UCiLmCoftZHWXSFuQlnEJSsQ,S4tXGHeKBHs,102,4,7,Nfywx8Ox3HA,1,0
20260903,UCiLmCoftZHWXSFuQlnEJSsQ,S4tXGHeKBHs,104,4,7,O45D5qXXOVE,1,1
20260903,UCiLmCoftZHWXSFuQlnEJSsQ,S4tXGHeKBHs,104,4,7,OVWAzbbNSJ8,1,0
20260903,UCiLmCoftZHWXSFuQlnEJSsQ,S4tXGHeKBHs,104,5,7,OXoQfhhkfNw,1,1
20260903,UCiLmCoftZHWXSFuQlnEJSsQ,S4tXGHeKBHs,104,5,7,OrUIow3Sg34,1,0
20260903,UCiLmCoftZHWXSFuQlnEJSsQ,S4tXGHeKBHs,104,4,7,P68kiI8p-s0,1,0
20260903,UCiLmCoftZHWXSFuQlnEJSsQ,S4tXGHeKBHs,101,2,7,PmD_nggctn4,1,0
20260903,UCiLmCoftZHWXSFuQlnEJSsQ,S4tXGHeKBHs,104,4,7,PmD_nggctn4,1,0
20260903,UCiLmCoftZHWXSFuQlnEJSsQ,S4tXGHeKBHs,104,5,7,PmD_nggctn4,6,0.33333333333333331
20260903,UCiLmCoftZHWXSFuQlnEJSsQ,S4tXGHeKBHs,105,5,7,PmD_nggctn4,2,0
20260903,UCiLmCoftZHWXSFuQlnEJSsQ,S4tXGHeKBHs,101,2,7,QrcKh-tuAzA,1,0
20260903,UCiLmCoftZHWXSFuQlnEJSsQ,S4tXGHeKBHs,101,2,7,RYnHZr4U6sk,1,0
20260903,UCiLmCoftZHWXSFuQlnEJSsQ,S4tXGHeKBHs,104,5,7,Ry-wuAJgrow,1,0
20260903,UCiLmCoftZHWXSFuQlnEJSsQ,S4tXGHeKBHs,101,2,7,S0Ldt25xQC8,1,0
20260903,UCiLmCoftZHWXSFuQlnEJSsQ,S4tXGHeKBHs,101,2,7,SlDTZdCoX7w,1,0
20260903,UCiLmCoftZHWXSFuQlnEJSsQ,S4tXGHeKBHs,104,5,7,SlDTZdCoX7w,1,0
20260903,UCiLmCoftZHWXSFuQlnEJSsQ,S4tXGHeKBHs,104,4,7,T3qofFG5qZw,1,0
20260903,UCiLmCoftZHWXSFuQlnEJSsQ,S4tXGHeKBHs,101,9,7,T98reUdqWfY,2,0
20260903,UCiLmCoftZHWXSFuQlnEJSsQ,S4tXGHeKBHs,104,4,7,TLuPGGrLBcY,1,0
20260903,UCiLmCoftZHWXSFuQlnEJSsQ,S4tXGHeKBHs,102,4,7,TTSmYHjLpcM,1,0
20260903,UCiLmCoftZHWXSFuQlnEJSsQ,S4tXGHeKBHs,102,4,7,VNOSsBtWnpw,1,0
20260903,UCiLmCoftZHWXSFuQlnEJSsQ,S4tXGHeKBHs,101,2,7,VOjrLMjS0kg,1,0
20260903,UCiLmCoftZHWXSFuQlnEJSsQ,S4tXGHeKBHs,101,2,7,VSncT9FagDw,1,0
20260903,UCiLmCoftZHWXSFuQlnEJSsQ,S4tXGHeKBHs,103,10,7,XS60uqv1xwk,1,0
20260903,UCiLmCoftZHWXSFuQlnEJSsQ,S4tXGHeKBHs,102,29,7,XkXSRmX_cjY,1,0
20260903,UCiLmCoftZHWXSFuQlnEJSsQ,S4tXGHeKBHs,104,5,7,XqI1i_Vkpy8,1,0
20260903,UCiLmCoftZHWXSFuQlnEJSsQ,S4tXGHeKBHs,104,4,7,YQQwPnbwHZI,1,0
20260903,UCiLmCoftZHWXSFuQlnEJSsQ,S4tXGHeKBHs,102,1,7,ZDaYw_5T57w,1,0
20260903,UCiLmCoftZHWXSFuQlnEJSsQ,S4tXGHeKBHs,101,2,7,ZvcocaoXJzo,1,0
20260903,UCiLmCoftZHWXSFuQlnEJSsQ,S4tXGHeKBHs,102,4,7,ZvcocaoXJzo,1,0
20260903,UCiLmCoftZHWXSFuQlnEJSsQ,S4tXGHeKBHs,101,2,7,ZvnJTKAPmX4,1,0
20260903,UCiLmCoftZHWXSFuQlnEJSsQ,S4tXGHeKBHs,102,1,7,_9CWaOPfRS8,1,0
20260903,UCiLmCoftZHWXSFuQlnEJSsQ,S4tXGHeKBHs,101,30,7,_Q46CvLDo4M,1,0
20260903,UCiLmCoftZHWXSFuQlnEJSsQ,S4tXGHeKBHs,104,5,7,__EXJJqmdEM,2,0
20260903,UCiLmCoftZHWXSFuQlnEJSsQ,S4tXGHeKBHs,102,1,7,_l7l5BH4h_s,1,0
20260903,UCiLmCoftZHWXSFuQlnEJSsQ,S4tXGHeKBHs,105,5,7,_l7l5BH4h_s,1,0
20260903,UCiLmCoftZHWXSFuQlnEJSsQ,S4tXGHeKBHs,104,5,7,_wwI5ruSPSg,2,0
20260903,UCiLmCoftZHWXSFuQlnEJSsQ,S4tXGHeKBHs,103,10,7,a9U4uap71ME,1,0
20260903,UCiLmCoftZHWXSFuQlnEJSsQ,S4tXGHeKBHs,102,4,7,ck0Knx13vk8,1,1
20260903,UCiLmCoftZHWXSFuQlnEJSsQ,S4tXGHeKBHs,104,5,7,ck0Knx13vk8,1,0
20260903,UCiLmCoftZHWXSFuQlnEJSsQ,S4tXGHeKBHs,103,27,7,d9pWU79g3z8,1,0
20260903,UCiLmCoftZHWXSFuQlnEJSsQ,S4tXGHeKBHs,105,5,7,dTMPQ-2xoSY,1,0
20260903,UCiLmCoftZHWXSFuQlnEJSsQ,S4tXGHeKBHs,101,30,7,d_dpLTKcZTk,1,0
20260903,UCiLmCoftZHWXSFuQlnEJSsQ,S4tXGHeKBHs,101,2,7,dhys8ycR5Iw,1,0
20260903,UCiLmCoftZHWXSFuQlnEJSsQ,S4tXGHeKBHs,104,4,7,dhys8ycR5Iw,1,0
20260903,UCiLmCoftZHWXSFuQlnEJSsQ,S4tXGHeKBHs,104,5,7,dhys8ycR5Iw,2,0
20260903,UCiLmCoftZHWXSFuQlnEJSsQ,S4tXGHeKBHs,105,5,7,dhys8ycR5Iw,1,0
20260903,UCiLmCoftZHWXSFuQlnEJSsQ,S4tXGHeKBHs,104,4,7,ej6CtBsI_Yk,1,0
20260903,UCiLmCoftZHWXSFuQlnEJSsQ,S4tXGHeKBHs,104,5,7,ej6CtBsI_Yk,1,1
20260903,UCiLmCoftZHWXSFuQlnEJSsQ,S4tXGHeKBHs,101,2,7,g1GPX8SlOmU,1,0
20260903,UCiLmCoftZHWXSFuQlnEJSsQ,S4tXGHeKBHs,104,5,7,g1GPX8SlOmU,1,0
20260903,UCiLmCoftZHWXSFuQlnEJSsQ,S4tXGHeKBHs,105,5,7,g1GPX8SlOmU,1,0
20260903,UCiLmCoftZHWXSFuQlnEJSsQ,S4tXGHeKBHs,101,2,7,hCD37B6EdxQ,1,0
20260903,UCiLmCoftZHWXSFuQlnEJSsQ,S4tXGHeKBHs,105,5,7,hLYMD6R6PvU,1,1
20260903,UCiLmCoftZHWXSFuQlnEJSsQ,S4tXGHeKBHs,103,10,7,hrdwgGLO2ok,1,0
20260903,UCiLmCoftZHWXSFuQlnEJSsQ,S4tXGHeKBHs,101,2,7,hx5-cCJD_j4,1,0
20260903,UCiLmCoftZHWXSFuQlnEJSsQ,S4tXGHeKBHs,105,5,7,i8geJf2vm4w,1,0
20260903,UCiLmCoftZHWXSFuQlnEJSsQ,S4tXGHeKBHs,104,5,7,iRiGgMwdJgM,1,0
20260903,UCiLmCoftZHWXSFuQlnEJSsQ,S4tXGHeKBHs,102,1,7,inYAxsfbLhQ,1,0
20260903,UCiLmCoftZHWXSFuQlnEJSsQ,S4tXGHeKBHs,101,2,7,jhJ6x3RkHIo,1,0
20260903,UCiLmCoftZHWXSFuQlnEJSsQ,S4tXGHeKBHs,101,2,7,jyWWiBo2Osc,1,0
20260903,UCiLmCoftZHWXSFuQlnEJSsQ,S4tXGHeKBHs,101,2,7,kCLlwiW_MTM,1,0
20260903,UCiLmCoftZHWXSFuQlnEJSsQ,S4tXGHeKBHs,101,2,7,kIm4dcF6XDY,1,0
20260903,UCiLmCoftZHWXSFuQlnEJSsQ,S4tXGHeKBHs,101,2,7,kIxhoEoAr8M,1,0
20260903,UCiLmCoftZHWXSFuQlnEJSsQ,S4tXGHeKBHs,103,27,7,kSCTOA_v8aU,1,0
20260903,UCiLmCoftZHWXSFuQlnEJSsQ,S4tXGHeKBHs,102,4,7,kbGEj8Z3CXY,1,0
20260903,UCiLmCoftZHWXSFuQlnEJSsQ,S4tXGHeKBHs,102,4,7,kc70-F6lTHY,1,0
20260903,UCiLmCoftZHWXSFuQlnEJSsQ,S4tXGHeKBHs,105,5,7,kflrt-JJOYE,1,1
20260903,UCiLmCoftZHWXSFuQlnEJSsQ,S4tXGHeKBHs,104,5,7,knx41ucT7Ws,1,0
20260903,UCiLmCoftZHWXSFuQlnEJSsQ,S4tXGHeKBHs,103,27,7,ksQHvvr2eYY,1,0
20260903,UCiLmCoftZHWXSFuQlnEJSsQ,S4tXGHeKBHs,104,5,7,lcXcT9tG0_4,1,0
20260903,UCiLmCoftZHWXSFuQlnEJSsQ,S4tXGHeKBHs,105,5,7,lli3G9oHEkY,1,0
20260903,UCiLmCoftZHWXSFuQlnEJSsQ,S4tXGHeKBHs,104,5,7,lsohlGG2nf8,1,0
20260903,UCiLmCoftZHWXSFuQlnEJSsQ,S4tXGHeKBHs,101,2,7,ncIoq_1eYK0,1,0
20260903,UCiLmCoftZHWXSFuQlnEJSsQ,S4tXGHeKBHs,102,1,7,neOM6vR8aA8,1,0
20260903,UCiLmCoftZHWXSFuQlnEJSsQ,S4tXGHeKBHs,104,5,7,oWeyDybGRTo,1,0
20260903,UCiLmCoftZHWXSFuQlnEJSsQ,S4tXGHeKBHs,101,2,7,oeFnCbH2GTQ,1,0
20260903,UCiLmCoftZHWXSFuQlnEJSsQ,S4tXGHeKBHs,104,5,7,ogh0HVpi8LI,1,0
20260903,UCiLmCoftZHWXSFuQlnEJSsQ,S4tXGHeKBHs,101,2,7,ohdDJpMuBco,1,0
20260903,UCiLmCoftZHWXSFuQlnEJSsQ,S4tXGHeKBHs,104,5,7,pE6Pi35mojw,1,0
20260903,UCiLmCoftZHWXSFuQlnEJSsQ,S4tXGHeKBHs,104,5,7,pNmp8UL3Wwk,1,0
20260903,UCiLmCoftZHWXSFuQlnEJSsQ,S4tXGHeKBHs,101,2,7,q561Gmxf9DA,1,0
20260903,UCiLmCoftZHWXSFuQlnEJSsQ,S4tXGHeKBHs,104,5,7,q561Gmxf9DA,2,0
20260903,UCiLmCoftZHWXSFuQlnEJSsQ,S4tXGHeKBHs,104,4,7,qyNt1dBC3Co,1,0
20260903,UCiLmCoftZHWXSFuQlnEJSsQ,S4tXGHeKBHs,101,2,7,rSNhDgGJvPU,2,0
20260903,UCiLmCoftZHWXSFuQlnEJSsQ,S4tXGHeKBHs,101,2,7,rVD-nObKeXs,1,1
20260903,UCiLmCoftZHWXSFuQlnEJSsQ,S4tXGHeKBHs,103,27,7,rZdtVer9Yow,1,0
20260903,UCiLmCoftZHWXSFuQlnEJSsQ,S4tXGHeKBHs,101,2,7,rnmdrHrVpSw,1,0
20260903,UCiLmCoftZHWXSFuQlnEJSsQ,S4tXGHeKBHs,104,5,7,rzaZGKz6Ttc,1,0
20260903,UCiLmCoftZHWXSFuQlnEJSsQ,S4tXGHeKBHs,101,2,7,sS952n4NxH4,1,0
20260903,UCiLmCoftZHWXSFuQlnEJSsQ,S4tXGHeKBHs,102,29,7,t1c6k8RTW7c,1,0
20260903,UCiLmCoftZHWXSFuQlnEJSsQ,S4tXGHeKBHs,104,5,7,u-kNZlfF9A0,1,0
20260903,UCiLmCoftZHWXSFuQlnEJSsQ,S4tXGHeKBHs,105,5,7,u-kNZlfF9A0,1,1
20260903,UCiLmCoftZHWXSFuQlnEJSsQ,S4tXGHeKBHs,101,2,7,v_27821_cck,1,0
20260903,UCiLmCoftZHWXSFuQlnEJSsQ,S4tXGHeKBHs,101,2,7,wgdxF_YD1uM,1,0
20260903,UCiLmCoftZHWXSFuQlnEJSsQ,S4tXGHeKBHs,102,12,7,xgSD7YMOips,1,0
20260903,UCiLmCoftZHWXSFuQlnEJSsQ,S4tXGHeKBHs,105,5,7,xoF8ChIfa1U,1,0
20260903,UCiLmCoftZHWXSFuQlnEJSsQ,S4tXGHeKBHs,101,2,7,y_yI4t1aTfs,3,0
20260903,UCiLmCoftZHWXSFuQlnEJSsQ,S4tXGHeKBHs,104,5,7,y_yI4t1aTfs,1,1
20260903,UCiLmCoftZHWXSFuQlnEJSsQ,S4tXGHeKBHs,104,4,7,yaSLOXeamyw,1,0
20260903,UCiLmCoftZHWXSFuQlnEJSsQ,S4tXGHeKBHs,104,5,7,ziGbKBlwfuE,1,1
20260903,UCiLmCoftZHWXSFuQlnEJSsQ,S4tXGHeKBHs,104,4,18,unknown,1,0
20260903,UCiLmCoftZHWXSFuQlnEJSsQ,S4tXGHeKBHs,104,5,18,unknown,5,0
20260903,UCiLmCoftZHWXSFuQlnEJSsQ,SlDTZdCoX7w,102,29,3,/my_subscriptions,2,0
20260903,UCiLmCoftZHWXSFuQlnEJSsQ,SlDTZdCoX7w,104,4,3,/my_subscriptions,6,0
20260903,UCiLmCoftZHWXSFuQlnEJSsQ,SlDTZdCoX7w,104,5,3,/my_subscriptions,8,0
20260903,UCiLmCoftZHWXSFuQlnEJSsQ,SlDTZdCoX7w,105,5,3,/my_subscriptions,1,0
20260903,UCiLmCoftZHWXSFuQlnEJSsQ,SlDTZdCoX7w,101,1,3,what-to-watch,1,0
20260903,UCiLmCoftZHWXSFuQlnEJSsQ,SlDTZdCoX7w,101,2,3,what-to-watch,289,0.058823529411764705
20260903,UCiLmCoftZHWXSFuQlnEJSsQ,SlDTZdCoX7w,101,9,3,what-to-watch,72,0.027777777777777776
20260903,UCiLmCoftZHWXSFuQlnEJSsQ,SlDTZdCoX7w,101,30,3,what-to-watch,19,0
20260903,UCiLmCoftZHWXSFuQlnEJSsQ,SlDTZdCoX7w,102,1,3,what-to-watch,60,0.033333333333333333
20260903,UCiLmCoftZHWXSFuQlnEJSsQ,SlDTZdCoX7w,102,4,3,what-to-watch,176,0.005681818181818182
20260903,UCiLmCoftZHWXSFuQlnEJSsQ,SlDTZdCoX7w,102,12,3,what-to-watch,6,0
20260903,UCiLmCoftZHWXSFuQlnEJSsQ,SlDTZdCoX7w,102,13,3,what-to-watch,1,0
20260903,UCiLmCoftZHWXSFuQlnEJSsQ,SlDTZdCoX7w,102,19,3,what-to-watch,37,0.10810810810810811
20260903,UCiLmCoftZHWXSFuQlnEJSsQ,SlDTZdCoX7w,102,21,3,what-to-watch,2,0
20260903,UCiLmCoftZHWXSFuQlnEJSsQ,SlDTZdCoX7w,102,28,3,what-to-watch,5,0
20260903,UCiLmCoftZHWXSFuQlnEJSsQ,SlDTZdCoX7w,102,29,3,what-to-watch,139,0.014388489208633094
20260903,UCiLmCoftZHWXSFuQlnEJSsQ,SlDTZdCoX7w,102,31,3,what-to-watch,77,0.03896103896103896
20260903,UCiLmCoftZHWXSFuQlnEJSsQ,SlDTZdCoX7w,103,10,3,what-to-watch,76,0.039473684210526314
20260903,UCiLmCoftZHWXSFuQlnEJSsQ,SlDTZdCoX7w,103,27,3,what-to-watch,36,0.055555555555555552
20260903,UCiLmCoftZHWXSFuQlnEJSsQ,SlDTZdCoX7w,104,4,3,what-to-watch,266,0.082706766917293228
20260903,UCiLmCoftZHWXSFuQlnEJSsQ,SlDTZdCoX7w,104,5,3,what-to-watch,1127,0.069210292812777283
20260903,UCiLmCoftZHWXSFuQlnEJSsQ,SlDTZdCoX7w,105,4,3,what-to-watch,4,0
20260903,UCiLmCoftZHWXSFuQlnEJSsQ,SlDTZdCoX7w,105,5,3,what-to-watch,887,0.030439684329199548
20260903,UCiLmCoftZHWXSFuQlnEJSsQ,SlDTZdCoX7w,101,9,4,UCS7HVTPZ1h4vMz-3IX7rbTA,1,0
20260903,UCiLmCoftZHWXSFuQlnEJSsQ,SlDTZdCoX7w,101,2,4,UCiLmCoftZHWXSFuQlnEJSsQ,4,0
20260903,UCiLmCoftZHWXSFuQlnEJSsQ,SlDTZdCoX7w,101,9,4,UCiLmCoftZHWXSFuQlnEJSsQ,2,0
20260903,UCiLmCoftZHWXSFuQlnEJSsQ,SlDTZdCoX7w,102,29,4,UCiLmCoftZHWXSFuQlnEJSsQ,2,0
20260903,UCiLmCoftZHWXSFuQlnEJSsQ,SlDTZdCoX7w,103,27,4,UCiLmCoftZHWXSFuQlnEJSsQ,1,0
20260903,UCiLmCoftZHWXSFuQlnEJSsQ,SlDTZdCoX7w,104,4,4,UCiLmCoftZHWXSFuQlnEJSsQ,7,0
20260903,UCiLmCoftZHWXSFuQlnEJSsQ,SlDTZdCoX7w,104,5,4,UCiLmCoftZHWXSFuQlnEJSsQ,40,0.125
20260903,UCiLmCoftZHWXSFuQlnEJSsQ,SlDTZdCoX7w,105,5,4,UCiLmCoftZHWXSFuQlnEJSsQ,3,0
20260903,UCiLmCoftZHWXSFuQlnEJSsQ,SlDTZdCoX7w,101,2,5,unknown,37,0.054054054054054057
20260903,UCiLmCoftZHWXSFuQlnEJSsQ,SlDTZdCoX7w,101,9,5,unknown,18,0.16666666666666666
20260903,UCiLmCoftZHWXSFuQlnEJSsQ,SlDTZdCoX7w,101,30,5,unknown,2,0
20260903,UCiLmCoftZHWXSFuQlnEJSsQ,SlDTZdCoX7w,102,1,5,unknown,13,0
20260903,UCiLmCoftZHWXSFuQlnEJSsQ,SlDTZdCoX7w,102,4,5,unknown,55,0
20260903,UCiLmCoftZHWXSFuQlnEJSsQ,SlDTZdCoX7w,102,12,5,unknown,1,0
20260903,UCiLmCoftZHWXSFuQlnEJSsQ,SlDTZdCoX7w,102,19,5,unknown,6,0.16666666666666666
20260903,UCiLmCoftZHWXSFuQlnEJSsQ,SlDTZdCoX7w,102,29,5,unknown,33,0.060606060606060608
20260903,UCiLmCoftZHWXSFuQlnEJSsQ,SlDTZdCoX7w,102,31,5,unknown,15,0
20260903,UCiLmCoftZHWXSFuQlnEJSsQ,SlDTZdCoX7w,103,10,5,unknown,7,0.14285714285714285
20260903,UCiLmCoftZHWXSFuQlnEJSsQ,SlDTZdCoX7w,103,27,5,unknown,11,0
20260903,UCiLmCoftZHWXSFuQlnEJSsQ,SlDTZdCoX7w,104,4,5,unknown,217,0.023041474654377881
20260903,UCiLmCoftZHWXSFuQlnEJSsQ,SlDTZdCoX7w,104,5,5,unknown,474,0.073839662447257384
20260903,UCiLmCoftZHWXSFuQlnEJSsQ,SlDTZdCoX7w,105,5,5,unknown,85,0.047058823529411764
20260903,UCiLmCoftZHWXSFuQlnEJSsQ,SlDTZdCoX7w,102,4,7,-Gy2O3B26Es,1,0
20260903,UCiLmCoftZHWXSFuQlnEJSsQ,SlDTZdCoX7w,101,2,7,-ILiCnPWURE,1,0
20260903,UCiLmCoftZHWXSFuQlnEJSsQ,SlDTZdCoX7w,101,30,7,-MN4InthzFY,1,0
20260903,UCiLmCoftZHWXSFuQlnEJSsQ,SlDTZdCoX7w,103,27,7,-MN4InthzFY,1,0
20260903,UCiLmCoftZHWXSFuQlnEJSsQ,SlDTZdCoX7w,104,5,7,-N8vl7xnRg4,1,0
20260903,UCiLmCoftZHWXSFuQlnEJSsQ,SlDTZdCoX7w,104,5,7,-QMlPYHugUc,1,0
20260903,UCiLmCoftZHWXSFuQlnEJSsQ,SlDTZdCoX7w,104,5,7,-ZxNQe2j5DA,1,0
20260903,UCiLmCoftZHWXSFuQlnEJSsQ,SlDTZdCoX7w,102,4,7,-dTkYX0EVr4,1,0
20260903,UCiLmCoftZHWXSFuQlnEJSsQ,SlDTZdCoX7w,101,2,7,-diBRfh5Uz8,1,0
20260903,UCiLmCoftZHWXSFuQlnEJSsQ,SlDTZdCoX7w,104,5,7,-diBRfh5Uz8,1,0
20260903,UCiLmCoftZHWXSFuQlnEJSsQ,SlDTZdCoX7w,104,5,7,-lgrDrCtzsk,1,0
20260903,UCiLmCoftZHWXSFuQlnEJSsQ,SlDTZdCoX7w,104,5,7,-mGrX6ns3D0,1,0
20260903,UCiLmCoftZHWXSFuQlnEJSsQ,SlDTZdCoX7w,104,5,7,-mvJKWZfCP0,1,0
20260903,UCiLmCoftZHWXSFuQlnEJSsQ,SlDTZdCoX7w,101,2,7,-tC_X0f6WEo,1,0
20260903,UCiLmCoftZHWXSFuQlnEJSsQ,SlDTZdCoX7w,104,5,7,-tC_X0f6WEo,3,0
20260903,UCiLmCoftZHWXSFuQlnEJSsQ,SlDTZdCoX7w,101,2,7,-wyFdspHrt0,1,0
20260903,UCiLmCoftZHWXSFuQlnEJSsQ,SlDTZdCoX7w,104,5,7,-wyFdspHrt0,1,0
20260903,UCiLmCoftZHWXSFuQlnEJSsQ,SlDTZdCoX7w,102,29,7,04b7_DhL-_k,1,0
20260903,UCiLmCoftZHWXSFuQlnEJSsQ,SlDTZdCoX7w,104,5,7,04b7_DhL-_k,1,0
20260903,UCiLmCoftZHWXSFuQlnEJSsQ,SlDTZdCoX7w,104,5,7,09WFbtIltJY,1,0
20260903,UCiLmCoftZHWXSFuQlnEJSsQ,SlDTZdCoX7w,102,31,7,0ExAS1lmMJg,1,0
20260903,UCiLmCoftZHWXSFuQlnEJSsQ,SlDTZdCoX7w,103,27,7,0ExAS1lmMJg,1,0
20260903,UCiLmCoftZHWXSFuQlnEJSsQ,SlDTZdCoX7w,102,4,7,0Jr8nkQBK20,1,0
20260903,UCiLmCoftZHWXSFuQlnEJSsQ,SlDTZdCoX7w,102,1,7,0SmU19Siq2M,1,0
20260903,UCiLmCoftZHWXSFuQlnEJSsQ,SlDTZdCoX7w,102,29,7,0VBib8nCBd0,1,0
20260903,UCiLmCoftZHWXSFuQlnEJSsQ,SlDTZdCoX7w,104,4,7,0aEgFTk7B9o,1,0
20260903,UCiLmCoftZHWXSFuQlnEJSsQ,SlDTZdCoX7w,101,9,7,0aoL0aAI18s,1,0
20260903,UCiLmCoftZHWXSFuQlnEJSsQ,SlDTZdCoX7w,101,9,7,0fZPso2zFDM,1,0
20260903,UCiLmCoftZHWXSFuQlnEJSsQ,SlDTZdCoX7w,105,5,7,0g76elVK2jo,1,0
20260903,UCiLmCoftZHWXSFuQlnEJSsQ,SlDTZdCoX7w,102,4,7,0gvrLAh8_F4,1,0
20260903,UCiLmCoftZHWXSFuQlnEJSsQ,SlDTZdCoX7w,104,5,7,0h2Hfa71DjI,1,0
20260903,UCiLmCoftZHWXSFuQlnEJSsQ,SlDTZdCoX7w,104,5,7,0sZdNJ_RcnI,1,0
20260903,UCiLmCoftZHWXSFuQlnEJSsQ,SlDTZdCoX7w,103,10,7,0v9URN7Ox4E,1,0
20260903,UCiLmCoftZHWXSFuQlnEJSsQ,SlDTZdCoX7w,104,5,7,0v9URN7Ox4E,1,0
20260903,UCiLmCoftZHWXSFuQlnEJSsQ,SlDTZdCoX7w,104,5,7,0yOGe_A7384,1,0
20260903,UCiLmCoftZHWXSFuQlnEJSsQ,SlDTZdCoX7w,101,2,7,12Hm545wEBY,1,0
20260903,UCiLmCoftZHWXSFuQlnEJSsQ,SlDTZdCoX7w,104,5,7,12xMXMT5d10,1,0
20260903,UCiLmCoftZHWXSFuQlnEJSsQ,SlDTZdCoX7w,102,4,7,13D4Q4BcfIQ,1,1
20260903,UCiLmCoftZHWXSFuQlnEJSsQ,SlDTZdCoX7w,104,5,7,15SoDtANm68,1,0
20260903,UCiLmCoftZHWXSFuQlnEJSsQ,SlDTZdCoX7w,102,29,7,1Cy9oaBAxns,1,0
20260903,UCiLmCoftZHWXSFuQlnEJSsQ,SlDTZdCoX7w,102,1,7,1IY3x8mSbtE,1,0
20260903,UCiLmCoftZHWXSFuQlnEJSsQ,SlDTZdCoX7w,102,4,7,1QLZfSE6X3Q,1,0
20260903,UCiLmCoftZHWXSFuQlnEJSsQ,SlDTZdCoX7w,101,2,7,1QOkeT0cO4Q,1,0
20260903,UCiLmCoftZHWXSFuQlnEJSsQ,SlDTZdCoX7w,103,27,7,1VjPy45toO4,1,0
20260903,UCiLmCoftZHWXSFuQlnEJSsQ,SlDTZdCoX7w,104,5,7,1VjPy45toO4,1,0
20260903,UCiLmCoftZHWXSFuQlnEJSsQ,SlDTZdCoX7w,104,4,7,1_36Psr6txg,1,0
20260903,UCiLmCoftZHWXSFuQlnEJSsQ,SlDTZdCoX7w,104,5,7,1_36Psr6txg,1,0
20260903,UCiLmCoftZHWXSFuQlnEJSsQ,SlDTZdCoX7w,102,29,7,1jUO-ySCCIA,1,0
20260903,UCiLmCoftZHWXSFuQlnEJSsQ,SlDTZdCoX7w,102,1,7,1klQB5hGyfg,1,0
20260903,UCiLmCoftZHWXSFuQlnEJSsQ,SlDTZdCoX7w,102,4,7,1oDy_R_PtSI,1,0
20260903,UCiLmCoftZHWXSFuQlnEJSsQ,SlDTZdCoX7w,102,4,7,2Po0b-eZvVM,1,0
20260903,UCiLmCoftZHWXSFuQlnEJSsQ,SlDTZdCoX7w,101,2,7,2WlZNbOiAZI,1,0
20260903,UCiLmCoftZHWXSFuQlnEJSsQ,SlDTZdCoX7w,102,4,7,2XP22eF5nvg,1,0
20260903,UCiLmCoftZHWXSFuQlnEJSsQ,SlDTZdCoX7w,104,5,7,2e_dAylgvlA,1,0
20260903,UCiLmCoftZHWXSFuQlnEJSsQ,SlDTZdCoX7w,102,1,7,2gAoJ8MDkw8,1,0
20260903,UCiLmCoftZHWXSFuQlnEJSsQ,SlDTZdCoX7w,101,2,7,2izyUmENljI,1,1
20260903,UCiLmCoftZHWXSFuQlnEJSsQ,SlDTZdCoX7w,101,2,7,2nOHrLolG08,1,0
20260903,UCiLmCoftZHWXSFuQlnEJSsQ,SlDTZdCoX7w,103,27,7,2nOHrLolG08,1,0
20260903,UCiLmCoftZHWXSFuQlnEJSsQ,SlDTZdCoX7w,104,5,7,2oOy4iQe63E,1,0
20260903,UCiLmCoftZHWXSFuQlnEJSsQ,SlDTZdCoX7w,104,5,7,2syYhM8sGHg,1,0
20260903,UCiLmCoftZHWXSFuQlnEJSsQ,SlDTZdCoX7w,102,4,7,2udLA8-QuD8,1,0
20260903,UCiLmCoftZHWXSFuQlnEJSsQ,SlDTZdCoX7w,101,2,7,3099DYz_cZY,2,0
20260903,UCiLmCoftZHWXSFuQlnEJSsQ,SlDTZdCoX7w,103,10,7,3099DYz_cZY,1,0
20260903,UCiLmCoftZHWXSFuQlnEJSsQ,SlDTZdCoX7w,104,5,7,3099DYz_cZY,1,0
20260903,UCiLmCoftZHWXSFuQlnEJSsQ,SlDTZdCoX7w,102,4,7,37Jacu4FvRA,1,0
20260903,UCiLmCoftZHWXSFuQlnEJSsQ,SlDTZdCoX7w,102,1,7,39LLndtOHbc,1,0
20260903,UCiLmCoftZHWXSFuQlnEJSsQ,SlDTZdCoX7w,102,4,7,3H00kxHOY6s,1,0
20260903,UCiLmCoftZHWXSFuQlnEJSsQ,SlDTZdCoX7w,101,2,7,3K_9mug2R0w,1,0
20260903,UCiLmCoftZHWXSFuQlnEJSsQ,SlDTZdCoX7w,102,31,7,3LNH6NT0T7E,1,0
20260903,UCiLmCoftZHWXSFuQlnEJSsQ,SlDTZdCoX7w,102,4,7,3MnwOmlncdo,1,0
20260903,UCiLmCoftZHWXSFuQlnEJSsQ,SlDTZdCoX7w,104,4,7,3TiqN_VDivE,1,0
20260903,UCiLmCoftZHWXSFuQlnEJSsQ,SlDTZdCoX7w,104,4,7,3ZABcYFpkjY,1,0
20260903,UCiLmCoftZHWXSFuQlnEJSsQ,SlDTZdCoX7w,101,2,7,3h2EAeZr5kc,1,0
20260903,UCiLmCoftZHWXSFuQlnEJSsQ,SlDTZdCoX7w,101,2,7,3o6_APtOZKo,1,0
20260903,UCiLmCoftZHWXSFuQlnEJSsQ,SlDTZdCoX7w,102,29,7,3uXEFePxAH0,1,0
20260903,UCiLmCoftZHWXSFuQlnEJSsQ,SlDTZdCoX7w,102,4,7,4FMru_lH-lo,1,0
20260903,UCiLmCoftZHWXSFuQlnEJSsQ,SlDTZdCoX7w,103,10,7,4HqkThS44uI,1,0
20260903,UCiLmCoftZHWXSFuQlnEJSsQ,SlDTZdCoX7w,102,4,7,4InYPFUYJwM,1,1
20260903,UCiLmCoftZHWXSFuQlnEJSsQ,SlDTZdCoX7w,102,29,7,4InYPFUYJwM,1,0
20260903,UCiLmCoftZHWXSFuQlnEJSsQ,SlDTZdCoX7w,102,4,7,4Kz15bZDgJ8,1,0
20260903,UCiLmCoftZHWXSFuQlnEJSsQ,SlDTZdCoX7w,104,5,7,4R9utqQ88O4,1,0
20260903,UCiLmCoftZHWXSFuQlnEJSsQ,SlDTZdCoX7w,104,5,7,4XgZrgsVYuc,1,0
20260903,UCiLmCoftZHWXSFuQlnEJSsQ,SlDTZdCoX7w,103,27,7,4dNHYwVx7sM,1,0
20260903,UCiLmCoftZHWXSFuQlnEJSsQ,SlDTZdCoX7w,101,9,7,4eQ4RLqk_BA,1,0
20260903,UCiLmCoftZHWXSFuQlnEJSsQ,SlDTZdCoX7w,104,5,7,4fbu37bYZYQ,1,0
20260903,UCiLmCoftZHWXSFuQlnEJSsQ,SlDTZdCoX7w,101,2,7,4hvcgn1FGGk,1,0
20260903,UCiLmCoftZHWXSFuQlnEJSsQ,SlDTZdCoX7w,103,27,7,4hvcgn1FGGk,1,1
20260903,UCiLmCoftZHWXSFuQlnEJSsQ,SlDTZdCoX7w,101,2,7,4l4m-_3Gdb4,1,0
20260903,UCiLmCoftZHWXSFuQlnEJSsQ,SlDTZdCoX7w,102,1,7,4p1xnGE0Ugo,1,0
20260903,UCiLmCoftZHWXSFuQlnEJSsQ,SlDTZdCoX7w,102,29,7,4p1xnGE0Ugo,1,0
20260903,UCiLmCoftZHWXSFuQlnEJSsQ,SlDTZdCoX7w,104,5,7,4p1xnGE0Ugo,1,0
20260903,UCiLmCoftZHWXSFuQlnEJSsQ,SlDTZdCoX7w,104,5,7,4v0_nY2OeuY,1,0
20260903,UCiLmCoftZHWXSFuQlnEJSsQ,SlDTZdCoX7w,102,1,7,4wKVGAQiOfk,1,0
20260903,UCiLmCoftZHWXSFuQlnEJSsQ,SlDTZdCoX7w,103,27,7,4xBmuiQNGdc,1,0
20260903,UCiLmCoftZHWXSFuQlnEJSsQ,SlDTZdCoX7w,101,9,7,51uKIQKEN7w,1,0
20260903,UCiLmCoftZHWXSFuQlnEJSsQ,SlDTZdCoX7w,102,29,7,51uKIQKEN7w,1,0
20260903,UCiLmCoftZHWXSFuQlnEJSsQ,SlDTZdCoX7w,104,5,7,54j-m_ZRVdk,1,0
20260903,UCiLmCoftZHWXSFuQlnEJSsQ,SlDTZdCoX7w,104,5,7,54sUMtbxAYs,1,0
20260903,UCiLmCoftZHWXSFuQlnEJSsQ,SlDTZdCoX7w,101,2,7,5LWvbg_9Pjk,1,0
20260903,UCiLmCoftZHWXSFuQlnEJSsQ,SlDTZdCoX7w,102,4,7,5LWvbg_9Pjk,1,0
20260903,UCiLmCoftZHWXSFuQlnEJSsQ,SlDTZdCoX7w,104,5,7,5LWvbg_9Pjk,1,0
20260903,UCiLmCoftZHWXSFuQlnEJSsQ,SlDTZdCoX7w,104,5,7,5QAIt8UhVcU,1,0
20260903,UCiLmCoftZHWXSFuQlnEJSsQ,SlDTZdCoX7w,102,29,7,5S2TaHJrY9U,2,0
20260903,UCiLmCoftZHWXSFuQlnEJSsQ,SlDTZdCoX7w,105,5,7,5YqEEVr5d6M,1,0
20260903,UCiLmCoftZHWXSFuQlnEJSsQ,SlDTZdCoX7w,102,1,7,5cJs5mlCyKE,1,0
20260903,UCiLmCoftZHWXSFuQlnEJSsQ,SlDTZdCoX7w,104,5,7,5dOpolMG8es,1,0
20260903,UCiLmCoftZHWXSFuQlnEJSsQ,SlDTZdCoX7w,101,9,7,5jQz1YGgBgg,1,0
20260903,UCiLmCoftZHWXSFuQlnEJSsQ,SlDTZdCoX7w,101,9,7,60WGhb5OYfE,1,0
20260903,UCiLmCoftZHWXSFuQlnEJSsQ,SlDTZdCoX7w,102,29,7,60WGhb5OYfE,1,0
20260903,UCiLmCoftZHWXSFuQlnEJSsQ,SlDTZdCoX7w,102,4,7,60fnmFrS4vA,1,1
20260903,UCiLmCoftZHWXSFuQlnEJSsQ,SlDTZdCoX7w,104,5,7,60fnmFrS4vA,1,0
20260903,UCiLmCoftZHWXSFuQlnEJSsQ,SlDTZdCoX7w,104,5,7,66UyHRylAOs,2,0
20260903,UCiLmCoftZHWXSFuQlnEJSsQ,SlDTZdCoX7w,104,5,7,671-1aiyMnY,1,0
20260903,UCiLmCoftZHWXSFuQlnEJSsQ,SlDTZdCoX7w,101,2,7,695EJm2i0ZA,1,0
20260903,UCiLmCoftZHWXSFuQlnEJSsQ,SlDTZdCoX7w,102,19,7,6NMqBhPkLnE,1,0
20260903,UCiLmCoftZHWXSFuQlnEJSsQ,SlDTZdCoX7w,101,2,7,6NnUZXlIg_8,1,0
20260903,UCiLmCoftZHWXSFuQlnEJSsQ,SlDTZdCoX7w,101,2,7,6TDaGcSbm9M,2,0
20260903,UCiLmCoftZHWXSFuQlnEJSsQ,SlDTZdCoX7w,102,1,7,6TDaGcSbm9M,3,0
20260903,UCiLmCoftZHWXSFuQlnEJSsQ,SlDTZdCoX7w,104,4,7,6TDaGcSbm9M,1,0
20260903,UCiLmCoftZHWXSFuQlnEJSsQ,SlDTZdCoX7w,104,4,7,6Xu6bm5ZymM,1,0
20260903,UCiLmCoftZHWXSFuQlnEJSsQ,SlDTZdCoX7w,102,4,7,6_Xm7hNdrs0,1,0
20260903,UCiLmCoftZHWXSFuQlnEJSsQ,SlDTZdCoX7w,104,5,7,6e4RDUg6gwU,1,0
20260903,UCiLmCoftZHWXSFuQlnEJSsQ,SlDTZdCoX7w,102,1,7,6rUaYZmlZ6I,1,0
20260903,UCiLmCoftZHWXSFuQlnEJSsQ,SlDTZdCoX7w,104,5,7,6xYKrf88Rd8,1,0
20260903,UCiLmCoftZHWXSFuQlnEJSsQ,SlDTZdCoX7w,103,27,7,72DXoSmiXCI,1,0
20260903,UCiLmCoftZHWXSFuQlnEJSsQ,SlDTZdCoX7w,104,5,7,72DXoSmiXCI,1,0
20260903,UCiLmCoftZHWXSFuQlnEJSsQ,SlDTZdCoX7w,101,2,7,73Fl9Xf1ZCs,1,0
20260903,UCiLmCoftZHWXSFuQlnEJSsQ,SlDTZdCoX7w,104,4,7,73Fl9Xf1ZCs,1,0
20260903,UCiLmCoftZHWXSFuQlnEJSsQ,SlDTZdCoX7w,102,4,7,73hlXQ5cDGM,1,0
20260903,UCiLmCoftZHWXSFuQlnEJSsQ,SlDTZdCoX7w,102,31,7,75sqC2JBatQ,1,0
20260903,UCiLmCoftZHWXSFuQlnEJSsQ,SlDTZdCoX7w,104,5,7,7AOCd5plET4,1,0
20260903,UCiLmCoftZHWXSFuQlnEJSsQ,SlDTZdCoX7w,102,19,7,7Oc0e6VJQ68,1,0
20260903,UCiLmCoftZHWXSFuQlnEJSsQ,SlDTZdCoX7w,104,5,7,7P4A7m18aIc,1,0
20260903,UCiLmCoftZHWXSFuQlnEJSsQ,SlDTZdCoX7w,101,2,7,7W3LmNsEFcs,1,0
20260903,UCiLmCoftZHWXSFuQlnEJSsQ,SlDTZdCoX7w,101,2,7,7ZxW3gNVNiI,1,0
20260903,UCiLmCoftZHWXSFuQlnEJSsQ,SlDTZdCoX7w,102,1,7,7cmAYCEeRHE,1,1
20260903,UCiLmCoftZHWXSFuQlnEJSsQ,SlDTZdCoX7w,104,5,7,7hXBO5K69Qs,1,0
20260903,UCiLmCoftZHWXSFuQlnEJSsQ,SlDTZdCoX7w,102,4,7,7njC5lgL61c,1,0
20260903,UCiLmCoftZHWXSFuQlnEJSsQ,SlDTZdCoX7w,104,5,7,7oZEfS9fyyw,1,0
20260903,UCiLmCoftZHWXSFuQlnEJSsQ,SlDTZdCoX7w,101,9,7,82SG-hs6bW8,1,0
20260903,UCiLmCoftZHWXSFuQlnEJSsQ,SlDTZdCoX7w,101,30,7,833EAafCHsY,1,0
20260903,UCiLmCoftZHWXSFuQlnEJSsQ,SlDTZdCoX7w,102,12,7,8ALkr1540OQ,1,0
20260903,UCiLmCoftZHWXSFuQlnEJSsQ,SlDTZdCoX7w,102,4,7,8BG1qeZyuWk,1,0
20260903,UCiLmCoftZHWXSFuQlnEJSsQ,SlDTZdCoX7w,102,29,7,8BSKUBv9rPg,1,0
20260903,UCiLmCoftZHWXSFuQlnEJSsQ,SlDTZdCoX7w,102,29,7,8BokSF7L7UQ,1,0
20260903,UCiLmCoftZHWXSFuQlnEJSsQ,SlDTZdCoX7w,101,2,7,8F15P6KvUhc,1,0
20260903,UCiLmCoftZHWXSFuQlnEJSsQ,SlDTZdCoX7w,102,4,7,8NaBeHHv-Iw,1,0
20260903,UCiLmCoftZHWXSFuQlnEJSsQ,SlDTZdCoX7w,105,5,7,8ON5cBbgB9Y,1,0
20260903,UCiLmCoftZHWXSFuQlnEJSsQ,SlDTZdCoX7w,104,5,7,8S0TLUnGeyc,2,0
20260903,UCiLmCoftZHWXSFuQlnEJSsQ,SlDTZdCoX7w,104,4,7,8U97BVIjT34,1,0
20260903,UCiLmCoftZHWXSFuQlnEJSsQ,SlDTZdCoX7w,102,1,7,8c2y9Y-d7vA,1,0
20260903,UCiLmCoftZHWXSFuQlnEJSsQ,SlDTZdCoX7w,104,4,7,8c2y9Y-d7vA,1,0
20260903,UCiLmCoftZHWXSFuQlnEJSsQ,SlDTZdCoX7w,102,31,7,8hsjYIlJbQE,1,0
20260903,UCiLmCoftZHWXSFuQlnEJSsQ,SlDTZdCoX7w,104,5,7,8hsjYIlJbQE,1,0
20260903,UCiLmCoftZHWXSFuQlnEJSsQ,SlDTZdCoX7w,102,29,7,8kM8eFdtipo,1,0
20260903,UCiLmCoftZHWXSFuQlnEJSsQ,SlDTZdCoX7w,104,5,7,8lEbK0J10vk,1,0
20260903,UCiLmCoftZHWXSFuQlnEJSsQ,SlDTZdCoX7w,104,5,7,8qjA3g5OpAo,1,0
20260903,UCiLmCoftZHWXSFuQlnEJSsQ,SlDTZdCoX7w,102,31,7,8wK5c2HUoRo,1,0
20260903,UCiLmCoftZHWXSFuQlnEJSsQ,SlDTZdCoX7w,101,2,7,8xFfNaAa5IQ,2,0
20260903,UCiLmCoftZHWXSFuQlnEJSsQ,SlDTZdCoX7w,104,5,7,8ygb-8qgMAE,1,0
20260903,UCiLmCoftZHWXSFuQlnEJSsQ,SlDTZdCoX7w,101,2,7,91CkV10VthM,1,0
20260903,UCiLmCoftZHWXSFuQlnEJSsQ,SlDTZdCoX7w,102,12,7,91CkV10VthM,1,0
20260903,UCiLmCoftZHWXSFuQlnEJSsQ,SlDTZdCoX7w,101,9,7,92L20RTOczk,1,0
20260903,UCiLmCoftZHWXSFuQlnEJSsQ,SlDTZdCoX7w,104,5,7,9EGNV9V2MOg,1,0
20260903,UCiLmCoftZHWXSFuQlnEJSsQ,SlDTZdCoX7w,104,4,7,9EQXuTV2f6k,1,0
20260903,UCiLmCoftZHWXSFuQlnEJSsQ,SlDTZdCoX7w,101,9,7,9HdlqerBf5Q,2,0
20260903,UCiLmCoftZHWXSFuQlnEJSsQ,SlDTZdCoX7w,102,4,7,9HdlqerBf5Q,1,0
20260903,UCiLmCoftZHWXSFuQlnEJSsQ,SlDTZdCoX7w,102,19,7,9KfRGEpYLog,1,0
20260903,UCiLmCoftZHWXSFuQlnEJSsQ,SlDTZdCoX7w,102,12,7,9MbyA6MyT0U,1,0
20260903,UCiLmCoftZHWXSFuQlnEJSsQ,SlDTZdCoX7w,104,5,7,9ODi-NikY7s,1,0
20260903,UCiLmCoftZHWXSFuQlnEJSsQ,SlDTZdCoX7w,102,4,7,9SGVUi_eP9k,2,0
20260903,UCiLmCoftZHWXSFuQlnEJSsQ,SlDTZdCoX7w,104,5,7,9TR_UfEx5LE,1,0
20260903,UCiLmCoftZHWXSFuQlnEJSsQ,SlDTZdCoX7w,104,5,7,9XY0OULdLu8,2,0.5
20260903,UCiLmCoftZHWXSFuQlnEJSsQ,SlDTZdCoX7w,102,4,7,9ZWbXuY-nc4,1,0
20260903,UCiLmCoftZHWXSFuQlnEJSsQ,SlDTZdCoX7w,104,5,7,9aTqQWFhyNA,1,0
20260903,UCiLmCoftZHWXSFuQlnEJSsQ,SlDTZdCoX7w,104,5,7,9jTsp6okQyU,1,0
20260903,UCiLmCoftZHWXSFuQlnEJSsQ,SlDTZdCoX7w,102,21,7,9jyiCMrj60Q,1,0
20260903,UCiLmCoftZHWXSFuQlnEJSsQ,SlDTZdCoX7w,102,1,7,9p7Gg4btGjE,1,1
20260903,UCiLmCoftZHWXSFuQlnEJSsQ,SlDTZdCoX7w,101,2,7,9v_AWdJk_r8,1,0
20260903,UCiLmCoftZHWXSFuQlnEJSsQ,SlDTZdCoX7w,102,31,7,A-NsZa5YwlM,1,0
20260903,UCiLmCoftZHWXSFuQlnEJSsQ,SlDTZdCoX7w,104,5,7,A3TQqUPgzf0,1,0
20260903,UCiLmCoftZHWXSFuQlnEJSsQ,SlDTZdCoX7w,104,5,7,A8UW1fZwV64,1,0
20260903,UCiLmCoftZHWXSFuQlnEJSsQ,SlDTZdCoX7w,104,5,7,A8yNuuZyMQk,1,0
20260903,UCiLmCoftZHWXSFuQlnEJSsQ,SlDTZdCoX7w,101,2,7,ANCOJ44vKt0,2,0
20260903,UCiLmCoftZHWXSFuQlnEJSsQ,SlDTZdCoX7w,103,27,7,AUChW4SSwdM,1,0
20260903,UCiLmCoftZHWXSFuQlnEJSsQ,SlDTZdCoX7w,102,29,7,AZQ0k8Lwjuk,1,0
20260903,UCiLmCoftZHWXSFuQlnEJSsQ,SlDTZdCoX7w,105,5,7,AZQ0k8Lwjuk,1,0
20260903,UCiLmCoftZHWXSFuQlnEJSsQ,SlDTZdCoX7w,101,2,7,Ainx5wnqXVw,2,0
20260903,UCiLmCoftZHWXSFuQlnEJSsQ,SlDTZdCoX7w,104,5,7,Ainx5wnqXVw,1,0
20260903,UCiLmCoftZHWXSFuQlnEJSsQ,SlDTZdCoX7w,101,9,7,AmXZvc-bZJM,1,0
20260903,UCiLmCoftZHWXSFuQlnEJSsQ,SlDTZdCoX7w,104,5,7,AwI7fRkUReg,1,0
20260903,UCiLmCoftZHWXSFuQlnEJSsQ,SlDTZdCoX7w,102,4,7,B0h_2YZ99B8,1,0
20260903,UCiLmCoftZHWXSFuQlnEJSsQ,SlDTZdCoX7w,102,31,7,B4iigUHgvCM,1,0
20260903,UCiLmCoftZHWXSFuQlnEJSsQ,SlDTZdCoX7w,101,2,7,B6fRHc6zbUo,2,0
20260903,UCiLmCoftZHWXSFuQlnEJSsQ,SlDTZdCoX7w,104,4,7,BJa3kuBQYHQ,1,0
20260903,UCiLmCoftZHWXSFuQlnEJSsQ,SlDTZdCoX7w,104,5,7,BJa3kuBQYHQ,1,1
20260903,UCiLmCoftZHWXSFuQlnEJSsQ,SlDTZdCoX7w,101,2,7,BMAHahYKAzM,1,0
20260903,UCiLmCoftZHWXSFuQlnEJSsQ,SlDTZdCoX7w,102,29,7,BNcFJCY4NA8,1,0
20260903,UCiLmCoftZHWXSFuQlnEJSsQ,SlDTZdCoX7w,101,9,7,BNdSH8ov6uQ,2,0
20260903,UCiLmCoftZHWXSFuQlnEJSsQ,SlDTZdCoX7w,102,4,7,BNdSH8ov6uQ,2,0
20260903,UCiLmCoftZHWXSFuQlnEJSsQ,SlDTZdCoX7w,104,5,7,BNdSH8ov6uQ,3,0
20260903,UCiLmCoftZHWXSFuQlnEJSsQ,SlDTZdCoX7w,102,1,7,BPy8r73h7-k,1,0
20260903,UCiLmCoftZHWXSFuQlnEJSsQ,SlDTZdCoX7w,104,5,7,BQlrHcWxyTU,1,0
20260903,UCiLmCoftZHWXSFuQlnEJSsQ,SlDTZdCoX7w,104,5,7,BS3APMVMPao,1,1
20260903,UCiLmCoftZHWXSFuQlnEJSsQ,SlDTZdCoX7w,101,2,7,BYJEXJlHz4U,1,0
20260903,UCiLmCoftZHWXSFuQlnEJSsQ,SlDTZdCoX7w,103,27,7,BqZS1cN-60w,1,0
20260903,UCiLmCoftZHWXSFuQlnEJSsQ,SlDTZdCoX7w,101,2,7,BqtgTC8KWio,2,0
20260903,UCiLmCoftZHWXSFuQlnEJSsQ,SlDTZdCoX7w,104,5,7,BqtgTC8KWio,7,0.2857142857142857
20260903,UCiLmCoftZHWXSFuQlnEJSsQ,SlDTZdCoX7w,105,5,7,BqtgTC8KWio,1,0
20260903,UCiLmCoftZHWXSFuQlnEJSsQ,SlDTZdCoX7w,102,31,7,Btsp0ae5Tzc,1,0
20260903,UCiLmCoftZHWXSFuQlnEJSsQ,SlDTZdCoX7w,101,2,7,CCySNpsRqao,1,0
20260903,UCiLmCoftZHWXSFuQlnEJSsQ,SlDTZdCoX7w,105,5,7,CCySNpsRqao,1,0
20260903,UCiLmCoftZHWXSFuQlnEJSsQ,SlDTZdCoX7w,103,10,7,CH5R6VSVR1o,1,0
20260903,UCiLmCoftZHWXSFuQlnEJSsQ,SlDTZdCoX7w,103,27,7,CH5R6VSVR1o,1,0
20260903,UCiLmCoftZHWXSFuQlnEJSsQ,SlDTZdCoX7w,101,9,7,CNCqoMKTF5E,1,0
20260903,UCiLmCoftZHWXSFuQlnEJSsQ,SlDTZdCoX7w,104,5,7,CNCqoMKTF5E,1,0
20260903,UCiLmCoftZHWXSFuQlnEJSsQ,SlDTZdCoX7w,104,5,7,CTjZDGWgjzI,1,0
20260903,UCiLmCoftZHWXSFuQlnEJSsQ,SlDTZdCoX7w,102,29,7,CToEtsoxckM,1,0
20260903,UCiLmCoftZHWXSFuQlnEJSsQ,SlDTZdCoX7w,102,4,7,CXXhH2lFTJY,1,0
20260903,UCiLmCoftZHWXSFuQlnEJSsQ,SlDTZdCoX7w,102,4,7,CZ90dK0e0w4,1,0
20260903,UCiLmCoftZHWXSFuQlnEJSsQ,SlDTZdCoX7w,101,2,7,Ck_7VRgp6Tk,1,0
20260903,UCiLmCoftZHWXSFuQlnEJSsQ,SlDTZdCoX7w,102,29,7,Ck_7VRgp6Tk,1,0
20260903,UCiLmCoftZHWXSFuQlnEJSsQ,SlDTZdCoX7w,104,5,7,Ck_7VRgp6Tk,1,0
20260903,UCiLmCoftZHWXSFuQlnEJSsQ,SlDTZdCoX7w,101,9,7,Coao2BJDhFQ,1,0
20260903,UCiLmCoftZHWXSFuQlnEJSsQ,SlDTZdCoX7w,104,5,7,Coao2BJDhFQ,1,0
20260903,UCiLmCoftZHWXSFuQlnEJSsQ,SlDTZdCoX7w,104,5,7,Cqv7-1nCeRU,1,0
20260903,UCiLmCoftZHWXSFuQlnEJSsQ,SlDTZdCoX7w,102,29,7,Cu5oJTuRciA,1,0
20260903,UCiLmCoftZHWXSFuQlnEJSsQ,SlDTZdCoX7w,102,1,7,D39ehmne_vw,1,0
20260903,UCiLmCoftZHWXSFuQlnEJSsQ,SlDTZdCoX7w,102,1,7,D88Zd_OvaSs,1,0
20260903,UCiLmCoftZHWXSFuQlnEJSsQ,SlDTZdCoX7w,102,4,7,DGYREFhO_f0,1,0
20260903,UCiLmCoftZHWXSFuQlnEJSsQ,SlDTZdCoX7w,101,2,7,DKPsXPHLnkM,1,0
20260903,UCiLmCoftZHWXSFuQlnEJSsQ,SlDTZdCoX7w,102,31,7,DQI3qGOjl4Q,1,0
20260903,UCiLmCoftZHWXSFuQlnEJSsQ,SlDTZdCoX7w,103,10,7,DU5GrQEyvTY,1,0
20260903,UCiLmCoftZHWXSFuQlnEJSsQ,SlDTZdCoX7w,104,4,7,DlQS8-_AAzU,1,0
20260903,UCiLmCoftZHWXSFuQlnEJSsQ,SlDTZdCoX7w,104,5,7,DpIGJtqhStU,1,0
20260903,UCiLmCoftZHWXSFuQlnEJSsQ,SlDTZdCoX7w,102,29,7,DsG1IllQH-8,1,0
20260903,UCiLmCoftZHWXSFuQlnEJSsQ,SlDTZdCoX7w,103,10,7,E1T6XmvfXdc,1,0
20260903,UCiLmCoftZHWXSFuQlnEJSsQ,SlDTZdCoX7w,101,2,7,E3-i_MipFPs,1,0
20260903,UCiLmCoftZHWXSFuQlnEJSsQ,SlDTZdCoX7w,104,5,7,E8H7VV_ZuxQ,2,0
20260903,UCiLmCoftZHWXSFuQlnEJSsQ,SlDTZdCoX7w,102,4,7,EAZbfCKxOyw,1,0
20260903,UCiLmCoftZHWXSFuQlnEJSsQ,SlDTZdCoX7w,102,4,7,ELSMSxcYRTI,1,0
20260903,UCiLmCoftZHWXSFuQlnEJSsQ,SlDTZdCoX7w,103,27,7,ENAxPeg5w1U,1,0
20260903,UCiLmCoftZHWXSFuQlnEJSsQ,SlDTZdCoX7w,104,5,7,ENAxPeg5w1U,1,0
20260903,UCiLmCoftZHWXSFuQlnEJSsQ,SlDTZdCoX7w,101,9,7,EXVIXoQEjqU,1,0
20260903,UCiLmCoftZHWXSFuQlnEJSsQ,SlDTZdCoX7w,104,5,7,EdBUfaYVZgU,1,0
20260903,UCiLmCoftZHWXSFuQlnEJSsQ,SlDTZdCoX7w,104,5,7,EjOuZYmEArg,1,0
20260903,UCiLmCoftZHWXSFuQlnEJSsQ,SlDTZdCoX7w,101,2,7,EnjxnyJyijA,1,0
20260903,UCiLmCoftZHWXSFuQlnEJSsQ,SlDTZdCoX7w,101,9,7,Ew5_5WQLxoA,1,0
20260903,UCiLmCoftZHWXSFuQlnEJSsQ,SlDTZdCoX7w,103,10,7,F3GYcre7JOk,1,0
20260903,UCiLmCoftZHWXSFuQlnEJSsQ,SlDTZdCoX7w,104,5,7,F3GYcre7JOk,1,0
20260903,UCiLmCoftZHWXSFuQlnEJSsQ,SlDTZdCoX7w,101,9,7,F3P8vcZkIh4,1,0
20260903,UCiLmCoftZHWXSFuQlnEJSsQ,SlDTZdCoX7w,104,5,7,F3P8vcZkIh4,2,0
20260903,UCiLmCoftZHWXSFuQlnEJSsQ,SlDTZdCoX7w,104,5,7,F4tZG-biWz4,1,0
20260903,UCiLmCoftZHWXSFuQlnEJSsQ,SlDTZdCoX7w,102,4,7,FDGBH_v-FOo,1,1
20260903,UCiLmCoftZHWXSFuQlnEJSsQ,SlDTZdCoX7w,104,5,7,FDzpe7TUeP0,2,0
20260903,UCiLmCoftZHWXSFuQlnEJSsQ,SlDTZdCoX7w,102,1,7,FJqLx5iVcTw,1,0
20260903,UCiLmCoftZHWXSFuQlnEJSsQ,SlDTZdCoX7w,104,4,7,FJqLx5iVcTw,1,0
20260903,UCiLmCoftZHWXSFuQlnEJSsQ,SlDTZdCoX7w,103,27,7,FTd6lxMUcfU,1,0
20260903,UCiLmCoftZHWXSFuQlnEJSsQ,SlDTZdCoX7w,102,4,7,FZMoWM9alkA,1,0
20260903,UCiLmCoftZHWXSFuQlnEJSsQ,SlDTZdCoX7w,104,5,7,FZMoWM9alkA,1,1
20260903,UCiLmCoftZHWXSFuQlnEJSsQ,SlDTZdCoX7w,102,31,7,Fbk7jEh62Gw,1,0
20260903,UCiLmCoftZHWXSFuQlnEJSsQ,SlDTZdCoX7w,104,5,7,Fco_aZbobvo,1,0
20260903,UCiLmCoftZHWXSFuQlnEJSsQ,SlDTZdCoX7w,102,4,7,FdyDgtNTGs0,1,0
20260903,UCiLmCoftZHWXSFuQlnEJSsQ,SlDTZdCoX7w,102,1,7,Fg1iJxbPpDc,1,0
20260903,UCiLmCoftZHWXSFuQlnEJSsQ,SlDTZdCoX7w,102,4,7,G1paodQ0MkI,1,0
20260903,UCiLmCoftZHWXSFuQlnEJSsQ,SlDTZdCoX7w,101,9,7,G7cOyEwlKYU,1,1
20260903,UCiLmCoftZHWXSFuQlnEJSsQ,SlDTZdCoX7w,102,4,7,GA5XUV6LK2Y,1,0
20260903,UCiLmCoftZHWXSFuQlnEJSsQ,SlDTZdCoX7w,105,5,7,GB_yLebFW8Y,1,0
20260903,UCiLmCoftZHWXSFuQlnEJSsQ,SlDTZdCoX7w,104,5,7,GEORsxt7Mug,1,0
20260903,UCiLmCoftZHWXSFuQlnEJSsQ,SlDTZdCoX7w,101,2,7,GKI0YMlX9VY,1,0
20260903,UCiLmCoftZHWXSFuQlnEJSsQ,SlDTZdCoX7w,102,29,7,GKu12lVXxAk,1,0
20260903,UCiLmCoftZHWXSFuQlnEJSsQ,SlDTZdCoX7w,102,4,7,GNTHCD_LSto,1,0
20260903,UCiLmCoftZHWXSFuQlnEJSsQ,SlDTZdCoX7w,104,4,7,GNTHCD_LSto,1,0
20260903,UCiLmCoftZHWXSFuQlnEJSsQ,SlDTZdCoX7w,102,28,7,GQ5c3-QdMmI,1,0
20260903,UCiLmCoftZHWXSFuQlnEJSsQ,SlDTZdCoX7w,102,31,7,GS1as85wDa8,1,0
20260903,UCiLmCoftZHWXSFuQlnEJSsQ,SlDTZdCoX7w,101,2,7,G_GgDi2vCMQ,1,0
20260903,UCiLmCoftZHWXSFuQlnEJSsQ,SlDTZdCoX7w,102,4,7,G_GgDi2vCMQ,1,0
20260903,UCiLmCoftZHWXSFuQlnEJSsQ,SlDTZdCoX7w,102,31,7,Ggu5Gwi-sHY,1,0
20260903,UCiLmCoftZHWXSFuQlnEJSsQ,SlDTZdCoX7w,101,2,7,H6FUBWGSOIc,1,0
20260903,UCiLmCoftZHWXSFuQlnEJSsQ,SlDTZdCoX7w,103,10,7,HDOOTOYfWPY,1,0
20260903,UCiLmCoftZHWXSFuQlnEJSsQ,SlDTZdCoX7w,101,9,7,HJzfn0DFnjw,1,0
20260903,UCiLmCoftZHWXSFuQlnEJSsQ,SlDTZdCoX7w,101,2,7,HR5rgoVNBgQ,1,0
20260903,UCiLmCoftZHWXSFuQlnEJSsQ,SlDTZdCoX7w,101,2,7,HZ3DtyI78JA,1,0
20260903,UCiLmCoftZHWXSFuQlnEJSsQ,SlDTZdCoX7w,101,2,7,Hhsg6oOvxog,1,0
20260903,UCiLmCoftZHWXSFuQlnEJSsQ,SlDTZdCoX7w,102,4,7,Hhsg6oOvxog,1,0
20260903,UCiLmCoftZHWXSFuQlnEJSsQ,SlDTZdCoX7w,102,29,7,Hhsg6oOvxog,2,0.5
20260903,UCiLmCoftZHWXSFuQlnEJSsQ,SlDTZdCoX7w,103,27,7,Hhsg6oOvxog,1,0
20260903,UCiLmCoftZHWXSFuQlnEJSsQ,SlDTZdCoX7w,104,5,7,Hhsg6oOvxog,1,0
20260903,UCiLmCoftZHWXSFuQlnEJSsQ,SlDTZdCoX7w,101,9,7,HrBluor5AYY,1,0
20260903,UCiLmCoftZHWXSFuQlnEJSsQ,SlDTZdCoX7w,104,4,7,I4HXqhCtpYc,1,0
20260903,UCiLmCoftZHWXSFuQlnEJSsQ,SlDTZdCoX7w,104,5,7,I4HXqhCtpYc,1,1
20260903,UCiLmCoftZHWXSFuQlnEJSsQ,SlDTZdCoX7w,103,17,7,IPKjbXIwqe4,1,0
20260903,UCiLmCoftZHWXSFuQlnEJSsQ,SlDTZdCoX7w,102,4,7,IQD57VIqzh8,1,0
20260903,UCiLmCoftZHWXSFuQlnEJSsQ,SlDTZdCoX7w,102,4,7,IQyrVB__Ygg,1,0
20260903,UCiLmCoftZHWXSFuQlnEJSsQ,SlDTZdCoX7w,102,4,7,IQzEe_OaQjg,1,0
20260903,UCiLmCoftZHWXSFuQlnEJSsQ,SlDTZdCoX7w,104,5,7,IVPVl5_Rdkc,1,0
20260903,UCiLmCoftZHWXSFuQlnEJSsQ,SlDTZdCoX7w,102,29,7,IWhnBeLMDv8,1,0
20260903,UCiLmCoftZHWXSFuQlnEJSsQ,SlDTZdCoX7w,102,31,7,IWhnBeLMDv8,1,0
20260903,UCiLmCoftZHWXSFuQlnEJSsQ,SlDTZdCoX7w,104,5,7,IWwSieCPn4Y,1,0
20260903,UCiLmCoftZHWXSFuQlnEJSsQ,SlDTZdCoX7w,104,5,7,IbCXaJGcixc,1,0
20260903,UCiLmCoftZHWXSFuQlnEJSsQ,SlDTZdCoX7w,102,4,7,IbFFZQQpOx0,1,0
20260903,UCiLmCoftZHWXSFuQlnEJSsQ,SlDTZdCoX7w,104,4,7,InfLZ1gaZ0g,1,0
20260903,UCiLmCoftZHWXSFuQlnEJSsQ,SlDTZdCoX7w,104,5,7,J5M3vX9ioIU,1,0
20260903,UCiLmCoftZHWXSFuQlnEJSsQ,SlDTZdCoX7w,104,5,7,J5eTB_0SEeg,1,0
20260903,UCiLmCoftZHWXSFuQlnEJSsQ,SlDTZdCoX7w,101,9,7,JEr2pEVcSUs,1,0
20260903,UCiLmCoftZHWXSFuQlnEJSsQ,SlDTZdCoX7w,101,2,7,JItp9EeziTk,1,0
20260903,UCiLmCoftZHWXSFuQlnEJSsQ,SlDTZdCoX7w,102,4,7,JJsryLdOMwE,1,0
20260903,UCiLmCoftZHWXSFuQlnEJSsQ,SlDTZdCoX7w,104,5,7,JNvWq9-cVJQ,1,0
20260903,UCiLmCoftZHWXSFuQlnEJSsQ,SlDTZdCoX7w,104,5,7,JPTZAmSsVD0,1,0
20260903,UCiLmCoftZHWXSFuQlnEJSsQ,SlDTZdCoX7w,104,5,7,JSa-UWgWrFE,1,0
20260903,UCiLmCoftZHWXSFuQlnEJSsQ,SlDTZdCoX7w,102,1,7,JWxdCfSx4CM,1,0
20260903,UCiLmCoftZHWXSFuQlnEJSsQ,SlDTZdCoX7w,103,27,7,JhAriimnsCI,1,0
20260903,UCiLmCoftZHWXSFuQlnEJSsQ,SlDTZdCoX7w,102,4,7,JpCyeo_kNA0,1,0
20260903,UCiLmCoftZHWXSFuQlnEJSsQ,SlDTZdCoX7w,103,10,7,JuaDBqJ-RYs,1,0
20260903,UCiLmCoftZHWXSFuQlnEJSsQ,SlDTZdCoX7w,103,10,7,K02nCOmVnBo,1,0
20260903,UCiLmCoftZHWXSFuQlnEJSsQ,SlDTZdCoX7w,102,31,7,K72KUXi-b6o,1,0
20260903,UCiLmCoftZHWXSFuQlnEJSsQ,SlDTZdCoX7w,102,29,7,K7t1MEdyc8M,1,0
20260903,UCiLmCoftZHWXSFuQlnEJSsQ,SlDTZdCoX7w,101,2,7,KJ-5_MEL8kE,1,0
20260903,UCiLmCoftZHWXSFuQlnEJSsQ,SlDTZdCoX7w,102,19,7,KVN_JxRezoM,1,0
20260903,UCiLmCoftZHWXSFuQlnEJSsQ,SlDTZdCoX7w,101,2,7,KZ0_Q66AgLk,1,0
20260903,UCiLmCoftZHWXSFuQlnEJSsQ,SlDTZdCoX7w,102,4,7,KZ0_Q66AgLk,1,0
20260903,UCiLmCoftZHWXSFuQlnEJSsQ,SlDTZdCoX7w,102,19,7,KZ0_Q66AgLk,1,0
20260903,UCiLmCoftZHWXSFuQlnEJSsQ,SlDTZdCoX7w,102,31,7,KZ0_Q66AgLk,1,0
20260903,UCiLmCoftZHWXSFuQlnEJSsQ,SlDTZdCoX7w,104,5,7,KZ0_Q66AgLk,1,0
20260903,UCiLmCoftZHWXSFuQlnEJSsQ,SlDTZdCoX7w,101,2,7,KefiPLq3OdU,1,0
20260903,UCiLmCoftZHWXSFuQlnEJSsQ,SlDTZdCoX7w,104,5,7,KefiPLq3OdU,1,0
20260903,UCiLmCoftZHWXSFuQlnEJSsQ,SlDTZdCoX7w,104,4,7,Kizav5VorT0,1,0
20260903,UCiLmCoftZHWXSFuQlnEJSsQ,SlDTZdCoX7w,104,5,7,Km2F4QvlHzA,1,0
20260903,UCiLmCoftZHWXSFuQlnEJSsQ,SlDTZdCoX7w,101,2,7,Kt9L8StOeTw,1,0
20260903,UCiLmCoftZHWXSFuQlnEJSsQ,SlDTZdCoX7w,102,4,7,Kt9L8StOeTw,1,0
20260903,UCiLmCoftZHWXSFuQlnEJSsQ,SlDTZdCoX7w,102,29,7,Kt9L8StOeTw,1,0
20260903,UCiLmCoftZHWXSFuQlnEJSsQ,SlDTZdCoX7w,103,27,7,Kt9L8StOeTw,1,0
20260903,UCiLmCoftZHWXSFuQlnEJSsQ,SlDTZdCoX7w,104,4,7,Kt9L8StOeTw,2,0
20260903,UCiLmCoftZHWXSFuQlnEJSsQ,SlDTZdCoX7w,104,5,7,Kt9L8StOeTw,3,0
20260903,UCiLmCoftZHWXSFuQlnEJSsQ,SlDTZdCoX7w,101,2,7,L0nXSQiFMzA,1,0
20260903,UCiLmCoftZHWXSFuQlnEJSsQ,SlDTZdCoX7w,104,5,7,L4fbBevu3XQ,2,0
20260903,UCiLmCoftZHWXSFuQlnEJSsQ,SlDTZdCoX7w,101,30,7,L7Va_NsFsaM,1,0
20260903,UCiLmCoftZHWXSFuQlnEJSsQ,SlDTZdCoX7w,104,5,7,L8AQC1Gk4-M,1,0
20260903,UCiLmCoftZHWXSFuQlnEJSsQ,SlDTZdCoX7w,104,5,7,LHLVG6qWU8M,1,0
20260903,UCiLmCoftZHWXSFuQlnEJSsQ,SlDTZdCoX7w,101,2,7,LNJ2BFNro58,2,0
20260903,UCiLmCoftZHWXSFuQlnEJSsQ,SlDTZdCoX7w,102,1,7,LWakPG50Thw,1,0
20260903,UCiLmCoftZHWXSFuQlnEJSsQ,SlDTZdCoX7w,102,4,7,L_UjOzanEJI,1,0
20260903,UCiLmCoftZHWXSFuQlnEJSsQ,SlDTZdCoX7w,101,9,7,LorBRty7asI,2,0
20260903,UCiLmCoftZHWXSFuQlnEJSsQ,SlDTZdCoX7w,105,5,7,Ltk8FiDcZH4,1,0
20260903,UCiLmCoftZHWXSFuQlnEJSsQ,SlDTZdCoX7w,102,31,7,LtnNcvZYB-Q,1,0
20260903,UCiLmCoftZHWXSFuQlnEJSsQ,SlDTZdCoX7w,101,2,7,LzFLjBxtS1w,1,0
20260903,UCiLmCoftZHWXSFuQlnEJSsQ,SlDTZdCoX7w,102,4,7,LzFLjBxtS1w,1,0
20260903,UCiLmCoftZHWXSFuQlnEJSsQ,SlDTZdCoX7w,104,5,7,LzFLjBxtS1w,1,0
20260903,UCiLmCoftZHWXSFuQlnEJSsQ,SlDTZdCoX7w,101,2,7,M4nOa08RgZc,3,0
20260903,UCiLmCoftZHWXSFuQlnEJSsQ,SlDTZdCoX7w,102,4,7,M4nOa08RgZc,1,0
20260903,UCiLmCoftZHWXSFuQlnEJSsQ,SlDTZdCoX7w,104,5,7,M8HGJfeq364,1,0
20260903,UCiLmCoftZHWXSFuQlnEJSsQ,SlDTZdCoX7w,102,29,7,M9zQ4byvOcY,2,0
20260903,UCiLmCoftZHWXSFuQlnEJSsQ,SlDTZdCoX7w,101,2,7,MEPhy_eju2E,1,0
20260903,UCiLmCoftZHWXSFuQlnEJSsQ,SlDTZdCoX7w,102,4,7,MEhcYcnQa1s,1,0
20260903,UCiLmCoftZHWXSFuQlnEJSsQ,SlDTZdCoX7w,102,4,7,MHfdpkfSCuA,1,0
20260903,UCiLmCoftZHWXSFuQlnEJSsQ,SlDTZdCoX7w,103,10,7,MTH7Sjhdumw,1,0
20260903,UCiLmCoftZHWXSFuQlnEJSsQ,SlDTZdCoX7w,102,29,7,McdaaFUt6Jk,1,0
20260903,UCiLmCoftZHWXSFuQlnEJSsQ,SlDTZdCoX7w,102,4,7,NQa2cFOqaUY,1,0
20260903,UCiLmCoftZHWXSFuQlnEJSsQ,SlDTZdCoX7w,103,10,7,NQa2cFOqaUY,1,0
20260903,UCiLmCoftZHWXSFuQlnEJSsQ,SlDTZdCoX7w,103,27,7,NQa2cFOqaUY,1,0
20260903,UCiLmCoftZHWXSFuQlnEJSsQ,SlDTZdCoX7w,104,5,7,NQa2cFOqaUY,1,0
20260903,UCiLmCoftZHWXSFuQlnEJSsQ,SlDTZdCoX7w,104,5,7,NSoTeyrpl94,1,0
20260903,UCiLmCoftZHWXSFuQlnEJSsQ,SlDTZdCoX7w,102,4,7,NdhCixqrOjg,1,0
20260903,UCiLmCoftZHWXSFuQlnEJSsQ,SlDTZdCoX7w,101,2,7,Nfywx8Ox3HA,1,0
20260903,UCiLmCoftZHWXSFuQlnEJSsQ,SlDTZdCoX7w,104,5,7,Nrsmafi5fYw,1,0
20260903,UCiLmCoftZHWXSFuQlnEJSsQ,SlDTZdCoX7w,102,4,7,Nxiwy6-IsFM,1,0
20260903,UCiLmCoftZHWXSFuQlnEJSsQ,SlDTZdCoX7w,102,31,7,Nxiwy6-IsFM,1,0
20260903,UCiLmCoftZHWXSFuQlnEJSsQ,SlDTZdCoX7w,104,5,7,Nxiwy6-IsFM,1,0
20260903,UCiLmCoftZHWXSFuQlnEJSsQ,SlDTZdCoX7w,101,2,7,OS5svE2jtyk,1,0
20260903,UCiLmCoftZHWXSFuQlnEJSsQ,SlDTZdCoX7w,104,5,7,OSoquUBvNA4,1,0
20260903,UCiLmCoftZHWXSFuQlnEJSsQ,SlDTZdCoX7w,102,19,7,OTcyiK13q_I,1,0
20260903,UCiLmCoftZHWXSFuQlnEJSsQ,SlDTZdCoX7w,105,5,7,OUOd9WR9OCY,1,0
20260903,UCiLmCoftZHWXSFuQlnEJSsQ,SlDTZdCoX7w,104,4,7,OinsA5CCKdM,1,0
20260903,UCiLmCoftZHWXSFuQlnEJSsQ,SlDTZdCoX7w,104,5,7,OiyOgHF0dGc,1,0
20260903,UCiLmCoftZHWXSFuQlnEJSsQ,SlDTZdCoX7w,101,2,7,P3T8cJPs9vI,1,0
20260903,UCiLmCoftZHWXSFuQlnEJSsQ,SlDTZdCoX7w,101,2,7,P76djdVkYGQ,1,0
20260903,UCiLmCoftZHWXSFuQlnEJSsQ,SlDTZdCoX7w,102,31,7,PHyn98v2hn8,1,0
20260903,UCiLmCoftZHWXSFuQlnEJSsQ,SlDTZdCoX7w,102,4,7,PQ19B7tle20,1,0
20260903,UCiLmCoftZHWXSFuQlnEJSsQ,SlDTZdCoX7w,102,4,7,PbEuQfWzKbI,1,0
20260903,UCiLmCoftZHWXSFuQlnEJSsQ,SlDTZdCoX7w,104,5,7,PgKgEVUVLok,1,0
20260903,UCiLmCoftZHWXSFuQlnEJSsQ,SlDTZdCoX7w,101,2,7,Pi4LwhQKrGo,1,0
20260903,UCiLmCoftZHWXSFuQlnEJSsQ,SlDTZdCoX7w,104,5,7,PiikNxCE5_Q,5,0
20260903,UCiLmCoftZHWXSFuQlnEJSsQ,SlDTZdCoX7w,103,27,7,PlYXXoMPWjs,2,0
20260903,UCiLmCoftZHWXSFuQlnEJSsQ,SlDTZdCoX7w,104,5,7,PmD_nggctn4,1,0
20260903,UCiLmCoftZHWXSFuQlnEJSsQ,SlDTZdCoX7w,105,5,7,PmD_nggctn4,1,0
20260903,UCiLmCoftZHWXSFuQlnEJSsQ,SlDTZdCoX7w,102,31,7,PxvJFDhny9E,1,0
20260903,UCiLmCoftZHWXSFuQlnEJSsQ,SlDTZdCoX7w,102,4,7,Q1-yYjZqk7o,1,0
20260903,UCiLmCoftZHWXSFuQlnEJSsQ,SlDTZdCoX7w,102,19,7,QOCBReR3VJQ,1,0
20260903,UCiLmCoftZHWXSFuQlnEJSsQ,SlDTZdCoX7w,103,10,7,QOCBReR3VJQ,1,0
20260903,UCiLmCoftZHWXSFuQlnEJSsQ,SlDTZdCoX7w,104,5,7,Qg37dCTuQKQ,1,0
20260903,UCiLmCoftZHWXSFuQlnEJSsQ,SlDTZdCoX7w,102,4,7,Qm5m02UMGxU,1,0
20260903,UCiLmCoftZHWXSFuQlnEJSsQ,SlDTZdCoX7w,104,5,7,Qm5m02UMGxU,1,0
20260903,UCiLmCoftZHWXSFuQlnEJSsQ,SlDTZdCoX7w,104,5,7,QoJboF0u-tE,1,0
20260903,UCiLmCoftZHWXSFuQlnEJSsQ,SlDTZdCoX7w,102,29,7,QslcsmN39zs,1,0
20260903,UCiLmCoftZHWXSFuQlnEJSsQ,SlDTZdCoX7w,101,2,7,Qt-Q09VtXBs,1,0
20260903,UCiLmCoftZHWXSFuQlnEJSsQ,SlDTZdCoX7w,102,31,7,QyhExt2Q8p8,1,0
20260903,UCiLmCoftZHWXSFuQlnEJSsQ,SlDTZdCoX7w,104,4,7,QyhExt2Q8p8,1,0
20260903,UCiLmCoftZHWXSFuQlnEJSsQ,SlDTZdCoX7w,104,5,7,QyhExt2Q8p8,2,0
20260903,UCiLmCoftZHWXSFuQlnEJSsQ,SlDTZdCoX7w,101,30,7,R9_m6tCkyPs,1,0
20260903,UCiLmCoftZHWXSFuQlnEJSsQ,SlDTZdCoX7w,104,5,7,RG_B3gfOzLo,1,0
20260903,UCiLmCoftZHWXSFuQlnEJSsQ,SlDTZdCoX7w,101,2,7,RPcHd1f5Ruw,1,0
20260903,UCiLmCoftZHWXSFuQlnEJSsQ,SlDTZdCoX7w,102,4,7,RUEnyZLCtW4,3,0
20260903,UCiLmCoftZHWXSFuQlnEJSsQ,SlDTZdCoX7w,102,29,7,RUEnyZLCtW4,1,0
20260903,UCiLmCoftZHWXSFuQlnEJSsQ,SlDTZdCoX7w,104,5,7,RUEnyZLCtW4,2,0
20260903,UCiLmCoftZHWXSFuQlnEJSsQ,SlDTZdCoX7w,105,5,7,RYHFeO37lyQ,1,0
20260903,UCiLmCoftZHWXSFuQlnEJSsQ,SlDTZdCoX7w,103,27,7,ReLChZb8KLI,1,0
20260903,UCiLmCoftZHWXSFuQlnEJSsQ,SlDTZdCoX7w,104,5,7,RjHjQlEjs_E,1,0
20260903,UCiLmCoftZHWXSFuQlnEJSsQ,SlDTZdCoX7w,105,5,7,RjHjQlEjs_E,1,0
20260903,UCiLmCoftZHWXSFuQlnEJSsQ,SlDTZdCoX7w,102,4,7,RqKeYM3WKPA,1,0
20260903,UCiLmCoftZHWXSFuQlnEJSsQ,SlDTZdCoX7w,101,9,7,RucZK7z3hL4,1,0
20260903,UCiLmCoftZHWXSFuQlnEJSsQ,SlDTZdCoX7w,104,5,7,RucZK7z3hL4,1,0
20260903,UCiLmCoftZHWXSFuQlnEJSsQ,SlDTZdCoX7w,104,5,7,Rw04S68NRIo,1,0
20260903,UCiLmCoftZHWXSFuQlnEJSsQ,SlDTZdCoX7w,102,29,7,SETt_5fucUY,1,0
20260903,UCiLmCoftZHWXSFuQlnEJSsQ,SlDTZdCoX7w,102,4,7,SF9wGmIjNyQ,1,0
20260903,UCiLmCoftZHWXSFuQlnEJSsQ,SlDTZdCoX7w,105,5,7,SFL0DlNZNBQ,1,0
20260903,UCiLmCoftZHWXSFuQlnEJSsQ,SlDTZdCoX7w,104,5,7,SFPGqTGaU4U,2,0
20260903,UCiLmCoftZHWXSFuQlnEJSsQ,SlDTZdCoX7w,104,5,7,SI7CxCQ6XLs,1,0
20260903,UCiLmCoftZHWXSFuQlnEJSsQ,SlDTZdCoX7w,102,1,7,SS7uDELIeHQ,1,0
20260903,UCiLmCoftZHWXSFuQlnEJSsQ,SlDTZdCoX7w,104,5,7,SUvf5ZeOgyw,1,0
20260903,UCiLmCoftZHWXSFuQlnEJSsQ,SlDTZdCoX7w,105,5,7,SXAVkDfJpDc,1,0
20260903,UCiLmCoftZHWXSFuQlnEJSsQ,SlDTZdCoX7w,104,5,7,S_H_9NWpfWQ,1,0
20260903,UCiLmCoftZHWXSFuQlnEJSsQ,SlDTZdCoX7w,104,5,7,SaAC6ZlUCVU,1,0
20260903,UCiLmCoftZHWXSFuQlnEJSsQ,SlDTZdCoX7w,101,2,7,SevwqDvNxV8,1,0
20260903,UCiLmCoftZHWXSFuQlnEJSsQ,SlDTZdCoX7w,101,2,7,Sy5KGBIkAOc,1,0
20260903,UCiLmCoftZHWXSFuQlnEJSsQ,SlDTZdCoX7w,104,5,7,T0PbkO8-H-o,1,0
20260903,UCiLmCoftZHWXSFuQlnEJSsQ,SlDTZdCoX7w,102,19,7,T59t9VY5Wd0,1,0
20260903,UCiLmCoftZHWXSFuQlnEJSsQ,SlDTZdCoX7w,101,2,7,T6AeGH89lu8,2,0
20260903,UCiLmCoftZHWXSFuQlnEJSsQ,SlDTZdCoX7w,104,5,7,T6AeGH89lu8,1,0
20260903,UCiLmCoftZHWXSFuQlnEJSsQ,SlDTZdCoX7w,104,5,7,T9a6T0nMulU,1,0
20260903,UCiLmCoftZHWXSFuQlnEJSsQ,SlDTZdCoX7w,101,30,7,TCs_xNNvOLQ,1,0
20260903,UCiLmCoftZHWXSFuQlnEJSsQ,SlDTZdCoX7w,102,4,7,TFPFULhgtxI,1,0
20260903,UCiLmCoftZHWXSFuQlnEJSsQ,SlDTZdCoX7w,102,31,7,TI71ENfUCZQ,2,0
20260903,UCiLmCoftZHWXSFuQlnEJSsQ,SlDTZdCoX7w,102,4,7,TKwquEKR6zU,1,0
20260903,UCiLmCoftZHWXSFuQlnEJSsQ,SlDTZdCoX7w,103,27,7,TKwquEKR6zU,1,0
20260903,UCiLmCoftZHWXSFuQlnEJSsQ,SlDTZdCoX7w,104,5,7,TKwquEKR6zU,1,0
20260903,UCiLmCoftZHWXSFuQlnEJSsQ,SlDTZdCoX7w,102,1,7,TM0Xgrx4g6s,1,1
20260903,UCiLmCoftZHWXSFuQlnEJSsQ,SlDTZdCoX7w,102,29,7,TM0Xgrx4g6s,1,0
20260903,UCiLmCoftZHWXSFuQlnEJSsQ,SlDTZdCoX7w,104,5,7,TM0Xgrx4g6s,1,0
20260903,UCiLmCoftZHWXSFuQlnEJSsQ,SlDTZdCoX7w,101,2,7,TXTEc2ui6jY,1,0
20260903,UCiLmCoftZHWXSFuQlnEJSsQ,SlDTZdCoX7w,102,1,7,Tfy2YewycFI,1,0
20260903,UCiLmCoftZHWXSFuQlnEJSsQ,SlDTZdCoX7w,104,5,7,TlPA02nrRN4,1,0
20260903,UCiLmCoftZHWXSFuQlnEJSsQ,SlDTZdCoX7w,102,29,7,TnMZzi6did8,1,0
20260903,UCiLmCoftZHWXSFuQlnEJSsQ,SlDTZdCoX7w,102,4,7,Tod5YULZ4iM,1,0
20260903,UCiLmCoftZHWXSFuQlnEJSsQ,SlDTZdCoX7w,104,5,7,Tod5YULZ4iM,1,0
20260903,UCiLmCoftZHWXSFuQlnEJSsQ,SlDTZdCoX7w,105,5,7,TxeDtcYwP48,1,0
20260903,UCiLmCoftZHWXSFuQlnEJSsQ,SlDTZdCoX7w,104,5,7,Tz2dbJCDt_I,1,1
20260903,UCiLmCoftZHWXSFuQlnEJSsQ,SlDTZdCoX7w,102,31,7,U1-3mhyJzMo,1,0
20260903,UCiLmCoftZHWXSFuQlnEJSsQ,SlDTZdCoX7w,104,4,7,UZ9Q8qXf73U,1,0
20260903,UCiLmCoftZHWXSFuQlnEJSsQ,SlDTZdCoX7w,104,5,7,UZCj-TkOXAA,1,0
20260903,UCiLmCoftZHWXSFuQlnEJSsQ,SlDTZdCoX7w,104,4,7,UeW8UjWzAXQ,1,0
20260903,UCiLmCoftZHWXSFuQlnEJSsQ,SlDTZdCoX7w,101,2,7,UlGkBeKfjNM,1,0
20260903,UCiLmCoftZHWXSFuQlnEJSsQ,SlDTZdCoX7w,104,5,7,UvJBtmfLEpc,1,0
20260903,UCiLmCoftZHWXSFuQlnEJSsQ,SlDTZdCoX7w,104,5,7,UwdDuzuZIz0,1,0
20260903,UCiLmCoftZHWXSFuQlnEJSsQ,SlDTZdCoX7w,105,5,7,UykDd1Y4X-E,1,0
20260903,UCiLmCoftZHWXSFuQlnEJSsQ,SlDTZdCoX7w,103,27,7,Uz75IR9CdWY,1,0
20260903,UCiLmCoftZHWXSFuQlnEJSsQ,SlDTZdCoX7w,102,4,7,UzPF2WudDNc,1,0
20260903,UCiLmCoftZHWXSFuQlnEJSsQ,SlDTZdCoX7w,102,31,7,V6em-gcJupE,1,0
20260903,UCiLmCoftZHWXSFuQlnEJSsQ,SlDTZdCoX7w,104,4,7,V6em-gcJupE,1,0
20260903,UCiLmCoftZHWXSFuQlnEJSsQ,SlDTZdCoX7w,101,2,7,VABE-g4Ze7U,1,0
20260903,UCiLmCoftZHWXSFuQlnEJSsQ,SlDTZdCoX7w,102,29,7,VI6Zc9ux-_k,1,0
20260903,UCiLmCoftZHWXSFuQlnEJSsQ,SlDTZdCoX7w,102,4,7,VNOSsBtWnpw,1,0
20260903,UCiLmCoftZHWXSFuQlnEJSsQ,SlDTZdCoX7w,102,31,7,VPca_E6_YTU,1,0
20260903,UCiLmCoftZHWXSFuQlnEJSsQ,SlDTZdCoX7w,105,5,7,VVpYokXo4aU,1,0
20260903,UCiLmCoftZHWXSFuQlnEJSsQ,SlDTZdCoX7w,104,5,7,VW4A5YocclU,1,0
20260903,UCiLmCoftZHWXSFuQlnEJSsQ,SlDTZdCoX7w,102,1,7,VcPSyX3sLpk,1,0
20260903,UCiLmCoftZHWXSFuQlnEJSsQ,SlDTZdCoX7w,104,4,7,Vgwuc0C9UoQ,1,0
20260903,UCiLmCoftZHWXSFuQlnEJSsQ,SlDTZdCoX7w,104,5,7,Vgwuc0C9UoQ,1,0
20260903,UCiLmCoftZHWXSFuQlnEJSsQ,SlDTZdCoX7w,101,2,7,VhJCqPSXvc4,1,0
20260903,UCiLmCoftZHWXSFuQlnEJSsQ,SlDTZdCoX7w,102,31,7,VwPBWwBoIBY,1,0
20260903,UCiLmCoftZHWXSFuQlnEJSsQ,SlDTZdCoX7w,101,2,7,VzWVrQnxUxI,1,0
20260903,UCiLmCoftZHWXSFuQlnEJSsQ,SlDTZdCoX7w,104,5,7,WI6ThSFeyxs,1,0
20260903,UCiLmCoftZHWXSFuQlnEJSsQ,SlDTZdCoX7w,104,5,7,WJWA95R0gUo,1,0
20260903,UCiLmCoftZHWXSFuQlnEJSsQ,SlDTZdCoX7w,104,5,7,WVj2h6bRxus,1,0
20260903,UCiLmCoftZHWXSFuQlnEJSsQ,SlDTZdCoX7w,102,29,7,W_ll5_m4Q8c,1,0
20260903,UCiLmCoftZHWXSFuQlnEJSsQ,SlDTZdCoX7w,101,9,7,WcxYhJhWrIk,1,0
20260903,UCiLmCoftZHWXSFuQlnEJSsQ,SlDTZdCoX7w,104,5,7,WeW7R5ekY-k,1,0
20260903,UCiLmCoftZHWXSFuQlnEJSsQ,SlDTZdCoX7w,102,4,7,WlXU_stPcGM,2,0
20260903,UCiLmCoftZHWXSFuQlnEJSsQ,SlDTZdCoX7w,102,29,7,WlhY2wpknuc,1,0
20260903,UCiLmCoftZHWXSFuQlnEJSsQ,SlDTZdCoX7w,102,1,7,Wm5qPJrQrB8,1,0
20260903,UCiLmCoftZHWXSFuQlnEJSsQ,SlDTZdCoX7w,102,29,7,Wm5qPJrQrB8,1,0
20260903,UCiLmCoftZHWXSFuQlnEJSsQ,SlDTZdCoX7w,104,5,7,Wm5qPJrQrB8,1,0
20260903,UCiLmCoftZHWXSFuQlnEJSsQ,SlDTZdCoX7w,105,5,7,WnXugPVsjCc,1,0
20260903,UCiLmCoftZHWXSFuQlnEJSsQ,SlDTZdCoX7w,101,2,7,WsEof0FhwZA,1,0
20260903,UCiLmCoftZHWXSFuQlnEJSsQ,SlDTZdCoX7w,104,5,7,WwU1YF9aU5Y,1,0
20260903,UCiLmCoftZHWXSFuQlnEJSsQ,SlDTZdCoX7w,101,9,7,X46g7NdKPlY,1,0
20260903,UCiLmCoftZHWXSFuQlnEJSsQ,SlDTZdCoX7w,104,5,7,X6CsGWUuKY4,3,0.33333333333333331
20260903,UCiLmCoftZHWXSFuQlnEJSsQ,SlDTZdCoX7w,104,5,7,XC-6xnUyWB0,1,0
20260903,UCiLmCoftZHWXSFuQlnEJSsQ,SlDTZdCoX7w,104,5,7,XMqTx7jlxrQ,1,0
20260903,UCiLmCoftZHWXSFuQlnEJSsQ,SlDTZdCoX7w,102,4,7,XNtQmcEbQfU,1,0
20260903,UCiLmCoftZHWXSFuQlnEJSsQ,SlDTZdCoX7w,101,2,7,XS60uqv1xwk,1,0
20260903,UCiLmCoftZHWXSFuQlnEJSsQ,SlDTZdCoX7w,102,1,7,XS60uqv1xwk,1,0
20260903,UCiLmCoftZHWXSFuQlnEJSsQ,SlDTZdCoX7w,102,4,7,XS60uqv1xwk,1,0
20260903,UCiLmCoftZHWXSFuQlnEJSsQ,SlDTZdCoX7w,101,2,7,XSi6bvlsBMg,1,0
20260903,UCiLmCoftZHWXSFuQlnEJSsQ,SlDTZdCoX7w,104,4,7,XT2VnNGnnrw,1,0
20260903,UCiLmCoftZHWXSFuQlnEJSsQ,SlDTZdCoX7w,102,4,7,XTwmNFbN_Zs,1,0
20260903,UCiLmCoftZHWXSFuQlnEJSsQ,SlDTZdCoX7w,102,1,7,XYDW13oKIzk,1,0
20260903,UCiLmCoftZHWXSFuQlnEJSsQ,SlDTZdCoX7w,104,5,7,XrmmhhVIe9k,2,0
20260903,UCiLmCoftZHWXSFuQlnEJSsQ,SlDTZdCoX7w,104,5,7,Xzrtp70gsMA,1,0
20260903,UCiLmCoftZHWXSFuQlnEJSsQ,SlDTZdCoX7w,102,29,7,Y0JB7rny-iQ,1,0
20260903,UCiLmCoftZHWXSFuQlnEJSsQ,SlDTZdCoX7w,104,5,7,Y0JB7rny-iQ,1,0
20260903,UCiLmCoftZHWXSFuQlnEJSsQ,SlDTZdCoX7w,104,5,7,YF6zo4-AO5c,2,0
20260903,UCiLmCoftZHWXSFuQlnEJSsQ,SlDTZdCoX7w,101,2,7,YXNccDqyWiE,1,0
20260903,UCiLmCoftZHWXSFuQlnEJSsQ,SlDTZdCoX7w,101,2,7,YdccUnqbPcA,1,0
20260903,UCiLmCoftZHWXSFuQlnEJSsQ,SlDTZdCoX7w,104,5,7,YeCcYowmzC0,1,0
20260903,UCiLmCoftZHWXSFuQlnEJSsQ,SlDTZdCoX7w,102,4,7,YgOd8ZpFaUU,1,0
20260903,UCiLmCoftZHWXSFuQlnEJSsQ,SlDTZdCoX7w,102,19,7,YhMQs9TUc88,1,0
20260903,UCiLmCoftZHWXSFuQlnEJSsQ,SlDTZdCoX7w,102,4,7,YjU71xW4IkA,1,0
20260903,UCiLmCoftZHWXSFuQlnEJSsQ,SlDTZdCoX7w,102,1,7,YjUibPCheEk,1,0
20260903,UCiLmCoftZHWXSFuQlnEJSsQ,SlDTZdCoX7w,102,4,7,YjUibPCheEk,1,0
20260903,UCiLmCoftZHWXSFuQlnEJSsQ,SlDTZdCoX7w,104,5,7,YjUibPCheEk,1,0
20260903,UCiLmCoftZHWXSFuQlnEJSsQ,SlDTZdCoX7w,104,5,7,YpC3v30V9Ac,1,0
20260903,UCiLmCoftZHWXSFuQlnEJSsQ,SlDTZdCoX7w,102,29,7,YqYY-3WhOmI,1,0
20260903,UCiLmCoftZHWXSFuQlnEJSsQ,SlDTZdCoX7w,105,4,7,Yvm5MSlIhhE,1,0
20260903,UCiLmCoftZHWXSFuQlnEJSsQ,SlDTZdCoX7w,104,5,7,YwNk4dRmvxA,1,0
20260903,UCiLmCoftZHWXSFuQlnEJSsQ,SlDTZdCoX7w,101,2,7,YwdvTmdvlPo,1,0
20260903,UCiLmCoftZHWXSFuQlnEJSsQ,SlDTZdCoX7w,103,27,7,Z0_3bty075E,1,1
20260903,UCiLmCoftZHWXSFuQlnEJSsQ,SlDTZdCoX7w,102,4,7,Z1Y4dHcNe7Y,1,0
20260903,UCiLmCoftZHWXSFuQlnEJSsQ,SlDTZdCoX7w,104,5,7,Z2WAl1DXO0A,1,0
20260903,UCiLmCoftZHWXSFuQlnEJSsQ,SlDTZdCoX7w,104,5,7,Z4f1MiK2jks,1,0
20260903,UCiLmCoftZHWXSFuQlnEJSsQ,SlDTZdCoX7w,101,2,7,Z9Hn922_t-I,1,0
20260903,UCiLmCoftZHWXSFuQlnEJSsQ,SlDTZdCoX7w,102,4,7,ZDfAw0YfQ0o,1,0
20260903,UCiLmCoftZHWXSFuQlnEJSsQ,SlDTZdCoX7w,103,27,7,ZEdtID7XZl4,1,0
20260903,UCiLmCoftZHWXSFuQlnEJSsQ,SlDTZdCoX7w,104,5,7,ZIwOYwUTKNY,1,0
20260903,UCiLmCoftZHWXSFuQlnEJSsQ,SlDTZdCoX7w,101,2,7,ZL0pB9T2Zi4,1,0
20260903,UCiLmCoftZHWXSFuQlnEJSsQ,SlDTZdCoX7w,103,27,7,ZL0pB9T2Zi4,1,0
20260903,UCiLmCoftZHWXSFuQlnEJSsQ,SlDTZdCoX7w,101,9,7,ZN2XXmH-NPs,1,0
20260903,UCiLmCoftZHWXSFuQlnEJSsQ,SlDTZdCoX7w,104,5,7,ZNJ1cip6fSA,1,0
20260903,UCiLmCoftZHWXSFuQlnEJSsQ,SlDTZdCoX7w,102,29,7,ZROuG57QGls,1,0
20260903,UCiLmCoftZHWXSFuQlnEJSsQ,SlDTZdCoX7w,103,27,7,ZSCnrDeujnM,1,0
20260903,UCiLmCoftZHWXSFuQlnEJSsQ,SlDTZdCoX7w,101,2,7,ZXxifY3eTgc,1,0
20260903,UCiLmCoftZHWXSFuQlnEJSsQ,SlDTZdCoX7w,102,19,7,ZXxifY3eTgc,1,0
20260903,UCiLmCoftZHWXSFuQlnEJSsQ,SlDTZdCoX7w,104,5,7,ZXxifY3eTgc,1,0
20260903,UCiLmCoftZHWXSFuQlnEJSsQ,SlDTZdCoX7w,104,5,7,ZYTZCkzPynI,1,0
20260903,UCiLmCoftZHWXSFuQlnEJSsQ,SlDTZdCoX7w,102,1,7,ZjCzFNNvcpM,1,0
20260903,UCiLmCoftZHWXSFuQlnEJSsQ,SlDTZdCoX7w,104,5,7,ZjCzFNNvcpM,1,0
20260903,UCiLmCoftZHWXSFuQlnEJSsQ,SlDTZdCoX7w,101,2,7,ZvcocaoXJzo,4,0
20260903,UCiLmCoftZHWXSFuQlnEJSsQ,SlDTZdCoX7w,101,9,7,ZvcocaoXJzo,2,0
20260903,UCiLmCoftZHWXSFuQlnEJSsQ,SlDTZdCoX7w,102,4,7,ZvcocaoXJzo,2,0
20260903,UCiLmCoftZHWXSFuQlnEJSsQ,SlDTZdCoX7w,102,29,7,ZvcocaoXJzo,2,0
20260903,UCiLmCoftZHWXSFuQlnEJSsQ,SlDTZdCoX7w,103,10,7,ZvcocaoXJzo,2,0
20260903,UCiLmCoftZHWXSFuQlnEJSsQ,SlDTZdCoX7w,103,27,7,ZvcocaoXJzo,2,0
20260903,UCiLmCoftZHWXSFuQlnEJSsQ,SlDTZdCoX7w,104,4,7,ZvcocaoXJzo,1,0
20260903,UCiLmCoftZHWXSFuQlnEJSsQ,SlDTZdCoX7w,104,5,7,ZvcocaoXJzo,4,0.5
20260903,UCiLmCoftZHWXSFuQlnEJSsQ,SlDTZdCoX7w,104,5,7,ZvnJTKAPmX4,3,0
20260903,UCiLmCoftZHWXSFuQlnEJSsQ,SlDTZdCoX7w,104,5,7,Zx4r20brkQM,1,0
20260903,UCiLmCoftZHWXSFuQlnEJSsQ,SlDTZdCoX7w,102,29,7,ZzK35XcvVJU,1,0
20260903,UCiLmCoftZHWXSFuQlnEJSsQ,SlDTZdCoX7w,104,5,7,_4BLiOP1aaY,1,0
20260903,UCiLmCoftZHWXSFuQlnEJSsQ,SlDTZdCoX7w,101,2,7,_9CWaOPfRS8,1,0
20260903,UCiLmCoftZHWXSFuQlnEJSsQ,SlDTZdCoX7w,101,2,7,_Bm66BRnM1A,2,0
20260903,UCiLmCoftZHWXSFuQlnEJSsQ,SlDTZdCoX7w,102,29,7,_Bm66BRnM1A,2,0
20260903,UCiLmCoftZHWXSFuQlnEJSsQ,SlDTZdCoX7w,103,27,7,_Bm66BRnM1A,1,0
20260903,UCiLmCoftZHWXSFuQlnEJSsQ,SlDTZdCoX7w,104,4,7,_Bm66BRnM1A,2,0
20260903,UCiLmCoftZHWXSFuQlnEJSsQ,SlDTZdCoX7w,104,5,7,_BoCEq2En4c,1,0
20260903,UCiLmCoftZHWXSFuQlnEJSsQ,SlDTZdCoX7w,104,5,7,_dFctWCwkpo,1,0
20260903,UCiLmCoftZHWXSFuQlnEJSsQ,SlDTZdCoX7w,104,5,7,_jQhW4UhlTM,1,0
20260903,UCiLmCoftZHWXSFuQlnEJSsQ,SlDTZdCoX7w,102,4,7,_l7l5BH4h_s,3,0.66666666666666663
20260903,UCiLmCoftZHWXSFuQlnEJSsQ,SlDTZdCoX7w,104,5,7,_l7l5BH4h_s,7,0.2857142857142857
20260903,UCiLmCoftZHWXSFuQlnEJSsQ,SlDTZdCoX7w,102,31,7,_l8cHIml_x0,1,0
20260903,UCiLmCoftZHWXSFuQlnEJSsQ,SlDTZdCoX7w,101,2,7,_nvTzA7T6gM,1,0
20260903,UCiLmCoftZHWXSFuQlnEJSsQ,SlDTZdCoX7w,101,2,7,_v9B7mp_Ldw,1,0
20260903,UCiLmCoftZHWXSFuQlnEJSsQ,SlDTZdCoX7w,102,29,7,_x2iLwQQQSA,1,0
20260903,UCiLmCoftZHWXSFuQlnEJSsQ,SlDTZdCoX7w,104,5,7,_z0PO-tGlFc,2,0
20260903,UCiLmCoftZHWXSFuQlnEJSsQ,SlDTZdCoX7w,101,2,7,a-jAwwgnPEI,1,0
20260903,UCiLmCoftZHWXSFuQlnEJSsQ,SlDTZdCoX7w,102,29,7,a030AbjMkV8,1,0
20260903,UCiLmCoftZHWXSFuQlnEJSsQ,SlDTZdCoX7w,104,5,7,a1W4IUIiuYY,1,0
20260903,UCiLmCoftZHWXSFuQlnEJSsQ,SlDTZdCoX7w,103,27,7,aC0zbh2SEUk,1,0
20260903,UCiLmCoftZHWXSFuQlnEJSsQ,SlDTZdCoX7w,103,10,7,aDO2wFzCKf0,1,0
20260903,UCiLmCoftZHWXSFuQlnEJSsQ,SlDTZdCoX7w,104,4,7,aHI9ow8nEHk,1,0
20260903,UCiLmCoftZHWXSFuQlnEJSsQ,SlDTZdCoX7w,101,2,7,aJiGMwDeBQ4,1,0
20260903,UCiLmCoftZHWXSFuQlnEJSsQ,SlDTZdCoX7w,104,5,7,aJiGMwDeBQ4,2,0.5
20260903,UCiLmCoftZHWXSFuQlnEJSsQ,SlDTZdCoX7w,104,5,7,aYuQl_YujxI,2,0.5
20260903,UCiLmCoftZHWXSFuQlnEJSsQ,SlDTZdCoX7w,102,1,7,ai1PNE2EKK0,1,0
20260903,UCiLmCoftZHWXSFuQlnEJSsQ,SlDTZdCoX7w,104,5,7,anWKStyqfv8,1,0
20260903,UCiLmCoftZHWXSFuQlnEJSsQ,SlDTZdCoX7w,102,29,7,arTy0bXkEyk,2,0
20260903,UCiLmCoftZHWXSFuQlnEJSsQ,SlDTZdCoX7w,102,4,7,b9Gk_zb4cf4,1,0
20260903,UCiLmCoftZHWXSFuQlnEJSsQ,SlDTZdCoX7w,102,4,7,bAhuI2jRbBI,1,0
20260903,UCiLmCoftZHWXSFuQlnEJSsQ,SlDTZdCoX7w,101,30,7,bLS6yLdFNq8,1,0
20260903,UCiLmCoftZHWXSFuQlnEJSsQ,SlDTZdCoX7w,102,4,7,bLS6yLdFNq8,1,0
20260903,UCiLmCoftZHWXSFuQlnEJSsQ,SlDTZdCoX7w,104,5,7,bLS6yLdFNq8,3,0
20260903,UCiLmCoftZHWXSFuQlnEJSsQ,SlDTZdCoX7w,102,1,7,bN4h7YSkH2k,1,0
20260903,UCiLmCoftZHWXSFuQlnEJSsQ,SlDTZdCoX7w,102,4,7,bT5aJOcd2lU,1,0
20260903,UCiLmCoftZHWXSFuQlnEJSsQ,SlDTZdCoX7w,104,5,7,bZmBnQ9sYVE,1,0
20260903,UCiLmCoftZHWXSFuQlnEJSsQ,SlDTZdCoX7w,103,27,7,bfv-VaaAlxc,1,0
20260903,UCiLmCoftZHWXSFuQlnEJSsQ,SlDTZdCoX7w,102,29,7,biqeQAFB5FA,1,0
20260903,UCiLmCoftZHWXSFuQlnEJSsQ,SlDTZdCoX7w,104,5,7,brRHjqmggb0,1,0
20260903,UCiLmCoftZHWXSFuQlnEJSsQ,SlDTZdCoX7w,101,2,7,byDgy8zIaXk,1,0
20260903,UCiLmCoftZHWXSFuQlnEJSsQ,SlDTZdCoX7w,102,29,7,bybF6GsY41A,1,1
20260903,UCiLmCoftZHWXSFuQlnEJSsQ,SlDTZdCoX7w,101,2,7,cBtqEehEKuQ,1,0
20260903,UCiLmCoftZHWXSFuQlnEJSsQ,SlDTZdCoX7w,104,5,7,cBtqEehEKuQ,3,0
20260903,UCiLmCoftZHWXSFuQlnEJSsQ,SlDTZdCoX7w,102,29,7,cC2B2D-HFYA,1,0
20260903,UCiLmCoftZHWXSFuQlnEJSsQ,SlDTZdCoX7w,102,1,7,cSXNXzjU02c,1,0
20260903,UCiLmCoftZHWXSFuQlnEJSsQ,SlDTZdCoX7w,103,27,7,cYFtNVKcXKc,1,0
20260903,UCiLmCoftZHWXSFuQlnEJSsQ,SlDTZdCoX7w,101,2,7,ck0Knx13vk8,1,0
20260903,UCiLmCoftZHWXSFuQlnEJSsQ,SlDTZdCoX7w,104,5,7,ck0Knx13vk8,3,0
20260903,UCiLmCoftZHWXSFuQlnEJSsQ,SlDTZdCoX7w,102,4,7,cwPc22Oro3U,1,1
20260903,UCiLmCoftZHWXSFuQlnEJSsQ,SlDTZdCoX7w,102,1,7,cy8V6fj0IO4,1,0
20260903,UCiLmCoftZHWXSFuQlnEJSsQ,SlDTZdCoX7w,101,2,7,d8pXI3eUIA0,1,0
20260903,UCiLmCoftZHWXSFuQlnEJSsQ,SlDTZdCoX7w,102,1,7,dKXNY-HmbNE,1,0
20260903,UCiLmCoftZHWXSFuQlnEJSsQ,SlDTZdCoX7w,102,4,7,dP9N7HnPTmU,1,0
20260903,UCiLmCoftZHWXSFuQlnEJSsQ,SlDTZdCoX7w,104,5,7,dP9N7HnPTmU,3,0
20260903,UCiLmCoftZHWXSFuQlnEJSsQ,SlDTZdCoX7w,104,5,7,dP_-1vBSewY,1,0
20260903,UCiLmCoftZHWXSFuQlnEJSsQ,SlDTZdCoX7w,103,27,7,dQqRUiIbENQ,1,0
20260903,UCiLmCoftZHWXSFuQlnEJSsQ,SlDTZdCoX7w,101,2,7,dRG7R_eWJ6Q,3,0
20260903,UCiLmCoftZHWXSFuQlnEJSsQ,SlDTZdCoX7w,104,4,7,dRG7R_eWJ6Q,2,0.5
20260903,UCiLmCoftZHWXSFuQlnEJSsQ,SlDTZdCoX7w,104,5,7,dRG7R_eWJ6Q,2,0
20260903,UCiLmCoftZHWXSFuQlnEJSsQ,SlDTZdCoX7w,105,5,7,dRG7R_eWJ6Q,1,0
20260903,UCiLmCoftZHWXSFuQlnEJSsQ,SlDTZdCoX7w,104,5,7,d_ceURW8SWg,1,0
20260903,UCiLmCoftZHWXSFuQlnEJSsQ,SlDTZdCoX7w,102,4,7,dgK0CnsaRJA,1,0
20260903,UCiLmCoftZHWXSFuQlnEJSsQ,SlDTZdCoX7w,103,27,7,dgK0CnsaRJA,1,0
20260903,UCiLmCoftZHWXSFuQlnEJSsQ,SlDTZdCoX7w,104,5,7,dhys8ycR5Iw,1,0
20260903,UCiLmCoftZHWXSFuQlnEJSsQ,SlDTZdCoX7w,102,4,7,djW2CP6LBnU,1,0
20260903,UCiLmCoftZHWXSFuQlnEJSsQ,SlDTZdCoX7w,101,2,7,dr2WPOgRaqc,2,0
20260903,UCiLmCoftZHWXSFuQlnEJSsQ,SlDTZdCoX7w,104,5,7,dul997V80Z8,1,0
20260903,UCiLmCoftZHWXSFuQlnEJSsQ,SlDTZdCoX7w,104,5,7,dx5bTTUIA9Q,2,0
20260903,UCiLmCoftZHWXSFuQlnEJSsQ,SlDTZdCoX7w,102,29,7,e1HhQHyuH6E,1,0
20260903,UCiLmCoftZHWXSFuQlnEJSsQ,SlDTZdCoX7w,104,4,7,e43vXrBDGVM,1,0
20260903,UCiLmCoftZHWXSFuQlnEJSsQ,SlDTZdCoX7w,101,2,7,e7TEdVLTO8A,1,0
20260903,UCiLmCoftZHWXSFuQlnEJSsQ,SlDTZdCoX7w,102,4,7,eAfQdDeCidw,1,0
20260903,UCiLmCoftZHWXSFuQlnEJSsQ,SlDTZdCoX7w,102,1,7,eC98yj6W7-s,1,0
20260903,UCiLmCoftZHWXSFuQlnEJSsQ,SlDTZdCoX7w,102,19,7,eS3UMn6CzPw,1,0
20260903,UCiLmCoftZHWXSFuQlnEJSsQ,SlDTZdCoX7w,104,5,7,eSoExNfZpRE,1,0
20260903,UCiLmCoftZHWXSFuQlnEJSsQ,SlDTZdCoX7w,101,2,7,eVx-Ofeomwo,1,0
20260903,UCiLmCoftZHWXSFuQlnEJSsQ,SlDTZdCoX7w,102,29,7,eX74SzFKCJs,1,0
20260903,UCiLmCoftZHWXSFuQlnEJSsQ,SlDTZdCoX7w,102,1,7,efsfjT20KVU,1,0
20260903,UCiLmCoftZHWXSFuQlnEJSsQ,SlDTZdCoX7w,104,5,7,evMRqRppb5w,1,0
20260903,UCiLmCoftZHWXSFuQlnEJSsQ,SlDTZdCoX7w,101,2,7,f1P1fpNCfNw,2,0
20260903,UCiLmCoftZHWXSFuQlnEJSsQ,SlDTZdCoX7w,102,4,7,fGCf0VrJhhc,1,0
20260903,UCiLmCoftZHWXSFuQlnEJSsQ,SlDTZdCoX7w,102,29,7,fKPiPLIshyE,1,0
20260903,UCiLmCoftZHWXSFuQlnEJSsQ,SlDTZdCoX7w,101,2,7,fNBHcL6XJRc,3,0
20260903,UCiLmCoftZHWXSFuQlnEJSsQ,SlDTZdCoX7w,102,31,7,ffEBfM9JAWU,1,0
20260903,UCiLmCoftZHWXSFuQlnEJSsQ,SlDTZdCoX7w,104,5,7,foKTkU_2rGc,1,0
20260903,UCiLmCoftZHWXSFuQlnEJSsQ,SlDTZdCoX7w,101,9,7,fskJz39EF3U,1,0
20260903,UCiLmCoftZHWXSFuQlnEJSsQ,SlDTZdCoX7w,101,2,7,fw9Lrk9_Zj0,1,0
20260903,UCiLmCoftZHWXSFuQlnEJSsQ,SlDTZdCoX7w,105,5,7,fxLaXFMggGQ,1,0
20260903,UCiLmCoftZHWXSFuQlnEJSsQ,SlDTZdCoX7w,101,2,7,g1GPX8SlOmU,1,0
20260903,UCiLmCoftZHWXSFuQlnEJSsQ,SlDTZdCoX7w,104,4,7,g1GPX8SlOmU,1,1
20260903,UCiLmCoftZHWXSFuQlnEJSsQ,SlDTZdCoX7w,101,2,7,g3N6AQxFQY0,1,0
20260903,UCiLmCoftZHWXSFuQlnEJSsQ,SlDTZdCoX7w,102,1,7,g3N6AQxFQY0,1,0
20260903,UCiLmCoftZHWXSFuQlnEJSsQ,SlDTZdCoX7w,102,4,7,g3N6AQxFQY0,1,0
20260903,UCiLmCoftZHWXSFuQlnEJSsQ,SlDTZdCoX7w,102,29,7,g3N6AQxFQY0,1,0
20260903,UCiLmCoftZHWXSFuQlnEJSsQ,SlDTZdCoX7w,102,31,7,g3N6AQxFQY0,1,0
20260903,UCiLmCoftZHWXSFuQlnEJSsQ,SlDTZdCoX7w,104,5,7,gDBkrbui9Dc,1,0
20260903,UCiLmCoftZHWXSFuQlnEJSsQ,SlDTZdCoX7w,103,27,7,gMWiL-Tzots,1,0
20260903,UCiLmCoftZHWXSFuQlnEJSsQ,SlDTZdCoX7w,105,5,7,gX09BYDGVhs,1,0
20260903,UCiLmCoftZHWXSFuQlnEJSsQ,SlDTZdCoX7w,104,5,7,gY3pMOA-WUY,1,0
20260903,UCiLmCoftZHWXSFuQlnEJSsQ,SlDTZdCoX7w,104,5,7,gZ8BcdiCyfU,1,0
20260903,UCiLmCoftZHWXSFuQlnEJSsQ,SlDTZdCoX7w,104,5,7,gqjFxyrxYj0,1,0
20260903,UCiLmCoftZHWXSFuQlnEJSsQ,SlDTZdCoX7w,104,4,7,gu4tKq4F70I,1,0
20260903,UCiLmCoftZHWXSFuQlnEJSsQ,SlDTZdCoX7w,101,2,7,h0hqXKLjbCI,1,0
20260903,UCiLmCoftZHWXSFuQlnEJSsQ,SlDTZdCoX7w,103,10,7,h4V7wd4svG4,1,0
20260903,UCiLmCoftZHWXSFuQlnEJSsQ,SlDTZdCoX7w,104,5,7,h8k3V03SEcQ,1,0
20260903,UCiLmCoftZHWXSFuQlnEJSsQ,SlDTZdCoX7w,104,4,7,hAFn6sX7NP0,1,0
20260903,UCiLmCoftZHWXSFuQlnEJSsQ,SlDTZdCoX7w,101,2,7,hCD37B6EdxQ,1,0
20260903,UCiLmCoftZHWXSFuQlnEJSsQ,SlDTZdCoX7w,104,5,7,hDQS4AgTc6c,1,0
20260903,UCiLmCoftZHWXSFuQlnEJSsQ,SlDTZdCoX7w,101,30,7,hEKsTZNYpcs,1,0
20260903,UCiLmCoftZHWXSFuQlnEJSsQ,SlDTZdCoX7w,102,4,7,hEQqOdCrOdo,1,0
20260903,UCiLmCoftZHWXSFuQlnEJSsQ,SlDTZdCoX7w,104,5,7,hHSKvowbmYk,1,0
20260903,UCiLmCoftZHWXSFuQlnEJSsQ,SlDTZdCoX7w,104,5,7,hKHqzCderpQ,2,0
20260903,UCiLmCoftZHWXSFuQlnEJSsQ,SlDTZdCoX7w,102,4,7,hVWwNjEp7rk,1,1
20260903,UCiLmCoftZHWXSFuQlnEJSsQ,SlDTZdCoX7w,101,2,7,hXUVfane2uM,2,0
20260903,UCiLmCoftZHWXSFuQlnEJSsQ,SlDTZdCoX7w,104,4,7,hXUVfane2uM,1,1
20260903,UCiLmCoftZHWXSFuQlnEJSsQ,SlDTZdCoX7w,104,5,7,hXUVfane2uM,3,0
20260903,UCiLmCoftZHWXSFuQlnEJSsQ,SlDTZdCoX7w,103,27,7,hYRfFxGXeZc,1,0
20260903,UCiLmCoftZHWXSFuQlnEJSsQ,SlDTZdCoX7w,102,4,7,iEr0tSGRiMs,1,0
20260903,UCiLmCoftZHWXSFuQlnEJSsQ,SlDTZdCoX7w,104,5,7,iEr0tSGRiMs,1,1
20260903,UCiLmCoftZHWXSFuQlnEJSsQ,SlDTZdCoX7w,101,2,7,iIcpiUg_7NQ,1,0
20260903,UCiLmCoftZHWXSFuQlnEJSsQ,SlDTZdCoX7w,102,4,7,iKb_5hvRTFY,1,0
20260903,UCiLmCoftZHWXSFuQlnEJSsQ,SlDTZdCoX7w,104,5,7,iKb_5hvRTFY,1,1
20260903,UCiLmCoftZHWXSFuQlnEJSsQ,SlDTZdCoX7w,103,27,7,iKhbjP4JB3o,1,0
20260903,UCiLmCoftZHWXSFuQlnEJSsQ,SlDTZdCoX7w,102,29,7,iQmaNmimpDQ,1,0
20260903,UCiLmCoftZHWXSFuQlnEJSsQ,SlDTZdCoX7w,104,5,7,iY8MTHoN3dY,1,0
20260903,UCiLmCoftZHWXSFuQlnEJSsQ,SlDTZdCoX7w,102,1,7,ikFaEAlO5N0,1,0
20260903,UCiLmCoftZHWXSFuQlnEJSsQ,SlDTZdCoX7w,102,4,7,ikFaEAlO5N0,2,0
20260903,UCiLmCoftZHWXSFuQlnEJSsQ,SlDTZdCoX7w,102,13,7,ikFaEAlO5N0,1,0
20260903,UCiLmCoftZHWXSFuQlnEJSsQ,SlDTZdCoX7w,102,29,7,ikFaEAlO5N0,1,0
20260903,UCiLmCoftZHWXSFuQlnEJSsQ,SlDTZdCoX7w,104,5,7,ikFaEAlO5N0,1,0
20260903,UCiLmCoftZHWXSFuQlnEJSsQ,SlDTZdCoX7w,102,29,7,irzatcQkIqU,1,1
20260903,UCiLmCoftZHWXSFuQlnEJSsQ,SlDTZdCoX7w,104,5,7,irzatcQkIqU,1,0
20260903,UCiLmCoftZHWXSFuQlnEJSsQ,SlDTZdCoX7w,105,5,7,irzatcQkIqU,1,0
20260903,UCiLmCoftZHWXSFuQlnEJSsQ,SlDTZdCoX7w,102,19,7,ivijoIfhl0o,1,0
20260903,UCiLmCoftZHWXSFuQlnEJSsQ,SlDTZdCoX7w,104,5,7,iwCwOQmJFsU,1,1
20260903,UCiLmCoftZHWXSFuQlnEJSsQ,SlDTZdCoX7w,104,5,7,j9LQat01_Uo,1,0
20260903,UCiLmCoftZHWXSFuQlnEJSsQ,SlDTZdCoX7w,105,5,7,jBRtNv3kug8,1,1
20260903,UCiLmCoftZHWXSFuQlnEJSsQ,SlDTZdCoX7w,102,29,7,jC15nRFPzEA,1,0
20260903,UCiLmCoftZHWXSFuQlnEJSsQ,SlDTZdCoX7w,104,5,7,jF2RNLdcwt0,1,0
20260903,UCiLmCoftZHWXSFuQlnEJSsQ,SlDTZdCoX7w,101,2,7,jRe6--W2b4w,1,0
20260903,UCiLmCoftZHWXSFuQlnEJSsQ,SlDTZdCoX7w,102,29,7,jUkILw0u8Zs,1,0
20260903,UCiLmCoftZHWXSFuQlnEJSsQ,SlDTZdCoX7w,102,4,7,jf39EPbhpCo,1,0
20260903,UCiLmCoftZHWXSFuQlnEJSsQ,SlDTZdCoX7w,104,5,7,jsYr7GonVhg,1,0
20260903,UCiLmCoftZHWXSFuQlnEJSsQ,SlDTZdCoX7w,104,5,7,k0Uufmx6DKY,1,0
20260903,UCiLmCoftZHWXSFuQlnEJSsQ,SlDTZdCoX7w,105,5,7,k7iq1y1bMqc,1,0
20260903,UCiLmCoftZHWXSFuQlnEJSsQ,SlDTZdCoX7w,101,2,7,kCLlwiW_MTM,1,0
20260903,UCiLmCoftZHWXSFuQlnEJSsQ,SlDTZdCoX7w,102,4,7,kEn98L5fFak,1,1
20260903,UCiLmCoftZHWXSFuQlnEJSsQ,SlDTZdCoX7w,104,5,7,kEn98L5fFak,1,0
20260903,UCiLmCoftZHWXSFuQlnEJSsQ,SlDTZdCoX7w,101,2,7,kIm4dcF6XDY,2,0
20260903,UCiLmCoftZHWXSFuQlnEJSsQ,SlDTZdCoX7w,104,5,7,kIm4dcF6XDY,4,0
20260903,UCiLmCoftZHWXSFuQlnEJSsQ,SlDTZdCoX7w,105,5,7,kIm4dcF6XDY,1,0
20260903,UCiLmCoftZHWXSFuQlnEJSsQ,SlDTZdCoX7w,102,31,7,kTFgbhTpZSw,1,0
20260903,UCiLmCoftZHWXSFuQlnEJSsQ,SlDTZdCoX7w,104,5,7,kVN3wnoQTuE,1,0
20260903,UCiLmCoftZHWXSFuQlnEJSsQ,SlDTZdCoX7w,101,9,7,kXRVoQtjbDs,1,0
20260903,UCiLmCoftZHWXSFuQlnEJSsQ,SlDTZdCoX7w,101,2,7,kXyvId1iIPI,2,0
20260903,UCiLmCoftZHWXSFuQlnEJSsQ,SlDTZdCoX7w,104,4,7,kbNMT4fV5Zc,1,0
20260903,UCiLmCoftZHWXSFuQlnEJSsQ,SlDTZdCoX7w,101,30,7,kdEE_l3E4qw,1,0
20260903,UCiLmCoftZHWXSFuQlnEJSsQ,SlDTZdCoX7w,104,4,7,kkpjZhMGb8o,1,0
20260903,UCiLmCoftZHWXSFuQlnEJSsQ,SlDTZdCoX7w,102,29,7,kotEPV4mk-c,1,0
20260903,UCiLmCoftZHWXSFuQlnEJSsQ,SlDTZdCoX7w,104,5,7,kotEPV4mk-c,1,0
20260903,UCiLmCoftZHWXSFuQlnEJSsQ,SlDTZdCoX7w,101,2,7,ktIMs4sxE3g,1,0
20260903,UCiLmCoftZHWXSFuQlnEJSsQ,SlDTZdCoX7w,104,4,7,l6E7ldsMVJM,1,0
20260903,UCiLmCoftZHWXSFuQlnEJSsQ,SlDTZdCoX7w,101,2,7,lDXLemHehzo,1,0
20260903,UCiLmCoftZHWXSFuQlnEJSsQ,SlDTZdCoX7w,102,4,7,lDXLemHehzo,1,0
20260903,UCiLmCoftZHWXSFuQlnEJSsQ,SlDTZdCoX7w,102,4,7,lIgAgvtbxEg,1,0
20260903,UCiLmCoftZHWXSFuQlnEJSsQ,SlDTZdCoX7w,104,5,7,lJog7xVHLH4,3,0
20260903,UCiLmCoftZHWXSFuQlnEJSsQ,SlDTZdCoX7w,103,27,7,lNPNJUtcOp4,1,0
20260903,UCiLmCoftZHWXSFuQlnEJSsQ,SlDTZdCoX7w,104,5,7,lPtEvt_krig,1,0
20260903,UCiLmCoftZHWXSFuQlnEJSsQ,SlDTZdCoX7w,102,29,7,lneG8lItdaQ,1,1
20260903,UCiLmCoftZHWXSFuQlnEJSsQ,SlDTZdCoX7w,105,5,7,lzgTXVYwBWM,1,0
20260903,UCiLmCoftZHWXSFuQlnEJSsQ,SlDTZdCoX7w,102,4,7,m3NvmaC-q6A,1,0
20260903,UCiLmCoftZHWXSFuQlnEJSsQ,SlDTZdCoX7w,104,5,7,m3NvmaC-q6A,1,0
20260903,UCiLmCoftZHWXSFuQlnEJSsQ,SlDTZdCoX7w,101,2,7,m4zd__9N2Yc,1,0
20260903,UCiLmCoftZHWXSFuQlnEJSsQ,SlDTZdCoX7w,102,19,7,m4zd__9N2Yc,1,1
20260903,UCiLmCoftZHWXSFuQlnEJSsQ,SlDTZdCoX7w,104,5,7,m96SbODK964,1,1
20260903,UCiLmCoftZHWXSFuQlnEJSsQ,SlDTZdCoX7w,101,2,7,m9yaHRe4CWg,1,0
20260903,UCiLmCoftZHWXSFuQlnEJSsQ,SlDTZdCoX7w,102,29,7,mCehgATOEig,1,0
20260903,UCiLmCoftZHWXSFuQlnEJSsQ,SlDTZdCoX7w,104,5,7,mDDGXNOcZSA,1,0
20260903,UCiLmCoftZHWXSFuQlnEJSsQ,SlDTZdCoX7w,102,29,7,mIn58HTVTD0,1,0
20260903,UCiLmCoftZHWXSFuQlnEJSsQ,SlDTZdCoX7w,104,5,7,mJCb-Xe3IYk,2,0
20260903,UCiLmCoftZHWXSFuQlnEJSsQ,SlDTZdCoX7w,104,5,7,mPPr8_GgsoY,1,0
20260903,UCiLmCoftZHWXSFuQlnEJSsQ,SlDTZdCoX7w,101,2,7,mUbg_-y0xhY,1,0
20260903,UCiLmCoftZHWXSFuQlnEJSsQ,SlDTZdCoX7w,101,2,7,mXu3nK8Q4Gk,1,0
20260903,UCiLmCoftZHWXSFuQlnEJSsQ,SlDTZdCoX7w,104,5,7,mXu3nK8Q4Gk,1,0
20260903,UCiLmCoftZHWXSFuQlnEJSsQ,SlDTZdCoX7w,104,4,7,mZS4cOSYMnU,1,0
20260903,UCiLmCoftZHWXSFuQlnEJSsQ,SlDTZdCoX7w,104,5,7,mZiY8j0Gs-8,1,0
20260903,UCiLmCoftZHWXSFuQlnEJSsQ,SlDTZdCoX7w,102,1,7,mgFUz_c4ToM,1,0
20260903,UCiLmCoftZHWXSFuQlnEJSsQ,SlDTZdCoX7w,102,29,7,mh7hDEfQRAc,1,0
20260903,UCiLmCoftZHWXSFuQlnEJSsQ,SlDTZdCoX7w,104,5,7,mmk7J6arG1c,1,0
20260903,UCiLmCoftZHWXSFuQlnEJSsQ,SlDTZdCoX7w,105,5,7,myu0IqPRbFM,1,0
20260903,UCiLmCoftZHWXSFuQlnEJSsQ,SlDTZdCoX7w,104,4,7,n0I0wnZShh8,1,0
20260903,UCiLmCoftZHWXSFuQlnEJSsQ,SlDTZdCoX7w,104,5,7,n3KPOFIP4IU,1,0
20260903,UCiLmCoftZHWXSFuQlnEJSsQ,SlDTZdCoX7w,104,5,7,n9dVzc7NEz8,2,0
20260903,UCiLmCoftZHWXSFuQlnEJSsQ,SlDTZdCoX7w,101,30,7,nBaZWR02qiQ,1,0
20260903,UCiLmCoftZHWXSFuQlnEJSsQ,SlDTZdCoX7w,104,5,7,nHwjwAg0bDE,1,0
20260903,UCiLmCoftZHWXSFuQlnEJSsQ,SlDTZdCoX7w,101,2,7,nOlHfpjmD48,1,0
20260903,UCiLmCoftZHWXSFuQlnEJSsQ,SlDTZdCoX7w,102,29,7,nVPEK2LBeYM,1,0
20260903,UCiLmCoftZHWXSFuQlnEJSsQ,SlDTZdCoX7w,104,5,7,nXUp-ggCXJs,2,0
20260903,UCiLmCoftZHWXSFuQlnEJSsQ,SlDTZdCoX7w,101,2,7,nZfWUSDYBos,1,0
20260903,UCiLmCoftZHWXSFuQlnEJSsQ,SlDTZdCoX7w,101,2,7,neOM6vR8aA8,1,0
20260903,UCiLmCoftZHWXSFuQlnEJSsQ,SlDTZdCoX7w,104,4,7,neOM6vR8aA8,1,0
20260903,UCiLmCoftZHWXSFuQlnEJSsQ,SlDTZdCoX7w,104,5,7,neOM6vR8aA8,1,0
20260903,UCiLmCoftZHWXSFuQlnEJSsQ,SlDTZdCoX7w,103,10,7,nfree_tAUvo,1,0
20260903,UCiLmCoftZHWXSFuQlnEJSsQ,SlDTZdCoX7w,104,4,7,nokQuZzWZPk,1,0
20260903,UCiLmCoftZHWXSFuQlnEJSsQ,SlDTZdCoX7w,101,2,7,np_GkX0-19o,1,0
20260903,UCiLmCoftZHWXSFuQlnEJSsQ,SlDTZdCoX7w,104,5,7,nx0O4uN22Tg,1,0
20260903,UCiLmCoftZHWXSFuQlnEJSsQ,SlDTZdCoX7w,103,27,7,nypwsmA4Iro,1,0
20260903,UCiLmCoftZHWXSFuQlnEJSsQ,SlDTZdCoX7w,104,5,7,o2ez9mhAGUs,1,0
20260903,UCiLmCoftZHWXSFuQlnEJSsQ,SlDTZdCoX7w,102,4,7,o5PmzhqCa48,1,0
20260903,UCiLmCoftZHWXSFuQlnEJSsQ,SlDTZdCoX7w,104,4,7,oA7hqNU9tpY,1,0
20260903,UCiLmCoftZHWXSFuQlnEJSsQ,SlDTZdCoX7w,104,5,7,oAxgwj52xds,1,0
20260903,UCiLmCoftZHWXSFuQlnEJSsQ,SlDTZdCoX7w,102,4,7,oFD9BUXytlE,1,0
20260903,UCiLmCoftZHWXSFuQlnEJSsQ,SlDTZdCoX7w,102,4,7,oFr2nGFpzQw,1,0
20260903,UCiLmCoftZHWXSFuQlnEJSsQ,SlDTZdCoX7w,104,5,7,oWRCXGvcU9s,2,0
20260903,UCiLmCoftZHWXSFuQlnEJSsQ,SlDTZdCoX7w,102,1,7,ogh0HVpi8LI,1,0
20260903,UCiLmCoftZHWXSFuQlnEJSsQ,SlDTZdCoX7w,103,27,7,ogh0HVpi8LI,1,0
20260903,UCiLmCoftZHWXSFuQlnEJSsQ,SlDTZdCoX7w,104,4,7,ogh0HVpi8LI,1,0
20260903,UCiLmCoftZHWXSFuQlnEJSsQ,SlDTZdCoX7w,104,5,7,ogh0HVpi8LI,3,0
20260903,UCiLmCoftZHWXSFuQlnEJSsQ,SlDTZdCoX7w,101,30,7,okKFzZsfugo,1,0
20260903,UCiLmCoftZHWXSFuQlnEJSsQ,SlDTZdCoX7w,102,29,7,oyOsOu72Ezo,1,0
20260903,UCiLmCoftZHWXSFuQlnEJSsQ,SlDTZdCoX7w,104,5,7,p7wsD0jLi2c,1,0
20260903,UCiLmCoftZHWXSFuQlnEJSsQ,SlDTZdCoX7w,102,1,7,pD6qQ0ESQfg,1,0
20260903,UCiLmCoftZHWXSFuQlnEJSsQ,SlDTZdCoX7w,104,5,7,pDDKxClUOb0,2,0
20260903,UCiLmCoftZHWXSFuQlnEJSsQ,SlDTZdCoX7w,101,2,7,pE6Pi35mojw,2,0
20260903,UCiLmCoftZHWXSFuQlnEJSsQ,SlDTZdCoX7w,102,4,7,pE6Pi35mojw,2,0
20260903,UCiLmCoftZHWXSFuQlnEJSsQ,SlDTZdCoX7w,104,4,7,pE6Pi35mojw,1,0
20260903,UCiLmCoftZHWXSFuQlnEJSsQ,SlDTZdCoX7w,104,5,7,pE6Pi35mojw,8,0
20260903,UCiLmCoftZHWXSFuQlnEJSsQ,SlDTZdCoX7w,102,29,7,pI5N-o3Iv-M,1,0
20260903,UCiLmCoftZHWXSFuQlnEJSsQ,SlDTZdCoX7w,102,31,7,pJyt1vNTDVs,1,0
20260903,UCiLmCoftZHWXSFuQlnEJSsQ,SlDTZdCoX7w,102,4,7,pM9A4BRWYPs,1,0
20260903,UCiLmCoftZHWXSFuQlnEJSsQ,SlDTZdCoX7w,104,5,7,pM9A4BRWYPs,1,0
20260903,UCiLmCoftZHWXSFuQlnEJSsQ,SlDTZdCoX7w,104,5,7,pN5ult90eWo,1,0
20260903,UCiLmCoftZHWXSFuQlnEJSsQ,SlDTZdCoX7w,102,4,7,pPONF16ATGE,1,0
20260903,UCiLmCoftZHWXSFuQlnEJSsQ,SlDTZdCoX7w,102,29,7,pPONF16ATGE,2,0
20260903,UCiLmCoftZHWXSFuQlnEJSsQ,SlDTZdCoX7w,103,27,7,pTpbFrBE33o,1,0
20260903,UCiLmCoftZHWXSFuQlnEJSsQ,SlDTZdCoX7w,104,5,7,pX65DL3ahb4,1,0
20260903,UCiLmCoftZHWXSFuQlnEJSsQ,SlDTZdCoX7w,101,2,7,pbZrLrYQ6mo,2,0
20260903,UCiLmCoftZHWXSFuQlnEJSsQ,SlDTZdCoX7w,102,4,7,pi8zBB4s_mc,1,0
20260903,UCiLmCoftZHWXSFuQlnEJSsQ,SlDTZdCoX7w,102,19,7,pi8zBB4s_mc,1,0
20260903,UCiLmCoftZHWXSFuQlnEJSsQ,SlDTZdCoX7w,101,2,7,piORI4bP_og,1,0
20260903,UCiLmCoftZHWXSFuQlnEJSsQ,SlDTZdCoX7w,104,5,7,pqAcDJkoC4g,1,0
20260903,UCiLmCoftZHWXSFuQlnEJSsQ,SlDTZdCoX7w,104,5,7,pxdRtLSTI80,1,0
20260903,UCiLmCoftZHWXSFuQlnEJSsQ,SlDTZdCoX7w,103,27,7,pybwSi8pKYQ,1,0
20260903,UCiLmCoftZHWXSFuQlnEJSsQ,SlDTZdCoX7w,104,5,7,q1WY64Ur650,1,0
20260903,UCiLmCoftZHWXSFuQlnEJSsQ,SlDTZdCoX7w,102,29,7,q561Gmxf9DA,1,1
20260903,UCiLmCoftZHWXSFuQlnEJSsQ,SlDTZdCoX7w,102,4,7,qA3NitgoGTk,2,0
20260903,UCiLmCoftZHWXSFuQlnEJSsQ,SlDTZdCoX7w,102,31,7,qA3NitgoGTk,1,0
20260903,UCiLmCoftZHWXSFuQlnEJSsQ,SlDTZdCoX7w,104,5,7,qClRFfUq0RY,1,0
20260903,UCiLmCoftZHWXSFuQlnEJSsQ,SlDTZdCoX7w,102,29,7,qD2r7ruVIsM,1,0
20260903,UCiLmCoftZHWXSFuQlnEJSsQ,SlDTZdCoX7w,102,29,7,qEPHSDMSUls,2,0
20260903,UCiLmCoftZHWXSFuQlnEJSsQ,SlDTZdCoX7w,102,31,7,qFhspt7zsXg,1,0
20260903,UCiLmCoftZHWXSFuQlnEJSsQ,SlDTZdCoX7w,104,5,7,qP-7GNoDJ5c,1,0
20260903,UCiLmCoftZHWXSFuQlnEJSsQ,SlDTZdCoX7w,102,4,7,qP3DVzOFXU8,1,0
20260903,UCiLmCoftZHWXSFuQlnEJSsQ,SlDTZdCoX7w,104,4,7,qRgeYd5m2gg,1,0
20260903,UCiLmCoftZHWXSFuQlnEJSsQ,SlDTZdCoX7w,102,13,7,qZHV-0OGKxQ,1,0
20260903,UCiLmCoftZHWXSFuQlnEJSsQ,SlDTZdCoX7w,104,5,7,qetgN-VAQXc,1,0
20260903,UCiLmCoftZHWXSFuQlnEJSsQ,SlDTZdCoX7w,101,9,7,ql_aSXyPfuw,1,0
20260903,UCiLmCoftZHWXSFuQlnEJSsQ,SlDTZdCoX7w,102,4,7,qqPRckvmZ94,1,0
20260903,UCiLmCoftZHWXSFuQlnEJSsQ,SlDTZdCoX7w,102,29,7,qyrvoEgTHxk,1,0
20260903,UCiLmCoftZHWXSFuQlnEJSsQ,SlDTZdCoX7w,101,2,7,r0KL8HzKthw,2,0
20260903,UCiLmCoftZHWXSFuQlnEJSsQ,SlDTZdCoX7w,101,9,7,r0KL8HzKthw,1,0
20260903,UCiLmCoftZHWXSFuQlnEJSsQ,SlDTZdCoX7w,104,5,7,r0KL8HzKthw,1,0
20260903,UCiLmCoftZHWXSFuQlnEJSsQ,SlDTZdCoX7w,103,10,7,rFTvKRxAJgU,1,0
20260903,UCiLmCoftZHWXSFuQlnEJSsQ,SlDTZdCoX7w,104,4,7,rFTvKRxAJgU,1,0
20260903,UCiLmCoftZHWXSFuQlnEJSsQ,SlDTZdCoX7w,101,9,7,rSNhDgGJvPU,1,0
20260903,UCiLmCoftZHWXSFuQlnEJSsQ,SlDTZdCoX7w,104,4,7,rSNhDgGJvPU,1,0
20260903,UCiLmCoftZHWXSFuQlnEJSsQ,SlDTZdCoX7w,104,5,7,rSNhDgGJvPU,2,0
20260903,UCiLmCoftZHWXSFuQlnEJSsQ,SlDTZdCoX7w,104,4,7,rSzZlhrkurA,1,0
20260903,UCiLmCoftZHWXSFuQlnEJSsQ,SlDTZdCoX7w,102,1,7,rZdtVer9Yow,1,0
20260903,UCiLmCoftZHWXSFuQlnEJSsQ,SlDTZdCoX7w,105,5,7,rZdtVer9Yow,1,0
20260903,UCiLmCoftZHWXSFuQlnEJSsQ,SlDTZdCoX7w,102,1,7,r_4tFT6sUSI,1,0
20260903,UCiLmCoftZHWXSFuQlnEJSsQ,SlDTZdCoX7w,102,4,7,rfLoohju-fQ,1,0
20260903,UCiLmCoftZHWXSFuQlnEJSsQ,SlDTZdCoX7w,104,5,7,rrbxOgZZ3X8,1,0
20260903,UCiLmCoftZHWXSFuQlnEJSsQ,SlDTZdCoX7w,104,5,7,rt_vl9G3Xoc,1,0
20260903,UCiLmCoftZHWXSFuQlnEJSsQ,SlDTZdCoX7w,104,5,7,ruLI94Ekk88,1,0
20260903,UCiLmCoftZHWXSFuQlnEJSsQ,SlDTZdCoX7w,105,5,7,rv1UShrcba8,1,0
20260903,UCiLmCoftZHWXSFuQlnEJSsQ,SlDTZdCoX7w,101,2,7,rvVM0Ottrdo,2,0
20260903,UCiLmCoftZHWXSFuQlnEJSsQ,SlDTZdCoX7w,104,5,7,rwbjiXdmSRA,1,0
20260903,UCiLmCoftZHWXSFuQlnEJSsQ,SlDTZdCoX7w,104,5,7,s3ukVbI2jkI,1,0
20260903,UCiLmCoftZHWXSFuQlnEJSsQ,SlDTZdCoX7w,101,2,7,s8D67g1OCqc,1,0
20260903,UCiLmCoftZHWXSFuQlnEJSsQ,SlDTZdCoX7w,101,2,7,sFCTT0ufVPI,1,0
20260903,UCiLmCoftZHWXSFuQlnEJSsQ,SlDTZdCoX7w,101,2,7,sHcl9TL75So,1,0
20260903,UCiLmCoftZHWXSFuQlnEJSsQ,SlDTZdCoX7w,104,5,7,sMdIDAa8yA0,1,0
20260903,UCiLmCoftZHWXSFuQlnEJSsQ,SlDTZdCoX7w,104,5,7,sRGF-R1u6RE,1,1
20260903,UCiLmCoftZHWXSFuQlnEJSsQ,SlDTZdCoX7w,104,5,7,sS952n4NxH4,1,0
20260903,UCiLmCoftZHWXSFuQlnEJSsQ,SlDTZdCoX7w,102,31,7,sST3fwjb-WA,1,0
20260903,UCiLmCoftZHWXSFuQlnEJSsQ,SlDTZdCoX7w,102,29,7,sYM4Vdzaex0,1,0
20260903,UCiLmCoftZHWXSFuQlnEJSsQ,SlDTZdCoX7w,104,5,7,sYM4Vdzaex0,1,1
20260903,UCiLmCoftZHWXSFuQlnEJSsQ,SlDTZdCoX7w,104,4,7,sZicRFQbKO8,1,0
20260903,UCiLmCoftZHWXSFuQlnEJSsQ,SlDTZdCoX7w,102,4,7,sgpbBmOriaI,1,0
20260903,UCiLmCoftZHWXSFuQlnEJSsQ,SlDTZdCoX7w,102,1,7,slWY76mnE1c,1,0
20260903,UCiLmCoftZHWXSFuQlnEJSsQ,SlDTZdCoX7w,101,2,7,svEpikof4O4,1,0
20260903,UCiLmCoftZHWXSFuQlnEJSsQ,SlDTZdCoX7w,101,2,7,t0YmEIY-fx8,1,0
20260903,UCiLmCoftZHWXSFuQlnEJSsQ,SlDTZdCoX7w,102,4,7,t0YmEIY-fx8,1,0
20260903,UCiLmCoftZHWXSFuQlnEJSsQ,SlDTZdCoX7w,104,4,7,t0YmEIY-fx8,1,0
20260903,UCiLmCoftZHWXSFuQlnEJSsQ,SlDTZdCoX7w,104,5,7,t0YmEIY-fx8,1,0
20260903,UCiLmCoftZHWXSFuQlnEJSsQ,SlDTZdCoX7w,102,29,7,t1c6k8RTW7c,1,0
20260903,UCiLmCoftZHWXSFuQlnEJSsQ,SlDTZdCoX7w,102,31,7,t1c6k8RTW7c,1,0
20260903,UCiLmCoftZHWXSFuQlnEJSsQ,SlDTZdCoX7w,102,4,7,t79IO8xVqcE,1,0
20260903,UCiLmCoftZHWXSFuQlnEJSsQ,SlDTZdCoX7w,104,5,7,tIasDDeVrQY,1,0
20260903,UCiLmCoftZHWXSFuQlnEJSsQ,SlDTZdCoX7w,101,9,7,tJuk1oacnAA,1,0
20260903,UCiLmCoftZHWXSFuQlnEJSsQ,SlDTZdCoX7w,104,5,7,tM9VKPITaII,1,0
20260903,UCiLmCoftZHWXSFuQlnEJSsQ,SlDTZdCoX7w,101,2,7,tQSEEFoc8D0,1,0
20260903,UCiLmCoftZHWXSFuQlnEJSsQ,SlDTZdCoX7w,102,1,7,tTqRYdwPc7g,1,0
20260903,UCiLmCoftZHWXSFuQlnEJSsQ,SlDTZdCoX7w,104,5,7,tb3T3DdOMgo,1,0
20260903,UCiLmCoftZHWXSFuQlnEJSsQ,SlDTZdCoX7w,102,31,7,ti9YyAOz2OA,1,0
20260903,UCiLmCoftZHWXSFuQlnEJSsQ,SlDTZdCoX7w,101,2,7,tsj6ywszNrA,1,0
20260903,UCiLmCoftZHWXSFuQlnEJSsQ,SlDTZdCoX7w,102,4,7,tsj6ywszNrA,1,0
20260903,UCiLmCoftZHWXSFuQlnEJSsQ,SlDTZdCoX7w,104,5,7,u-kNZlfF9A0,1,0
20260903,UCiLmCoftZHWXSFuQlnEJSsQ,SlDTZdCoX7w,104,5,7,u0pXPAcaZhs,1,0
20260903,UCiLmCoftZHWXSFuQlnEJSsQ,SlDTZdCoX7w,102,4,7,uLpyYPvYnDk,1,0
20260903,UCiLmCoftZHWXSFuQlnEJSsQ,SlDTZdCoX7w,104,5,7,uaOaHK5APVs,1,0
20260903,UCiLmCoftZHWXSFuQlnEJSsQ,SlDTZdCoX7w,102,4,7,uf9Z6q953Tw,1,0
20260903,UCiLmCoftZHWXSFuQlnEJSsQ,SlDTZdCoX7w,102,1,7,uhb3CMmbHE4,1,0
20260903,UCiLmCoftZHWXSFuQlnEJSsQ,SlDTZdCoX7w,104,5,7,ujvlgG_TDAY,1,0
20260903,UCiLmCoftZHWXSFuQlnEJSsQ,SlDTZdCoX7w,104,5,7,umh83EemQQE,3,0.33333333333333331
20260903,UCiLmCoftZHWXSFuQlnEJSsQ,SlDTZdCoX7w,101,2,7,uoL37JAHtPo,1,0
20260903,UCiLmCoftZHWXSFuQlnEJSsQ,SlDTZdCoX7w,101,9,7,usry25cSTBQ,1,0
20260903,UCiLmCoftZHWXSFuQlnEJSsQ,SlDTZdCoX7w,102,1,7,usry25cSTBQ,1,0
20260903,UCiLmCoftZHWXSFuQlnEJSsQ,SlDTZdCoX7w,103,27,7,usry25cSTBQ,1,0
20260903,UCiLmCoftZHWXSFuQlnEJSsQ,SlDTZdCoX7w,104,5,7,usry25cSTBQ,1,0
20260903,UCiLmCoftZHWXSFuQlnEJSsQ,SlDTZdCoX7w,104,5,7,v8-T4NzGEag,1,0
20260903,UCiLmCoftZHWXSFuQlnEJSsQ,SlDTZdCoX7w,104,5,7,v9hIy7YF_bA,1,0
20260903,UCiLmCoftZHWXSFuQlnEJSsQ,SlDTZdCoX7w,102,31,7,vCI9AU3mLuw,1,0
20260903,UCiLmCoftZHWXSFuQlnEJSsQ,SlDTZdCoX7w,104,5,7,vCmOCkcC9g8,1,0
20260903,UCiLmCoftZHWXSFuQlnEJSsQ,SlDTZdCoX7w,101,2,7,vbm0RIjCNFE,2,0
20260903,UCiLmCoftZHWXSFuQlnEJSsQ,SlDTZdCoX7w,103,10,7,vefqnIJVa5U,1,0
20260903,UCiLmCoftZHWXSFuQlnEJSsQ,SlDTZdCoX7w,104,4,7,vefqnIJVa5U,1,0
20260903,UCiLmCoftZHWXSFuQlnEJSsQ,SlDTZdCoX7w,101,2,7,vm7LcyupMs0,1,0
20260903,UCiLmCoftZHWXSFuQlnEJSsQ,SlDTZdCoX7w,101,2,7,vqvBTPmehe8,1,0
20260903,UCiLmCoftZHWXSFuQlnEJSsQ,SlDTZdCoX7w,104,5,7,w-UhSgnlv6E,1,0
20260903,UCiLmCoftZHWXSFuQlnEJSsQ,SlDTZdCoX7w,102,29,7,wO2z79qqB1Y,1,0
20260903,UCiLmCoftZHWXSFuQlnEJSsQ,SlDTZdCoX7w,102,4,7,wSVHN3gdGhk,1,0
20260903,UCiLmCoftZHWXSFuQlnEJSsQ,SlDTZdCoX7w,104,5,7,wgdxF_YD1uM,1,0
20260903,UCiLmCoftZHWXSFuQlnEJSsQ,SlDTZdCoX7w,102,4,7,wkWWrP5t4kM,1,0
20260903,UCiLmCoftZHWXSFuQlnEJSsQ,SlDTZdCoX7w,101,2,7,wsKSUGDKRpQ,1,0
20260903,UCiLmCoftZHWXSFuQlnEJSsQ,SlDTZdCoX7w,104,5,7,wu5b6cnm36w,1,1
20260903,UCiLmCoftZHWXSFuQlnEJSsQ,SlDTZdCoX7w,102,19,7,x2hS_7CLmJM,1,0
20260903,UCiLmCoftZHWXSFuQlnEJSsQ,SlDTZdCoX7w,104,4,7,x68AnwPpT-s,1,0
20260903,UCiLmCoftZHWXSFuQlnEJSsQ,SlDTZdCoX7w,104,5,7,x68AnwPpT-s,1,0
20260903,UCiLmCoftZHWXSFuQlnEJSsQ,SlDTZdCoX7w,101,2,7,xKHvkqcNR70,1,0
20260903,UCiLmCoftZHWXSFuQlnEJSsQ,SlDTZdCoX7w,103,10,7,xKHvkqcNR70,1,0
20260903,UCiLmCoftZHWXSFuQlnEJSsQ,SlDTZdCoX7w,102,4,7,xKYG1ITxvxw,1,0
20260903,UCiLmCoftZHWXSFuQlnEJSsQ,SlDTZdCoX7w,104,4,7,xKYG1ITxvxw,1,0
20260903,UCiLmCoftZHWXSFuQlnEJSsQ,SlDTZdCoX7w,104,5,7,xKYG1ITxvxw,1,1
20260903,UCiLmCoftZHWXSFuQlnEJSsQ,SlDTZdCoX7w,101,2,7,xZGzz8M5whQ,1,0
20260903,UCiLmCoftZHWXSFuQlnEJSsQ,SlDTZdCoX7w,102,12,7,xgSD7YMOips,1,0
20260903,UCiLmCoftZHWXSFuQlnEJSsQ,SlDTZdCoX7w,104,5,7,xmlK6MI4LIY,1,0
20260903,UCiLmCoftZHWXSFuQlnEJSsQ,SlDTZdCoX7w,104,5,7,xwQBVsZFECg,3,0
20260903,UCiLmCoftZHWXSFuQlnEJSsQ,SlDTZdCoX7w,102,1,7,y7ZTXr0sJCo,1,0
20260903,UCiLmCoftZHWXSFuQlnEJSsQ,SlDTZdCoX7w,104,4,7,yGOu43-qQRA,1,0
20260903,UCiLmCoftZHWXSFuQlnEJSsQ,SlDTZdCoX7w,101,2,7,yGcSHY-Wg6M,1,0
20260903,UCiLmCoftZHWXSFuQlnEJSsQ,SlDTZdCoX7w,104,5,7,yLTmizWDRu8,1,0
20260903,UCiLmCoftZHWXSFuQlnEJSsQ,SlDTZdCoX7w,102,29,7,yNUe0aLpMbw,1,0
20260903,UCiLmCoftZHWXSFuQlnEJSsQ,SlDTZdCoX7w,102,4,7,yXw1iPZqjJ4,1,0
20260903,UCiLmCoftZHWXSFuQlnEJSsQ,SlDTZdCoX7w,104,5,7,yZYy53o-ZyM,1,0
20260903,UCiLmCoftZHWXSFuQlnEJSsQ,SlDTZdCoX7w,102,31,7,yhxhbsUHK0g,1,0
20260903,UCiLmCoftZHWXSFuQlnEJSsQ,SlDTZdCoX7w,102,4,7,ykjlJzLgdB4,1,0
20260903,UCiLmCoftZHWXSFuQlnEJSsQ,SlDTZdCoX7w,104,5,7,yn-067D-IGU,2,0
20260903,UCiLmCoftZHWXSFuQlnEJSsQ,SlDTZdCoX7w,101,2,7,yyrAqY4TPCs,1,0
20260903,UCiLmCoftZHWXSFuQlnEJSsQ,SlDTZdCoX7w,102,31,7,z397fxXuc4s,1,0
20260903,UCiLmCoftZHWXSFuQlnEJSsQ,SlDTZdCoX7w,101,9,7,zDiPnRu3NI4,1,0
20260903,UCiLmCoftZHWXSFuQlnEJSsQ,SlDTZdCoX7w,102,31,7,zI05s5ey2v4,1,0
20260903,UCiLmCoftZHWXSFuQlnEJSsQ,SlDTZdCoX7w,104,5,7,zI05s5ey2v4,1,0
20260903,UCiLmCoftZHWXSFuQlnEJSsQ,SlDTZdCoX7w,102,29,7,zKxQp5-I3Co,1,0
20260903,UCiLmCoftZHWXSFuQlnEJSsQ,SlDTZdCoX7w,102,12,7,zXR_xhihDOQ,1,0
20260903,UCiLmCoftZHWXSFuQlnEJSsQ,SlDTZdCoX7w,104,5,7,zeil3fKmxIg,1,0
20260903,UCiLmCoftZHWXSFuQlnEJSsQ,SlDTZdCoX7w,102,29,7,ziGbKBlwfuE,1,0
20260903,UCiLmCoftZHWXSFuQlnEJSsQ,SlDTZdCoX7w,104,4,7,znq0RBn2E2Q,1,0
20260903,UCiLmCoftZHWXSFuQlnEJSsQ,SlDTZdCoX7w,104,5,14,my-likes,3,0
20260903,UCiLmCoftZHWXSFuQlnEJSsQ,SlDTZdCoX7w,105,5,14,my-likes,5,0
20260903,UCiLmCoftZHWXSFuQlnEJSsQ,SlDTZdCoX7w,104,5,18,unknown,6,0
20260903,UCiLmCoftZHWXSFuQlnEJSsQ,SlDTZdCoX7w,105,5,18,unknown,3,0
20260903,UCiLmCoftZHWXSFuQlnEJSsQ,_l7l5BH4h_s,101,2,3,what-to-watch,38,0.10526315789473684
20260903,UCiLmCoftZHWXSFuQlnEJSsQ,_l7l5BH4h_s,101,9,3,what-to-watch,9,0
20260903,UCiLmCoftZHWXSFuQlnEJSsQ,_l7l5BH4h_s,102,4,3,what-to-watch,6,0.33333333333333331
20260903,UCiLmCoftZHWXSFuQlnEJSsQ,_l7l5BH4h_s,102,19,3,what-to-watch,2,0
20260903,UCiLmCoftZHWXSFuQlnEJSsQ,_l7l5BH4h_s,102,29,3,what-to-watch,1,0
20260903,UCiLmCoftZHWXSFuQlnEJSsQ,_l7l5BH4h_s,103,27,3,what-to-watch,3,0
20260903,UCiLmCoftZHWXSFuQlnEJSsQ,_l7l5BH4h_s,104,4,3,what-to-watch,26,0.076923076923076927
20260903,UCiLmCoftZHWXSFuQlnEJSsQ,_l7l5BH4h_s,104,5,3,what-to-watch,125,0.08
20260903,UCiLmCoftZHWXSFuQlnEJSsQ,_l7l5BH4h_s,105,5,3,what-to-watch,92,0.065217391304347824
20260903,UCiLmCoftZHWXSFuQlnEJSsQ,_l7l5BH4h_s,101,2,4,UCiLmCoftZHWXSFuQlnEJSsQ,1,0
20260903,UCiLmCoftZHWXSFuQlnEJSsQ,_l7l5BH4h_s,101,30,4,UCiLmCoftZHWXSFuQlnEJSsQ,1,0
20260903,UCiLmCoftZHWXSFuQlnEJSsQ,_l7l5BH4h_s,102,29,4,UCiLmCoftZHWXSFuQlnEJSsQ,1,0
20260903,UCiLmCoftZHWXSFuQlnEJSsQ,_l7l5BH4h_s,104,5,4,UCiLmCoftZHWXSFuQlnEJSsQ,12,0
20260903,UCiLmCoftZHWXSFuQlnEJSsQ,_l7l5BH4h_s,105,5,4,UCiLmCoftZHWXSFuQlnEJSsQ,1,1
20260903,UCiLmCoftZHWXSFuQlnEJSsQ,_l7l5BH4h_s,101,2,5,unknown,2,0
20260903,UCiLmCoftZHWXSFuQlnEJSsQ,_l7l5BH4h_s,101,9,5,unknown,1,0
20260903,UCiLmCoftZHWXSFuQlnEJSsQ,_l7l5BH4h_s,102,1,5,unknown,1,0
20260903,UCiLmCoftZHWXSFuQlnEJSsQ,_l7l5BH4h_s,102,4,5,unknown,4,0
20260903,UCiLmCoftZHWXSFuQlnEJSsQ,_l7l5BH4h_s,102,29,5,unknown,1,0
20260903,UCiLmCoftZHWXSFuQlnEJSsQ,_l7l5BH4h_s,102,31,5,unknown,1,0
20260903,UCiLmCoftZHWXSFuQlnEJSsQ,_l7l5BH4h_s,103,10,5,unknown,1,0
20260903,UCiLmCoftZHWXSFuQlnEJSsQ,_l7l5BH4h_s,103,27,5,unknown,1,0
20260903,UCiLmCoftZHWXSFuQlnEJSsQ,_l7l5BH4h_s,104,4,5,unknown,15,0
20260903,UCiLmCoftZHWXSFuQlnEJSsQ,_l7l5BH4h_s,104,5,5,unknown,21,0.047619047619047616
20260903,UCiLmCoftZHWXSFuQlnEJSsQ,_l7l5BH4h_s,105,5,5,unknown,4,0.25
20260903,UCiLmCoftZHWXSFuQlnEJSsQ,_l7l5BH4h_s,104,5,7,2b_XBGYqJVU,4,0
20260903,UCiLmCoftZHWXSFuQlnEJSsQ,_l7l5BH4h_s,104,5,7,3AQw6eUmK58,2,0
20260903,UCiLmCoftZHWXSFuQlnEJSsQ,_l7l5BH4h_s,102,29,7,4fbu37bYZYQ,1,0
20260903,UCiLmCoftZHWXSFuQlnEJSsQ,_l7l5BH4h_s,104,5,7,4yWs7uDmsiI,1,0
20260903,UCiLmCoftZHWXSFuQlnEJSsQ,_l7l5BH4h_s,101,2,7,6e4RDUg6gwU,1,0
20260903,UCiLmCoftZHWXSFuQlnEJSsQ,_l7l5BH4h_s,104,5,7,9_AcwuH-O0Y,1,0
20260903,UCiLmCoftZHWXSFuQlnEJSsQ,_l7l5BH4h_s,101,2,7,BqtgTC8KWio,2,0
20260903,UCiLmCoftZHWXSFuQlnEJSsQ,_l7l5BH4h_s,102,4,7,BqtgTC8KWio,1,0
20260903,UCiLmCoftZHWXSFuQlnEJSsQ,_l7l5BH4h_s,105,5,7,BqtgTC8KWio,4,0
20260903,UCiLmCoftZHWXSFuQlnEJSsQ,_l7l5BH4h_s,104,4,7,CV0msGtNXq8,1,0
20260903,UCiLmCoftZHWXSFuQlnEJSsQ,_l7l5BH4h_s,104,5,7,CV0msGtNXq8,1,0
20260903,UCiLmCoftZHWXSFuQlnEJSsQ,_l7l5BH4h_s,101,2,7,CZ90dK0e0w4,1,0
20260903,UCiLmCoftZHWXSFuQlnEJSsQ,_l7l5BH4h_s,104,5,7,D88Zd_OvaSs,4,0
20260903,UCiLmCoftZHWXSFuQlnEJSsQ,_l7l5BH4h_s,105,5,7,D88Zd_OvaSs,1,0
20260903,UCiLmCoftZHWXSFuQlnEJSsQ,_l7l5BH4h_s,104,5,7,DdvR0LbYUjQ,4,0.25
20260903,UCiLmCoftZHWXSFuQlnEJSsQ,_l7l5BH4h_s,101,2,7,EPXPwI2fLqk,1,0
20260903,UCiLmCoftZHWXSFuQlnEJSsQ,_l7l5BH4h_s,102,1,7,EPXPwI2fLqk,1,0
20260903,UCiLmCoftZHWXSFuQlnEJSsQ,_l7l5BH4h_s,101,2,7,EvoV01i7fRw,1,0
20260903,UCiLmCoftZHWXSFuQlnEJSsQ,_l7l5BH4h_s,102,4,7,EvoV01i7fRw,1,1
20260903,UCiLmCoftZHWXSFuQlnEJSsQ,_l7l5BH4h_s,102,4,7,FSGmbB26Wxw,1,0
20260903,UCiLmCoftZHWXSFuQlnEJSsQ,_l7l5BH4h_s,101,2,7,Fy75SnhtAtQ,1,0
20260903,UCiLmCoftZHWXSFuQlnEJSsQ,_l7l5BH4h_s,104,5,7,G8aog_aRj14,3,0.66666666666666663
20260903,UCiLmCoftZHWXSFuQlnEJSsQ,_l7l5BH4h_s,104,4,7,JSa-UWgWrFE,1,0
20260903,UCiLmCoftZHWXSFuQlnEJSsQ,_l7l5BH4h_s,101,2,7,JpzJIQ05mHM,1,0
20260903,UCiLmCoftZHWXSFuQlnEJSsQ,_l7l5BH4h_s,102,1,7,JpzJIQ05mHM,1,0
20260903,UCiLmCoftZHWXSFuQlnEJSsQ,_l7l5BH4h_s,104,5,7,KefiPLq3OdU,2,0
20260903,UCiLmCoftZHWXSFuQlnEJSsQ,_l7l5BH4h_s,104,5,7,Kt9L8StOeTw,3,0
20260903,UCiLmCoftZHWXSFuQlnEJSsQ,_l7l5BH4h_s,101,2,7,L4fbBevu3XQ,2,0.5
20260903,UCiLmCoftZHWXSFuQlnEJSsQ,_l7l5BH4h_s,104,5,7,PiikNxCE5_Q,1,0
20260903,UCiLmCoftZHWXSFuQlnEJSsQ,_l7l5BH4h_s,105,5,7,PiikNxCE5_Q,1,0
20260903,UCiLmCoftZHWXSFuQlnEJSsQ,_l7l5BH4h_s,101,2,7,PmD_nggctn4,1,0
20260903,UCiLmCoftZHWXSFuQlnEJSsQ,_l7l5BH4h_s,104,5,7,PmD_nggctn4,2,0.5
20260903,UCiLmCoftZHWXSFuQlnEJSsQ,_l7l5BH4h_s,105,5,7,PmD_nggctn4,1,0
20260903,UCiLmCoftZHWXSFuQlnEJSsQ,_l7l5BH4h_s,104,5,7,Qm5m02UMGxU,1,0
20260903,UCiLmCoftZHWXSFuQlnEJSsQ,_l7l5BH4h_s,104,5,7,S4tXGHeKBHs,4,0
20260903,UCiLmCoftZHWXSFuQlnEJSsQ,_l7l5BH4h_s,105,5,7,S4tXGHeKBHs,1,0
20260903,UCiLmCoftZHWXSFuQlnEJSsQ,_l7l5BH4h_s,101,2,7,SlDTZdCoX7w,8,0.125
20260903,UCiLmCoftZHWXSFuQlnEJSsQ,_l7l5BH4h_s,101,9,7,SlDTZdCoX7w,1,0
20260903,UCiLmCoftZHWXSFuQlnEJSsQ,_l7l5BH4h_s,102,1,7,SlDTZdCoX7w,1,0
20260903,UCiLmCoftZHWXSFuQlnEJSsQ,_l7l5BH4h_s,102,4,7,SlDTZdCoX7w,1,0
20260903,UCiLmCoftZHWXSFuQlnEJSsQ,_l7l5BH4h_s,103,27,7,SlDTZdCoX7w,1,0
20260903,UCiLmCoftZHWXSFuQlnEJSsQ,_l7l5BH4h_s,104,4,7,SlDTZdCoX7w,6,0
20260903,UCiLmCoftZHWXSFuQlnEJSsQ,_l7l5BH4h_s,104,5,7,SlDTZdCoX7w,16,0
20260903,UCiLmCoftZHWXSFuQlnEJSsQ,_l7l5BH4h_s,105,5,7,SlDTZdCoX7w,5,0
20260903,UCiLmCoftZHWXSFuQlnEJSsQ,_l7l5BH4h_s,104,5,7,T6AeGH89lu8,1,1
20260903,UCiLmCoftZHWXSFuQlnEJSsQ,_l7l5BH4h_s,104,5,7,Tga_ew4VEGc,1,0
20260903,UCiLmCoftZHWXSFuQlnEJSsQ,_l7l5BH4h_s,102,4,7,WJWA95R0gUo,1,1
20260903,UCiLmCoftZHWXSFuQlnEJSsQ,_l7l5BH4h_s,104,5,7,WJWA95R0gUo,1,0
20260903,UCiLmCoftZHWXSFuQlnEJSsQ,_l7l5BH4h_s,104,4,7,X46g7NdKPlY,1,0
20260903,UCiLmCoftZHWXSFuQlnEJSsQ,_l7l5BH4h_s,104,5,7,X46g7NdKPlY,3,0.66666666666666663
20260903,UCiLmCoftZHWXSFuQlnEJSsQ,_l7l5BH4h_s,104,5,7,XgPrygykWv0,1,0
20260903,UCiLmCoftZHWXSFuQlnEJSsQ,_l7l5BH4h_s,103,27,7,_7Vb2QbeSbE,1,0
20260903,UCiLmCoftZHWXSFuQlnEJSsQ,_l7l5BH4h_s,101,2,7,__PF3xDg1Ak,1,1
20260903,UCiLmCoftZHWXSFuQlnEJSsQ,_l7l5BH4h_s,105,5,7,_jxgyN2nAOw,1,0
20260903,UCiLmCoftZHWXSFuQlnEJSsQ,_l7l5BH4h_s,104,5,7,c-LrfeqpLFU,1,0
20260903,UCiLmCoftZHWXSFuQlnEJSsQ,_l7l5BH4h_s,101,2,7,cC2B2D-HFYA,1,0
20260903,UCiLmCoftZHWXSFuQlnEJSsQ,_l7l5BH4h_s,102,4,7,cC2B2D-HFYA,1,0
20260903,UCiLmCoftZHWXSFuQlnEJSsQ,_l7l5BH4h_s,102,29,7,cC2B2D-HFYA,1,0
20260903,UCiLmCoftZHWXSFuQlnEJSsQ,_l7l5BH4h_s,105,5,7,cC2B2D-HFYA,1,1
20260903,UCiLmCoftZHWXSFuQlnEJSsQ,_l7l5BH4h_s,102,4,7,dRG7R_eWJ6Q,1,0
20260903,UCiLmCoftZHWXSFuQlnEJSsQ,_l7l5BH4h_s,102,29,7,dRG7R_eWJ6Q,1,0
20260903,UCiLmCoftZHWXSFuQlnEJSsQ,_l7l5BH4h_s,102,31,7,dRG7R_eWJ6Q,1,0
20260903,UCiLmCoftZHWXSFuQlnEJSsQ,_l7l5BH4h_s,104,5,7,dRG7R_eWJ6Q,2,0
20260903,UCiLmCoftZHWXSFuQlnEJSsQ,_l7l5BH4h_s,101,2,7,dhys8ycR5Iw,2,0
20260903,UCiLmCoftZHWXSFuQlnEJSsQ,_l7l5BH4h_s,101,9,7,dhys8ycR5Iw,1,0
20260903,UCiLmCoftZHWXSFuQlnEJSsQ,_l7l5BH4h_s,102,4,7,dhys8ycR5Iw,1,0
20260903,UCiLmCoftZHWXSFuQlnEJSsQ,_l7l5BH4h_s,104,4,7,dhys8ycR5Iw,1,0
20260903,UCiLmCoftZHWXSFuQlnEJSsQ,_l7l5BH4h_s,104,5,7,dhys8ycR5Iw,6,0.16666666666666666
20260903,UCiLmCoftZHWXSFuQlnEJSsQ,_l7l5BH4h_s,101,2,7,g1GPX8SlOmU,1,0
20260903,UCiLmCoftZHWXSFuQlnEJSsQ,_l7l5BH4h_s,104,5,7,g1GPX8SlOmU,3,0
20260903,UCiLmCoftZHWXSFuQlnEJSsQ,_l7l5BH4h_s,104,5,7,hyYCYYVHEFY,3,0
20260903,UCiLmCoftZHWXSFuQlnEJSsQ,_l7l5BH4h_s,105,5,7,hyYCYYVHEFY,1,0
20260903,UCiLmCoftZHWXSFuQlnEJSsQ,_l7l5BH4h_s,101,2,7,iKb_5hvRTFY,1,0
20260903,UCiLmCoftZHWXSFuQlnEJSsQ,_l7l5BH4h_s,102,4,7,m3NvmaC-q6A,1,0
20260903,UCiLmCoftZHWXSFuQlnEJSsQ,_l7l5BH4h_s,101,2,7,mXu3nK8Q4Gk,1,0
20260903,UCiLmCoftZHWXSFuQlnEJSsQ,_l7l5BH4h_s,101,2,7,p3CK1LSVcWA,1,0
20260903,UCiLmCoftZHWXSFuQlnEJSsQ,_l7l5BH4h_s,101,2,7,pE6Pi35mojw,3,0
20260903,UCiLmCoftZHWXSFuQlnEJSsQ,_l7l5BH4h_s,102,4,7,pE6Pi35mojw,2,0
20260903,UCiLmCoftZHWXSFuQlnEJSsQ,_l7l5BH4h_s,104,5,7,pE6Pi35mojw,10,0.1
20260903,UCiLmCoftZHWXSFuQlnEJSsQ,_l7l5BH4h_s,105,5,7,pE6Pi35mojw,5,0.4
20260903,UCiLmCoftZHWXSFuQlnEJSsQ,_l7l5BH4h_s,101,2,7,rFTvKRxAJgU,4,0
20260903,UCiLmCoftZHWXSFuQlnEJSsQ,_l7l5BH4h_s,102,31,7,rFTvKRxAJgU,1,0
20260903,UCiLmCoftZHWXSFuQlnEJSsQ,_l7l5BH4h_s,103,10,7,rFTvKRxAJgU,1,0
20260903,UCiLmCoftZHWXSFuQlnEJSsQ,_l7l5BH4h_s,104,4,7,rFTvKRxAJgU,1,0
20260903,UCiLmCoftZHWXSFuQlnEJSsQ,_l7l5BH4h_s,104,5,7,rFTvKRxAJgU,13,0.30769230769230771
20260903,UCiLmCoftZHWXSFuQlnEJSsQ,_l7l5BH4h_s,105,5,7,rFTvKRxAJgU,6,0.16666666666666666
20260903,UCiLmCoftZHWXSFuQlnEJSsQ,_l7l5BH4h_s,101,2,7,sgBnhcNCBrs,1,0
20260903,UCiLmCoftZHWXSFuQlnEJSsQ,_l7l5BH4h_s,102,29,7,t0YmEIY-fx8,1,0
20260903,UCiLmCoftZHWXSFuQlnEJSsQ,_l7l5BH4h_s,104,4,7,t0YmEIY-fx8,1,0
20260903,UCiLmCoftZHWXSFuQlnEJSsQ,_l7l5BH4h_s,104,5,7,wEuzBcf1Bzk,1,0
20260903,UCiLmCoftZHWXSFuQlnEJSsQ,_l7l5BH4h_s,104,5,7,wZLjNS9LjP4,1,0
20260903,UCiLmCoftZHWXSFuQlnEJSsQ,_l7l5BH4h_s,104,4,7,xKHvkqcNR70,1,0
20260903,UCiLmCoftZHWXSFuQlnEJSsQ,_l7l5BH4h_s,101,2,7,zpQPiH7qwoo,1,0
20260903,UCiLmCoftZHWXSFuQlnEJSsQ,_l7l5BH4h_s,104,4,14,PLW9T6E79iEvcWgo-NX3pibGEC9yzusCVi,1,0
20260903,UCiLmCoftZHWXSFuQlnEJSsQ,_l7l5BH4h_s,104,4,14,PLal9zOUhRVnU,6,0
20260903,UCiLmCoftZHWXSFuQlnEJSsQ,_l7l5BH4h_s,104,5,14,PLal9zOUhRVnU,1,0
20260903,UCiLmCoftZHWXSFuQlnEJSsQ,_l7l5BH4h_s,104,4,14,my-likes,1,0
20260903,UCiLmCoftZHWXSFuQlnEJSsQ,_l7l5BH4h_s,104,4,18,unknown,2,0
20260903,UCiLmCoftZHWXSFuQlnEJSsQ,_l7l5BH4h_s,104,5,18,unknown,4,0.25
20260903,UCiLmCoftZHWXSFuQlnEJSsQ,_l7l5BH4h_s,105,5,18,unknown,1,1
20260903,UCiLmCoftZHWXSFuQlnEJSsQ,a1tQY33iFmM,102,29,3,what-to-watch,1,0
20260903,UCiLmCoftZHWXSFuQlnEJSsQ,a1tQY33iFmM,104,5,3,what-to-watch,1,0
20260903,UCiLmCoftZHWXSFuQlnEJSsQ,a1tQY33iFmM,101,2,4,UCiLmCoftZHWXSFuQlnEJSsQ,1,0
20260903,UCiLmCoftZHWXSFuQlnEJSsQ,a1tQY33iFmM,102,29,4,UCiLmCoftZHWXSFuQlnEJSsQ,1,0
20260903,UCiLmCoftZHWXSFuQlnEJSsQ,a1tQY33iFmM,104,5,4,UCiLmCoftZHWXSFuQlnEJSsQ,7,0
20260903,UCiLmCoftZHWXSFuQlnEJSsQ,a1tQY33iFmM,103,27,5,unknown,2,0
20260903,UCiLmCoftZHWXSFuQlnEJSsQ,a1tQY33iFmM,104,5,5,unknown,2,0
20260903,UCiLmCoftZHWXSFuQlnEJSsQ,a1tQY33iFmM,104,5,7,0j_px2xxOeo,1,0
20260903,UCiLmCoftZHWXSFuQlnEJSsQ,a1tQY33iFmM,101,2,7,2b_XBGYqJVU,1,0
20260903,UCiLmCoftZHWXSFuQlnEJSsQ,a1tQY33iFmM,104,5,7,2ljomOnXGfM,1,0
20260903,UCiLmCoftZHWXSFuQlnEJSsQ,a1tQY33iFmM,105,5,7,2s6k9BYM2wg,1,0
20260903,UCiLmCoftZHWXSFuQlnEJSsQ,a1tQY33iFmM,104,5,7,4sBRjlrEWnY,1,0
20260903,UCiLmCoftZHWXSFuQlnEJSsQ,a1tQY33iFmM,104,4,7,53Ml728OGrU,1,0
20260903,UCiLmCoftZHWXSFuQlnEJSsQ,a1tQY33iFmM,104,5,7,70AUzfH0Zhg,1,0
20260903,UCiLmCoftZHWXSFuQlnEJSsQ,a1tQY33iFmM,104,5,7,9Yh4pwlOgNo,1,0
20260903,UCiLmCoftZHWXSFuQlnEJSsQ,a1tQY33iFmM,101,2,7,EvoV01i7fRw,1,0
20260903,UCiLmCoftZHWXSFuQlnEJSsQ,a1tQY33iFmM,102,1,7,EvoV01i7fRw,1,0
20260903,UCiLmCoftZHWXSFuQlnEJSsQ,a1tQY33iFmM,103,27,7,EvoV01i7fRw,1,1
20260903,UCiLmCoftZHWXSFuQlnEJSsQ,a1tQY33iFmM,104,5,7,EvoV01i7fRw,2,0
20260903,UCiLmCoftZHWXSFuQlnEJSsQ,a1tQY33iFmM,104,5,7,Gt_nlQmnOmA,3,0.33333333333333331
20260903,UCiLmCoftZHWXSFuQlnEJSsQ,a1tQY33iFmM,101,2,7,HgCgwKqeJBI,1,0
20260903,UCiLmCoftZHWXSFuQlnEJSsQ,a1tQY33iFmM,104,5,7,PmD_nggctn4,1,0
20260903,UCiLmCoftZHWXSFuQlnEJSsQ,a1tQY33iFmM,105,5,7,PmD_nggctn4,1,0
20260903,UCiLmCoftZHWXSFuQlnEJSsQ,a1tQY33iFmM,102,29,7,RMp3euMepm8,1,0
20260903,UCiLmCoftZHWXSFuQlnEJSsQ,a1tQY33iFmM,102,4,7,SlDTZdCoX7w,1,0
20260903,UCiLmCoftZHWXSFuQlnEJSsQ,a1tQY33iFmM,103,27,7,SlDTZdCoX7w,1,0
20260903,UCiLmCoftZHWXSFuQlnEJSsQ,a1tQY33iFmM,104,4,7,TN--u8kgVM0,1,0
20260903,UCiLmCoftZHWXSFuQlnEJSsQ,a1tQY33iFmM,101,9,7,UZpEbruRJqA,1,0
20260903,UCiLmCoftZHWXSFuQlnEJSsQ,a1tQY33iFmM,104,5,7,Uldp4nF8x90,1,0
20260903,UCiLmCoftZHWXSFuQlnEJSsQ,a1tQY33iFmM,102,29,7,X-5blDBveQs,1,0
20260903,UCiLmCoftZHWXSFuQlnEJSsQ,a1tQY33iFmM,105,5,7,XrmmhhVIe9k,1,1
20260903,UCiLmCoftZHWXSFuQlnEJSsQ,a1tQY33iFmM,105,5,7,ZNGNns1Rlfc,1,0
20260903,UCiLmCoftZHWXSFuQlnEJSsQ,a1tQY33iFmM,101,2,7,g1GPX8SlOmU,1,0
20260903,UCiLmCoftZHWXSFuQlnEJSsQ,a1tQY33iFmM,104,5,7,jtW8fd0s3K4,1,0
20260903,UCiLmCoftZHWXSFuQlnEJSsQ,a1tQY33iFmM,105,5,7,m3NvmaC-q6A,1,0
20260903,UCiLmCoftZHWXSFuQlnEJSsQ,a1tQY33iFmM,104,5,7,mZiY8j0Gs-8,2,0
20260903,UCiLmCoftZHWXSFuQlnEJSsQ,a1tQY33iFmM,101,2,7,pDs6KOL65qM,1,0
20260903,UCiLmCoftZHWXSFuQlnEJSsQ,a1tQY33iFmM,102,4,7,pE6Pi35mojw,2,0
20260903,UCiLmCoftZHWXSFuQlnEJSsQ,a1tQY33iFmM,102,29,7,q16hhZle3-Q,1,0
20260903,UCiLmCoftZHWXSFuQlnEJSsQ,a1tQY33iFmM,104,5,7,rSNhDgGJvPU,1,0
20260903,UCiLmCoftZHWXSFuQlnEJSsQ,a1tQY33iFmM,104,5,7,ubDm4Gp3H44,2,0
20260903,UCiLmCoftZHWXSFuQlnEJSsQ,a1tQY33iFmM,101,2,7,wsKSUGDKRpQ,1,0
20260903,UCiLmCoftZHWXSFuQlnEJSsQ,a1tQY33iFmM,104,5,18,unknown,1,0
20260903,UCiLmCoftZHWXSFuQlnEJSsQ,a9U4uap71ME,104,5,3,/my_subscriptions,2,0
20260903,UCiLmCoftZHWXSFuQlnEJSsQ,a9U4uap71ME,101,2,3,what-to-watch,22,0.090909090909090912
20260903,UCiLmCoftZHWXSFuQlnEJSsQ,a9U4uap71ME,101,9,3,what-to-watch,3,0
20260903,UCiLmCoftZHWXSFuQlnEJSsQ,a9U4uap71ME,101,30,3,what-to-watch,2,0
20260903,UCiLmCoftZHWXSFuQlnEJSsQ,a9U4uap71ME,102,4,3,what-to-watch,4,0
20260903,UCiLmCoftZHWXSFuQlnEJSsQ,a9U4uap71ME,102,19,3,what-to-watch,1,0
20260903,UCiLmCoftZHWXSFuQlnEJSsQ,a9U4uap71ME,102,21,3,what-to-watch,1,0
20260903,UCiLmCoftZHWXSFuQlnEJSsQ,a9U4uap71ME,102,29,3,what-to-watch,2,0
20260903,UCiLmCoftZHWXSFuQlnEJSsQ,a9U4uap71ME,102,31,3,what-to-watch,4,0
20260903,UCiLmCoftZHWXSFuQlnEJSsQ,a9U4uap71ME,103,10,3,what-to-watch,3,0.33333333333333331
20260903,UCiLmCoftZHWXSFuQlnEJSsQ,a9U4uap71ME,103,27,3,what-to-watch,1,0
20260903,UCiLmCoftZHWXSFuQlnEJSsQ,a9U4uap71ME,104,4,3,what-to-watch,18,0.055555555555555552
20260903,UCiLmCoftZHWXSFuQlnEJSsQ,a9U4uap71ME,104,5,3,what-to-watch,58,0.051724137931034482
20260903,UCiLmCoftZHWXSFuQlnEJSsQ,a9U4uap71ME,105,5,3,what-to-watch,47,0.021276595744680851
20260903,UCiLmCoftZHWXSFuQlnEJSsQ,a9U4uap71ME,101,9,4,UCS7HVTPZ1h4vMz-3IX7rbTA,1,0
20260903,UCiLmCoftZHWXSFuQlnEJSsQ,a9U4uap71ME,101,2,4,UCiLmCoftZHWXSFuQlnEJSsQ,3,0
20260903,UCiLmCoftZHWXSFuQlnEJSsQ,a9U4uap71ME,104,4,4,UCiLmCoftZHWXSFuQlnEJSsQ,1,0
20260903,UCiLmCoftZHWXSFuQlnEJSsQ,a9U4uap71ME,104,5,4,UCiLmCoftZHWXSFuQlnEJSsQ,24,0
20260903,UCiLmCoftZHWXSFuQlnEJSsQ,a9U4uap71ME,101,2,5,unknown,12,0
20260903,UCiLmCoftZHWXSFuQlnEJSsQ,a9U4uap71ME,101,9,5,unknown,3,0
20260903,UCiLmCoftZHWXSFuQlnEJSsQ,a9U4uap71ME,101,30,5,unknown,2,0
20260903,UCiLmCoftZHWXSFuQlnEJSsQ,a9U4uap71ME,102,1,5,unknown,5,0
20260903,UCiLmCoftZHWXSFuQlnEJSsQ,a9U4uap71ME,102,4,5,unknown,10,0.1
20260903,UCiLmCoftZHWXSFuQlnEJSsQ,a9U4uap71ME,102,19,5,unknown,1,0
20260903,UCiLmCoftZHWXSFuQlnEJSsQ,a9U4uap71ME,102,29,5,unknown,3,0
20260903,UCiLmCoftZHWXSFuQlnEJSsQ,a9U4uap71ME,103,10,5,unknown,4,0
20260903,UCiLmCoftZHWXSFuQlnEJSsQ,a9U4uap71ME,103,27,5,unknown,2,0
20260903,UCiLmCoftZHWXSFuQlnEJSsQ,a9U4uap71ME,104,4,5,unknown,26,0.076923076923076927
20260903,UCiLmCoftZHWXSFuQlnEJSsQ,a9U4uap71ME,104,5,5,unknown,109,0.045871559633027525
20260903,UCiLmCoftZHWXSFuQlnEJSsQ,a9U4uap71ME,105,5,5,unknown,16,0
20260903,UCiLmCoftZHWXSFuQlnEJSsQ,a9U4uap71ME,102,4,7,-LGxusZlFUg,1,0
20260903,UCiLmCoftZHWXSFuQlnEJSsQ,a9U4uap71ME,102,19,7,2ltZx6FkU4w,1,0
20260903,UCiLmCoftZHWXSFuQlnEJSsQ,a9U4uap71ME,104,5,7,5LWvbg_9Pjk,2,0
20260903,UCiLmCoftZHWXSFuQlnEJSsQ,a9U4uap71ME,104,5,7,9SGVUi_eP9k,2,0.5
20260903,UCiLmCoftZHWXSFuQlnEJSsQ,a9U4uap71ME,104,5,7,9TR_UfEx5LE,1,0
20260903,UCiLmCoftZHWXSFuQlnEJSsQ,a9U4uap71ME,104,5,7,9jYcvsELqAA,1,0
20260903,UCiLmCoftZHWXSFuQlnEJSsQ,a9U4uap71ME,104,5,7,ATXxMK21n64,1,0
20260903,UCiLmCoftZHWXSFuQlnEJSsQ,a9U4uap71ME,101,2,7,B75t0LqJUSg,1,0
20260903,UCiLmCoftZHWXSFuQlnEJSsQ,a9U4uap71ME,101,9,7,BQlrHcWxyTU,1,0
20260903,UCiLmCoftZHWXSFuQlnEJSsQ,a9U4uap71ME,103,10,7,BQlrHcWxyTU,1,0
20260903,UCiLmCoftZHWXSFuQlnEJSsQ,a9U4uap71ME,104,5,7,CH5R6VSVR1o,1,0
20260903,UCiLmCoftZHWXSFuQlnEJSsQ,a9U4uap71ME,104,5,7,D88Zd_OvaSs,2,0
20260903,UCiLmCoftZHWXSFuQlnEJSsQ,a9U4uap71ME,104,4,7,DDcDtleiaGY,1,0
20260903,UCiLmCoftZHWXSFuQlnEJSsQ,a9U4uap71ME,102,1,7,EvoV01i7fRw,1,0
20260903,UCiLmCoftZHWXSFuQlnEJSsQ,a9U4uap71ME,104,5,7,FJqLx5iVcTw,1,0
20260903,UCiLmCoftZHWXSFuQlnEJSsQ,a9U4uap71ME,102,4,7,GA5XUV6LK2Y,1,0
20260903,UCiLmCoftZHWXSFuQlnEJSsQ,a9U4uap71ME,104,5,7,NqBuFtv1j8Q,1,0
20260903,UCiLmCoftZHWXSFuQlnEJSsQ,a9U4uap71ME,104,5,7,PiikNxCE5_Q,2,0
20260903,UCiLmCoftZHWXSFuQlnEJSsQ,a9U4uap71ME,101,2,7,PrZAymaYrTc,2,0
20260903,UCiLmCoftZHWXSFuQlnEJSsQ,a9U4uap71ME,104,5,7,QuoIAcNc8jk,1,0
20260903,UCiLmCoftZHWXSFuQlnEJSsQ,a9U4uap71ME,102,4,7,S4tXGHeKBHs,1,0
20260903,UCiLmCoftZHWXSFuQlnEJSsQ,a9U4uap71ME,104,5,7,S4tXGHeKBHs,2,0
20260903,UCiLmCoftZHWXSFuQlnEJSsQ,a9U4uap71ME,102,4,7,SbeoJo2ZHEg,1,0
20260903,UCiLmCoftZHWXSFuQlnEJSsQ,a9U4uap71ME,102,4,7,SlDTZdCoX7w,2,0
20260903,UCiLmCoftZHWXSFuQlnEJSsQ,a9U4uap71ME,101,2,7,V1jtiKJstkQ,1,0
20260903,UCiLmCoftZHWXSFuQlnEJSsQ,a9U4uap71ME,102,31,7,VPca_E6_YTU,1,0
20260903,UCiLmCoftZHWXSFuQlnEJSsQ,a9U4uap71ME,102,4,7,Vre008n65hs,1,0
20260903,UCiLmCoftZHWXSFuQlnEJSsQ,a9U4uap71ME,104,4,7,Vre008n65hs,1,0
20260903,UCiLmCoftZHWXSFuQlnEJSsQ,a9U4uap71ME,104,5,7,WZhTk59hGp8,1,0
20260903,UCiLmCoftZHWXSFuQlnEJSsQ,a9U4uap71ME,101,2,7,W_285Od8ZY4,1,0
20260903,UCiLmCoftZHWXSFuQlnEJSsQ,a9U4uap71ME,102,19,7,ZXxifY3eTgc,1,0
20260903,UCiLmCoftZHWXSFuQlnEJSsQ,a9U4uap71ME,101,2,7,aVROqXgztWw,1,0
20260903,UCiLmCoftZHWXSFuQlnEJSsQ,a9U4uap71ME,104,4,7,ck0Knx13vk8,1,0
20260903,UCiLmCoftZHWXSFuQlnEJSsQ,a9U4uap71ME,104,5,7,ck0Knx13vk8,1,0
20260903,UCiLmCoftZHWXSFuQlnEJSsQ,a9U4uap71ME,104,5,7,d248WbGEfmQ,1,0
20260903,UCiLmCoftZHWXSFuQlnEJSsQ,a9U4uap71ME,101,2,7,g1GPX8SlOmU,1,0
20260903,UCiLmCoftZHWXSFuQlnEJSsQ,a9U4uap71ME,104,5,7,hpflZiJOzhA,1,0
20260903,UCiLmCoftZHWXSFuQlnEJSsQ,a9U4uap71ME,102,31,7,iKb_5hvRTFY,1,0
20260903,UCiLmCoftZHWXSFuQlnEJSsQ,a9U4uap71ME,104,5,7,iuoLZwm5vRE,1,0
20260903,UCiLmCoftZHWXSFuQlnEJSsQ,a9U4uap71ME,101,2,7,jUxxE7l0nHk,2,0
20260903,UCiLmCoftZHWXSFuQlnEJSsQ,a9U4uap71ME,105,5,7,jimWzDrBQ9k,1,0
20260903,UCiLmCoftZHWXSFuQlnEJSsQ,a9U4uap71ME,101,9,7,n27JULgGJ9o,1,0
20260903,UCiLmCoftZHWXSFuQlnEJSsQ,a9U4uap71ME,103,27,7,n2HBqF37DlY,1,0
20260903,UCiLmCoftZHWXSFuQlnEJSsQ,a9U4uap71ME,104,4,7,ncr9FdM0fLs,1,0
20260903,UCiLmCoftZHWXSFuQlnEJSsQ,a9U4uap71ME,103,10,7,o4gr_Ra054I,1,0
20260903,UCiLmCoftZHWXSFuQlnEJSsQ,a9U4uap71ME,104,5,7,oEpbbnor38o,1,0
20260903,UCiLmCoftZHWXSFuQlnEJSsQ,a9U4uap71ME,104,4,7,o_6Wibmu_Zs,1,0
20260903,UCiLmCoftZHWXSFuQlnEJSsQ,a9U4uap71ME,102,4,7,pE6Pi35mojw,2,0
20260903,UCiLmCoftZHWXSFuQlnEJSsQ,a9U4uap71ME,104,5,7,pE6Pi35mojw,1,0
20260903,UCiLmCoftZHWXSFuQlnEJSsQ,a9U4uap71ME,104,5,7,r0KL8HzKthw,1,0
20260903,UCiLmCoftZHWXSFuQlnEJSsQ,a9U4uap71ME,105,5,7,u9wxdRrwavY,1,0
20260903,UCiLmCoftZHWXSFuQlnEJSsQ,a9U4uap71ME,102,29,7,udPNRPrHz88,1,0
20260903,UCiLmCoftZHWXSFuQlnEJSsQ,a9U4uap71ME,104,5,7,wPSyf3rm5Lo,1,0
20260903,UCiLmCoftZHWXSFuQlnEJSsQ,a9U4uap71ME,104,5,7,xD3s4CBaYUw,1,0
20260903,UCiLmCoftZHWXSFuQlnEJSsQ,a9U4uap71ME,104,5,7,zI05s5ey2v4,1,0
20260903,UCiLmCoftZHWXSFuQlnEJSsQ,a9U4uap71ME,104,4,14,PL8WXH79Tm7DHNrQopVWuKd-WM5HUYzeHH,2,0
20260903,UCiLmCoftZHWXSFuQlnEJSsQ,a9U4uap71ME,104,5,14,my-likes,1,0
20260903,UCiLmCoftZHWXSFuQlnEJSsQ,a9U4uap71ME,105,5,14,my-likes,3,0
20260903,UCiLmCoftZHWXSFuQlnEJSsQ,a9U4uap71ME,104,4,18,unknown,4,0
20260903,UCiLmCoftZHWXSFuQlnEJSsQ,a9U4uap71ME,104,5,18,unknown,2,0
20260903,UCiLmCoftZHWXSFuQlnEJSsQ,a9U4uap71ME,105,5,18,unknown,1,0
20260903,UCiLmCoftZHWXSFuQlnEJSsQ,dhys8ycR5Iw,101,1,3,what-to-watch,1,0
20260903,UCiLmCoftZHWXSFuQlnEJSsQ,dhys8ycR5Iw,101,2,3,what-to-watch,118,0.059322033898305086
20260903,UCiLmCoftZHWXSFuQlnEJSsQ,dhys8ycR5Iw,101,9,3,what-to-watch,18,0.055555555555555552
20260903,UCiLmCoftZHWXSFuQlnEJSsQ,dhys8ycR5Iw,102,1,3,what-to-watch,5,0.2
20260903,UCiLmCoftZHWXSFuQlnEJSsQ,dhys8ycR5Iw,102,4,3,what-to-watch,17,0
20260903,UCiLmCoftZHWXSFuQlnEJSsQ,dhys8ycR5Iw,102,12,3,what-to-watch,2,0
20260903,UCiLmCoftZHWXSFuQlnEJSsQ,dhys8ycR5Iw,102,19,3,what-to-watch,10,0
20260903,UCiLmCoftZHWXSFuQlnEJSsQ,dhys8ycR5Iw,102,29,3,what-to-watch,15,0.066666666666666666
20260903,UCiLmCoftZHWXSFuQlnEJSsQ,dhys8ycR5Iw,102,31,3,what-to-watch,6,0
20260903,UCiLmCoftZHWXSFuQlnEJSsQ,dhys8ycR5Iw,103,10,3,what-to-watch,10,0
20260903,UCiLmCoftZHWXSFuQlnEJSsQ,dhys8ycR5Iw,103,27,3,what-to-watch,4,0.25
20260903,UCiLmCoftZHWXSFuQlnEJSsQ,dhys8ycR5Iw,104,4,3,what-to-watch,74,0.013513513513513514
20260903,UCiLmCoftZHWXSFuQlnEJSsQ,dhys8ycR5Iw,104,5,3,what-to-watch,239,0.066945606694560664
20260903,UCiLmCoftZHWXSFuQlnEJSsQ,dhys8ycR5Iw,105,4,3,what-to-watch,2,0
20260903,UCiLmCoftZHWXSFuQlnEJSsQ,dhys8ycR5Iw,105,5,3,what-to-watch,213,0.0046948356807511738
20260903,UCiLmCoftZHWXSFuQlnEJSsQ,dhys8ycR5Iw,101,2,4,UCiLmCoftZHWXSFuQlnEJSsQ,1,0
20260903,UCiLmCoftZHWXSFuQlnEJSsQ,dhys8ycR5Iw,101,30,4,UCiLmCoftZHWXSFuQlnEJSsQ,1,0
20260903,UCiLmCoftZHWXSFuQlnEJSsQ,dhys8ycR5Iw,102,29,4,UCiLmCoftZHWXSFuQlnEJSsQ,1,0
20260903,UCiLmCoftZHWXSFuQlnEJSsQ,dhys8ycR5Iw,103,27,4,UCiLmCoftZHWXSFuQlnEJSsQ,1,0
20260903,UCiLmCoftZHWXSFuQlnEJSsQ,dhys8ycR5Iw,104,4,4,UCiLmCoftZHWXSFuQlnEJSsQ,1,0
20260903,UCiLmCoftZHWXSFuQlnEJSsQ,dhys8ycR5Iw,104,5,4,UCiLmCoftZHWXSFuQlnEJSsQ,17,0.058823529411764705
20260903,UCiLmCoftZHWXSFuQlnEJSsQ,dhys8ycR5Iw,101,2,5,unknown,4,0
20260903,UCiLmCoftZHWXSFuQlnEJSsQ,dhys8ycR5Iw,102,1,5,unknown,12,0
20260903,UCiLmCoftZHWXSFuQlnEJSsQ,dhys8ycR5Iw,102,4,5,unknown,30,0
20260903,UCiLmCoftZHWXSFuQlnEJSsQ,dhys8ycR5Iw,102,12,5,unknown,1,0
20260903,UCiLmCoftZHWXSFuQlnEJSsQ,dhys8ycR5Iw,102,19,5,unknown,5,0
20260903,UCiLmCoftZHWXSFuQlnEJSsQ,dhys8ycR5Iw,102,29,5,unknown,17,0
20260903,UCiLmCoftZHWXSFuQlnEJSsQ,dhys8ycR5Iw,102,31,5,unknown,16,0
20260903,UCiLmCoftZHWXSFuQlnEJSsQ,dhys8ycR5Iw,103,10,5,unknown,6,0
20260903,UCiLmCoftZHWXSFuQlnEJSsQ,dhys8ycR5Iw,103,27,5,unknown,1,0
20260903,UCiLmCoftZHWXSFuQlnEJSsQ,dhys8ycR5Iw,104,4,5,unknown,15,0
20260903,UCiLmCoftZHWXSFuQlnEJSsQ,dhys8ycR5Iw,104,5,5,unknown,85,0.047058823529411764
20260903,UCiLmCoftZHWXSFuQlnEJSsQ,dhys8ycR5Iw,105,5,5,unknown,13,0
20260903,UCiLmCoftZHWXSFuQlnEJSsQ,dhys8ycR5Iw,101,2,7,-1bqC-l_WJQ,1,0
20260903,UCiLmCoftZHWXSFuQlnEJSsQ,dhys8ycR5Iw,101,9,7,-1bqC-l_WJQ,1,0
20260903,UCiLmCoftZHWXSFuQlnEJSsQ,dhys8ycR5Iw,104,5,7,-1bqC-l_WJQ,1,0
20260903,UCiLmCoftZHWXSFuQlnEJSsQ,dhys8ycR5Iw,104,5,7,-53Y7OjeBmA,3,0
20260903,UCiLmCoftZHWXSFuQlnEJSsQ,dhys8ycR5Iw,101,30,7,-XHBz5pozmM,1,0
20260903,UCiLmCoftZHWXSFuQlnEJSsQ,dhys8ycR5Iw,101,9,7,-XMQNuGA1mI,1,0
20260903,UCiLmCoftZHWXSFuQlnEJSsQ,dhys8ycR5Iw,104,5,7,-XmJkP4WwYI,1,0
20260903,UCiLmCoftZHWXSFuQlnEJSsQ,dhys8ycR5Iw,101,2,7,-diBRfh5Uz8,1,0
20260903,UCiLmCoftZHWXSFuQlnEJSsQ,dhys8ycR5Iw,104,4,7,-gg7uiZnZBA,1,0
20260903,UCiLmCoftZHWXSFuQlnEJSsQ,dhys8ycR5Iw,104,5,7,-tC_X0f6WEo,1,0
20260903,UCiLmCoftZHWXSFuQlnEJSsQ,dhys8ycR5Iw,104,4,7,-wyFdspHrt0,1,0
20260903,UCiLmCoftZHWXSFuQlnEJSsQ,dhys8ycR5Iw,101,2,7,-zgS8_J4STg,1,0
20260903,UCiLmCoftZHWXSFuQlnEJSsQ,dhys8ycR5Iw,104,4,7,0GxFjUHV5KU,1,0
20260903,UCiLmCoftZHWXSFuQlnEJSsQ,dhys8ycR5Iw,104,5,7,0fZPso2zFDM,1,0
20260903,UCiLmCoftZHWXSFuQlnEJSsQ,dhys8ycR5Iw,101,9,7,0g76elVK2jo,1,0
20260903,UCiLmCoftZHWXSFuQlnEJSsQ,dhys8ycR5Iw,104,5,7,0g76elVK2jo,2,0
20260903,UCiLmCoftZHWXSFuQlnEJSsQ,dhys8ycR5Iw,104,4,7,0sdKXVF9qB8,1,0
20260903,UCiLmCoftZHWXSFuQlnEJSsQ,dhys8ycR5Iw,102,29,7,0zwuIxmP-W0,1,0
20260903,UCiLmCoftZHWXSFuQlnEJSsQ,dhys8ycR5Iw,102,29,7,1D71HZPDMOo,1,0
20260903,UCiLmCoftZHWXSFuQlnEJSsQ,dhys8ycR5Iw,104,5,7,1VjPy45toO4,2,0
20260903,UCiLmCoftZHWXSFuQlnEJSsQ,dhys8ycR5Iw,101,2,7,1Yk8RHqKfKI,2,0
20260903,UCiLmCoftZHWXSFuQlnEJSsQ,dhys8ycR5Iw,105,5,7,1hJRqc_oyaQ,1,0
20260903,UCiLmCoftZHWXSFuQlnEJSsQ,dhys8ycR5Iw,101,2,7,2b_XBGYqJVU,1,0
20260903,UCiLmCoftZHWXSFuQlnEJSsQ,dhys8ycR5Iw,104,4,7,2kuqS3AgwL0,1,0
20260903,UCiLmCoftZHWXSFuQlnEJSsQ,dhys8ycR5Iw,101,2,7,2nOHrLolG08,1,0
20260903,UCiLmCoftZHWXSFuQlnEJSsQ,dhys8ycR5Iw,101,2,7,3099DYz_cZY,1,0
20260903,UCiLmCoftZHWXSFuQlnEJSsQ,dhys8ycR5Iw,104,4,7,3099DYz_cZY,1,0
20260903,UCiLmCoftZHWXSFuQlnEJSsQ,dhys8ycR5Iw,101,2,7,34rJB8KhHtU,2,0
20260903,UCiLmCoftZHWXSFuQlnEJSsQ,dhys8ycR5Iw,104,5,7,34rJB8KhHtU,8,0
20260903,UCiLmCoftZHWXSFuQlnEJSsQ,dhys8ycR5Iw,105,5,7,34rJB8KhHtU,1,0
20260903,UCiLmCoftZHWXSFuQlnEJSsQ,dhys8ycR5Iw,104,5,7,36p6ib2ZWSU,1,0
20260903,UCiLmCoftZHWXSFuQlnEJSsQ,dhys8ycR5Iw,104,5,7,37LY7pjPCqI,1,0
20260903,UCiLmCoftZHWXSFuQlnEJSsQ,dhys8ycR5Iw,104,5,7,4-eTQUKSoBY,2,0
20260903,UCiLmCoftZHWXSFuQlnEJSsQ,dhys8ycR5Iw,101,2,7,4DL9gTSOf1k,1,0
20260903,UCiLmCoftZHWXSFuQlnEJSsQ,dhys8ycR5Iw,101,2,7,4WDdu79-yj8,1,0
20260903,UCiLmCoftZHWXSFuQlnEJSsQ,dhys8ycR5Iw,105,5,7,4ZOthVmQV3g,1,0
20260903,UCiLmCoftZHWXSFuQlnEJSsQ,dhys8ycR5Iw,104,5,7,4eQ4RLqk_BA,1,0
20260903,UCiLmCoftZHWXSFuQlnEJSsQ,dhys8ycR5Iw,104,5,7,4l4m-_3Gdb4,1,0
20260903,UCiLmCoftZHWXSFuQlnEJSsQ,dhys8ycR5Iw,102,4,7,5LWvbg_9Pjk,1,0
20260903,UCiLmCoftZHWXSFuQlnEJSsQ,dhys8ycR5Iw,103,27,7,5LWvbg_9Pjk,1,0
20260903,UCiLmCoftZHWXSFuQlnEJSsQ,dhys8ycR5Iw,104,4,7,5LWvbg_9Pjk,1,0
20260903,UCiLmCoftZHWXSFuQlnEJSsQ,dhys8ycR5Iw,104,5,7,5LWvbg_9Pjk,2,0
20260903,UCiLmCoftZHWXSFuQlnEJSsQ,dhys8ycR5Iw,104,5,7,5Ls8i9m562M,1,0
20260903,UCiLmCoftZHWXSFuQlnEJSsQ,dhys8ycR5Iw,105,5,7,5_btWG7uvXA,2,0
20260903,UCiLmCoftZHWXSFuQlnEJSsQ,dhys8ycR5Iw,104,4,7,5sK83PN1E_g,1,0
20260903,UCiLmCoftZHWXSFuQlnEJSsQ,dhys8ycR5Iw,101,2,7,5tKul0-F3EE,1,0
20260903,UCiLmCoftZHWXSFuQlnEJSsQ,dhys8ycR5Iw,102,19,7,5uR5DapnxYA,1,0
20260903,UCiLmCoftZHWXSFuQlnEJSsQ,dhys8ycR5Iw,102,1,7,60WGhb5OYfE,1,0
20260903,UCiLmCoftZHWXSFuQlnEJSsQ,dhys8ycR5Iw,102,29,7,64qqi7-0llM,1,0
20260903,UCiLmCoftZHWXSFuQlnEJSsQ,dhys8ycR5Iw,101,2,7,68lg7SNC8pU,1,0
20260903,UCiLmCoftZHWXSFuQlnEJSsQ,dhys8ycR5Iw,104,5,7,68lg7SNC8pU,1,0
20260903,UCiLmCoftZHWXSFuQlnEJSsQ,dhys8ycR5Iw,104,5,7,6GDgoki2WFA,2,0
20260903,UCiLmCoftZHWXSFuQlnEJSsQ,dhys8ycR5Iw,104,5,7,6IZq4Xt1RVI,1,0
20260903,UCiLmCoftZHWXSFuQlnEJSsQ,dhys8ycR5Iw,101,2,7,6O5n27YPOQ0,1,0
20260903,UCiLmCoftZHWXSFuQlnEJSsQ,dhys8ycR5Iw,104,5,7,6S6ss_r5GSw,1,1
20260903,UCiLmCoftZHWXSFuQlnEJSsQ,dhys8ycR5Iw,101,2,7,6X2ABuufZcg,2,0
20260903,UCiLmCoftZHWXSFuQlnEJSsQ,dhys8ycR5Iw,104,5,7,6X2ABuufZcg,2,0.5
20260903,UCiLmCoftZHWXSFuQlnEJSsQ,dhys8ycR5Iw,105,5,7,6X2ABuufZcg,1,1
20260903,UCiLmCoftZHWXSFuQlnEJSsQ,dhys8ycR5Iw,104,5,7,6e4RDUg6gwU,1,0
20260903,UCiLmCoftZHWXSFuQlnEJSsQ,dhys8ycR5Iw,101,9,7,6fKdAI0_cY4,1,0
20260903,UCiLmCoftZHWXSFuQlnEJSsQ,dhys8ycR5Iw,101,2,7,7KWGiWc_eZU,1,0
20260903,UCiLmCoftZHWXSFuQlnEJSsQ,dhys8ycR5Iw,102,31,7,7P4A7m18aIc,1,0
20260903,UCiLmCoftZHWXSFuQlnEJSsQ,dhys8ycR5Iw,101,2,7,7W3LmNsEFcs,1,0
20260903,UCiLmCoftZHWXSFuQlnEJSsQ,dhys8ycR5Iw,102,12,7,7YFnBMRvEMQ,1,0
20260903,UCiLmCoftZHWXSFuQlnEJSsQ,dhys8ycR5Iw,104,5,7,7eOC37TElRc,1,0
20260903,UCiLmCoftZHWXSFuQlnEJSsQ,dhys8ycR5Iw,101,2,7,7jvbzdOxCh8,1,0
20260903,UCiLmCoftZHWXSFuQlnEJSsQ,dhys8ycR5Iw,104,4,7,7n_L8fmf35o,1,0
20260903,UCiLmCoftZHWXSFuQlnEJSsQ,dhys8ycR5Iw,102,31,7,8BG1qeZyuWk,1,0
20260903,UCiLmCoftZHWXSFuQlnEJSsQ,dhys8ycR5Iw,104,5,7,8Izft15TOdQ,1,0
20260903,UCiLmCoftZHWXSFuQlnEJSsQ,dhys8ycR5Iw,103,10,7,8pqp4YdvyYI,1,0
20260903,UCiLmCoftZHWXSFuQlnEJSsQ,dhys8ycR5Iw,101,2,7,8yJ-Og6VVMQ,1,0
20260903,UCiLmCoftZHWXSFuQlnEJSsQ,dhys8ycR5Iw,101,2,7,9-Artn1__zk,2,0
20260903,UCiLmCoftZHWXSFuQlnEJSsQ,dhys8ycR5Iw,102,19,7,91CkV10VthM,1,0
20260903,UCiLmCoftZHWXSFuQlnEJSsQ,dhys8ycR5Iw,104,5,7,91CkV10VthM,4,0
20260903,UCiLmCoftZHWXSFuQlnEJSsQ,dhys8ycR5Iw,105,5,7,91CkV10VthM,1,0
20260903,UCiLmCoftZHWXSFuQlnEJSsQ,dhys8ycR5Iw,104,5,7,9TR_UfEx5LE,1,0
20260903,UCiLmCoftZHWXSFuQlnEJSsQ,dhys8ycR5Iw,104,5,7,9Yh4pwlOgNo,1,0
20260903,UCiLmCoftZHWXSFuQlnEJSsQ,dhys8ycR5Iw,104,5,7,9_AcwuH-O0Y,2,0
20260903,UCiLmCoftZHWXSFuQlnEJSsQ,dhys8ycR5Iw,104,4,7,9d0XgX-2JzA,1,0
20260903,UCiLmCoftZHWXSFuQlnEJSsQ,dhys8ycR5Iw,104,5,7,9jYcvsELqAA,1,1
20260903,UCiLmCoftZHWXSFuQlnEJSsQ,dhys8ycR5Iw,101,2,7,9us58Zi0S3Y,1,1
20260903,UCiLmCoftZHWXSFuQlnEJSsQ,dhys8ycR5Iw,104,4,7,A1SWLo6HBRc,1,0
20260903,UCiLmCoftZHWXSFuQlnEJSsQ,dhys8ycR5Iw,104,4,7,AGzPtHnphZY,1,0
20260903,UCiLmCoftZHWXSFuQlnEJSsQ,dhys8ycR5Iw,101,2,7,AMofAQHHgbc,1,0
20260903,UCiLmCoftZHWXSFuQlnEJSsQ,dhys8ycR5Iw,105,5,7,AZQ0k8Lwjuk,1,0
20260903,UCiLmCoftZHWXSFuQlnEJSsQ,dhys8ycR5Iw,104,5,7,AbfaiUj2SW0,1,0
20260903,UCiLmCoftZHWXSFuQlnEJSsQ,dhys8ycR5Iw,102,29,7,AglVOv4Reh4,1,0
20260903,UCiLmCoftZHWXSFuQlnEJSsQ,dhys8ycR5Iw,101,2,7,Ainx5wnqXVw,1,0
20260903,UCiLmCoftZHWXSFuQlnEJSsQ,dhys8ycR5Iw,104,5,7,AlCdkudQD2I,1,0
20260903,UCiLmCoftZHWXSFuQlnEJSsQ,dhys8ycR5Iw,104,4,7,B1-MEZRhYkQ,2,0
20260903,UCiLmCoftZHWXSFuQlnEJSsQ,dhys8ycR5Iw,101,2,7,BMAHahYKAzM,1,0
20260903,UCiLmCoftZHWXSFuQlnEJSsQ,dhys8ycR5Iw,101,2,7,BQlrHcWxyTU,1,0
20260903,UCiLmCoftZHWXSFuQlnEJSsQ,dhys8ycR5Iw,105,5,7,BjzthaNF5DQ,1,0
20260903,UCiLmCoftZHWXSFuQlnEJSsQ,dhys8ycR5Iw,102,4,7,BqtgTC8KWio,1,0
20260903,UCiLmCoftZHWXSFuQlnEJSsQ,dhys8ycR5Iw,104,5,7,BqtgTC8KWio,1,0
20260903,UCiLmCoftZHWXSFuQlnEJSsQ,dhys8ycR5Iw,104,4,7,Bs_QO7W4M7E,1,0
20260903,UCiLmCoftZHWXSFuQlnEJSsQ,dhys8ycR5Iw,104,5,7,Bs_QO7W4M7E,1,0
20260903,UCiLmCoftZHWXSFuQlnEJSsQ,dhys8ycR5Iw,104,5,7,C33m56e6Xyg,1,0
20260903,UCiLmCoftZHWXSFuQlnEJSsQ,dhys8ycR5Iw,104,5,7,CCr-OJsmXUU,1,0
20260903,UCiLmCoftZHWXSFuQlnEJSsQ,dhys8ycR5Iw,102,19,7,CI6N5-oJfFk,1,0
20260903,UCiLmCoftZHWXSFuQlnEJSsQ,dhys8ycR5Iw,104,4,7,CS65LNMsKsg,1,0
20260903,UCiLmCoftZHWXSFuQlnEJSsQ,dhys8ycR5Iw,104,5,7,CWy-mGJaB3A,1,0
20260903,UCiLmCoftZHWXSFuQlnEJSsQ,dhys8ycR5Iw,101,2,7,Ck_7VRgp6Tk,2,0
20260903,UCiLmCoftZHWXSFuQlnEJSsQ,dhys8ycR5Iw,101,2,7,Coao2BJDhFQ,1,0
20260903,UCiLmCoftZHWXSFuQlnEJSsQ,dhys8ycR5Iw,101,9,7,Coao2BJDhFQ,1,0
20260903,UCiLmCoftZHWXSFuQlnEJSsQ,dhys8ycR5Iw,101,9,7,Cp_SKVchpDM,1,0
20260903,UCiLmCoftZHWXSFuQlnEJSsQ,dhys8ycR5Iw,101,2,7,D88Zd_OvaSs,1,0
20260903,UCiLmCoftZHWXSFuQlnEJSsQ,dhys8ycR5Iw,104,4,7,DDcDtleiaGY,1,0
20260903,UCiLmCoftZHWXSFuQlnEJSsQ,dhys8ycR5Iw,104,5,7,DDcDtleiaGY,3,0
20260903,UCiLmCoftZHWXSFuQlnEJSsQ,dhys8ycR5Iw,105,5,7,DDcDtleiaGY,1,0
20260903,UCiLmCoftZHWXSFuQlnEJSsQ,dhys8ycR5Iw,104,5,7,DG43I8od_k8,1,1
20260903,UCiLmCoftZHWXSFuQlnEJSsQ,dhys8ycR5Iw,104,5,7,DMEJV_Idaj0,1,0
20260903,UCiLmCoftZHWXSFuQlnEJSsQ,dhys8ycR5Iw,104,5,7,DcLBqtlwtug,1,0
20260903,UCiLmCoftZHWXSFuQlnEJSsQ,dhys8ycR5Iw,101,2,7,DdvR0LbYUjQ,1,0
20260903,UCiLmCoftZHWXSFuQlnEJSsQ,dhys8ycR5Iw,104,5,7,DdvR0LbYUjQ,1,0
20260903,UCiLmCoftZHWXSFuQlnEJSsQ,dhys8ycR5Iw,104,5,7,DlQS8-_AAzU,1,0
20260903,UCiLmCoftZHWXSFuQlnEJSsQ,dhys8ycR5Iw,103,27,7,DnWnn86aw70,1,0
20260903,UCiLmCoftZHWXSFuQlnEJSsQ,dhys8ycR5Iw,104,5,7,DnWnn86aw70,1,0
20260903,UCiLmCoftZHWXSFuQlnEJSsQ,dhys8ycR5Iw,104,5,7,EChoDNBsysA,1,0
20260903,UCiLmCoftZHWXSFuQlnEJSsQ,dhys8ycR5Iw,102,1,7,EPXPwI2fLqk,1,0
20260903,UCiLmCoftZHWXSFuQlnEJSsQ,dhys8ycR5Iw,104,5,7,Ehdgw_AZdkw,2,0
20260903,UCiLmCoftZHWXSFuQlnEJSsQ,dhys8ycR5Iw,102,1,7,EvoV01i7fRw,1,0
20260903,UCiLmCoftZHWXSFuQlnEJSsQ,dhys8ycR5Iw,102,4,7,EvoV01i7fRw,1,0
20260903,UCiLmCoftZHWXSFuQlnEJSsQ,dhys8ycR5Iw,104,5,7,FJ1Wu8yLMi4,1,0
20260903,UCiLmCoftZHWXSFuQlnEJSsQ,dhys8ycR5Iw,102,29,7,FM8PunpEMK8,1,0
20260903,UCiLmCoftZHWXSFuQlnEJSsQ,dhys8ycR5Iw,104,5,7,GS1as85wDa8,2,0
20260903,UCiLmCoftZHWXSFuQlnEJSsQ,dhys8ycR5Iw,105,5,7,GW810wb4pOE,1,1
20260903,UCiLmCoftZHWXSFuQlnEJSsQ,dhys8ycR5Iw,101,2,7,GuvkL9Gz9P0,1,0
20260903,UCiLmCoftZHWXSFuQlnEJSsQ,dhys8ycR5Iw,104,5,7,HbFWXTeTm20,1,0
20260903,UCiLmCoftZHWXSFuQlnEJSsQ,dhys8ycR5Iw,102,29,7,Hhsg6oOvxog,1,0
20260903,UCiLmCoftZHWXSFuQlnEJSsQ,dhys8ycR5Iw,101,2,7,HpUx_wzVWLY,1,0
20260903,UCiLmCoftZHWXSFuQlnEJSsQ,dhys8ycR5Iw,101,2,7,HtsUG7bdrT8,1,0
20260903,UCiLmCoftZHWXSFuQlnEJSsQ,dhys8ycR5Iw,104,4,7,IKBwWHwSRoU,1,0
20260903,UCiLmCoftZHWXSFuQlnEJSsQ,dhys8ycR5Iw,103,27,7,ISL4ANC6eZE,1,0
20260903,UCiLmCoftZHWXSFuQlnEJSsQ,dhys8ycR5Iw,104,5,7,IURAFrKSRnE,1,0
20260903,UCiLmCoftZHWXSFuQlnEJSsQ,dhys8ycR5Iw,104,5,7,IbCXaJGcixc,1,0
20260903,UCiLmCoftZHWXSFuQlnEJSsQ,dhys8ycR5Iw,104,5,7,IlF3sDjUTOI,1,0
20260903,UCiLmCoftZHWXSFuQlnEJSsQ,dhys8ycR5Iw,104,5,7,J5eTB_0SEeg,1,0
20260903,UCiLmCoftZHWXSFuQlnEJSsQ,dhys8ycR5Iw,104,5,7,JJtt3HsjDwg,1,0
20260903,UCiLmCoftZHWXSFuQlnEJSsQ,dhys8ycR5Iw,104,5,7,JSa-UWgWrFE,1,0
20260903,UCiLmCoftZHWXSFuQlnEJSsQ,dhys8ycR5Iw,101,30,7,JjeYcKLxeWQ,1,0
20260903,UCiLmCoftZHWXSFuQlnEJSsQ,dhys8ycR5Iw,101,2,7,Jlef9FjQ22k,1,0
20260903,UCiLmCoftZHWXSFuQlnEJSsQ,dhys8ycR5Iw,105,5,7,Jz-1rp1U_78,1,0
20260903,UCiLmCoftZHWXSFuQlnEJSsQ,dhys8ycR5Iw,104,5,7,KEbA5xwEj7g,1,1
20260903,UCiLmCoftZHWXSFuQlnEJSsQ,dhys8ycR5Iw,104,5,7,KM5AWFr_04o,1,0
20260903,UCiLmCoftZHWXSFuQlnEJSsQ,dhys8ycR5Iw,101,9,7,KPlXlXYjfcY,1,0
20260903,UCiLmCoftZHWXSFuQlnEJSsQ,dhys8ycR5Iw,104,5,7,KoDtdxIQnKo,1,0
20260903,UCiLmCoftZHWXSFuQlnEJSsQ,dhys8ycR5Iw,104,5,7,LVKvFJezxvU,1,0
20260903,UCiLmCoftZHWXSFuQlnEJSsQ,dhys8ycR5Iw,104,5,7,LmhgW1Ye2qw,1,0
20260903,UCiLmCoftZHWXSFuQlnEJSsQ,dhys8ycR5Iw,104,5,7,LvUh6YvYifo,1,0
20260903,UCiLmCoftZHWXSFuQlnEJSsQ,dhys8ycR5Iw,101,2,7,MOtrySJOZN8,1,0
20260903,UCiLmCoftZHWXSFuQlnEJSsQ,dhys8ycR5Iw,104,5,7,MOtrySJOZN8,2,0.5
20260903,UCiLmCoftZHWXSFuQlnEJSsQ,dhys8ycR5Iw,101,2,7,NNpmxKBQbGU,1,0
20260903,UCiLmCoftZHWXSFuQlnEJSsQ,dhys8ycR5Iw,102,1,7,NQa2cFOqaUY,1,0
20260903,UCiLmCoftZHWXSFuQlnEJSsQ,dhys8ycR5Iw,105,5,7,NY5u-4nq4UQ,1,0
20260903,UCiLmCoftZHWXSFuQlnEJSsQ,dhys8ycR5Iw,101,2,7,OJJo0MpNjPE,1,0
20260903,UCiLmCoftZHWXSFuQlnEJSsQ,dhys8ycR5Iw,101,2,7,OXoQfhhkfNw,1,0
20260903,UCiLmCoftZHWXSFuQlnEJSsQ,dhys8ycR5Iw,104,4,7,OXoQfhhkfNw,1,0
20260903,UCiLmCoftZHWXSFuQlnEJSsQ,dhys8ycR5Iw,104,5,7,OXoQfhhkfNw,1,0
20260903,UCiLmCoftZHWXSFuQlnEJSsQ,dhys8ycR5Iw,101,2,7,PE8CVDk77-c,1,0
20260903,UCiLmCoftZHWXSFuQlnEJSsQ,dhys8ycR5Iw,101,2,7,PiikNxCE5_Q,1,0
20260903,UCiLmCoftZHWXSFuQlnEJSsQ,dhys8ycR5Iw,104,5,7,PiikNxCE5_Q,1,0
20260903,UCiLmCoftZHWXSFuQlnEJSsQ,dhys8ycR5Iw,104,4,7,PmD_nggctn4,1,0
20260903,UCiLmCoftZHWXSFuQlnEJSsQ,dhys8ycR5Iw,104,5,7,PmD_nggctn4,2,0
20260903,UCiLmCoftZHWXSFuQlnEJSsQ,dhys8ycR5Iw,104,5,7,QBa7QESJTZY,1,0
20260903,UCiLmCoftZHWXSFuQlnEJSsQ,dhys8ycR5Iw,105,5,7,QBa7QESJTZY,1,0
20260903,UCiLmCoftZHWXSFuQlnEJSsQ,dhys8ycR5Iw,102,29,7,QBzNaHpuM30,1,0
20260903,UCiLmCoftZHWXSFuQlnEJSsQ,dhys8ycR5Iw,103,10,7,QKkpwtb0Idg,1,0
20260903,UCiLmCoftZHWXSFuQlnEJSsQ,dhys8ycR5Iw,104,5,7,QKkpwtb0Idg,1,0
20260903,UCiLmCoftZHWXSFuQlnEJSsQ,dhys8ycR5Iw,102,4,7,QjValRk1-e8,1,0
20260903,UCiLmCoftZHWXSFuQlnEJSsQ,dhys8ycR5Iw,101,2,7,Qm5m02UMGxU,4,0
20260903,UCiLmCoftZHWXSFuQlnEJSsQ,dhys8ycR5Iw,102,4,7,Qm5m02UMGxU,1,0
20260903,UCiLmCoftZHWXSFuQlnEJSsQ,dhys8ycR5Iw,104,5,7,Qm5m02UMGxU,2,0
20260903,UCiLmCoftZHWXSFuQlnEJSsQ,dhys8ycR5Iw,102,29,7,QmBIT0k0mF4,1,0
20260903,UCiLmCoftZHWXSFuQlnEJSsQ,dhys8ycR5Iw,104,5,7,QtCgKf1lEtI,1,0
20260903,UCiLmCoftZHWXSFuQlnEJSsQ,dhys8ycR5Iw,102,4,7,QyhExt2Q8p8,1,0
20260903,UCiLmCoftZHWXSFuQlnEJSsQ,dhys8ycR5Iw,101,2,7,RKPU4x83HpQ,1,0
20260903,UCiLmCoftZHWXSFuQlnEJSsQ,dhys8ycR5Iw,101,2,7,RUEnyZLCtW4,58,0.017241379310344827
20260903,UCiLmCoftZHWXSFuQlnEJSsQ,dhys8ycR5Iw,101,9,7,RUEnyZLCtW4,10,0.1
20260903,UCiLmCoftZHWXSFuQlnEJSsQ,dhys8ycR5Iw,101,30,7,RUEnyZLCtW4,1,0
20260903,UCiLmCoftZHWXSFuQlnEJSsQ,dhys8ycR5Iw,102,1,7,RUEnyZLCtW4,3,0
20260903,UCiLmCoftZHWXSFuQlnEJSsQ,dhys8ycR5Iw,102,4,7,RUEnyZLCtW4,7,0
20260903,UCiLmCoftZHWXSFuQlnEJSsQ,dhys8ycR5Iw,102,19,7,RUEnyZLCtW4,1,0
20260903,UCiLmCoftZHWXSFuQlnEJSsQ,dhys8ycR5Iw,102,26,7,RUEnyZLCtW4,15,0
20260903,UCiLmCoftZHWXSFuQlnEJSsQ,dhys8ycR5Iw,102,29,7,RUEnyZLCtW4,4,0
20260903,UCiLmCoftZHWXSFuQlnEJSsQ,dhys8ycR5Iw,103,10,7,RUEnyZLCtW4,2,0
20260903,UCiLmCoftZHWXSFuQlnEJSsQ,dhys8ycR5Iw,104,4,7,RUEnyZLCtW4,11,0
20260903,UCiLmCoftZHWXSFuQlnEJSsQ,dhys8ycR5Iw,104,5,7,RUEnyZLCtW4,70,0.014285714285714285
20260903,UCiLmCoftZHWXSFuQlnEJSsQ,dhys8ycR5Iw,105,5,7,RUEnyZLCtW4,6,0
20260903,UCiLmCoftZHWXSFuQlnEJSsQ,dhys8ycR5Iw,101,2,7,RucZK7z3hL4,1,0
20260903,UCiLmCoftZHWXSFuQlnEJSsQ,dhys8ycR5Iw,101,9,7,RucZK7z3hL4,1,1
20260903,UCiLmCoftZHWXSFuQlnEJSsQ,dhys8ycR5Iw,104,5,7,RucZK7z3hL4,1,0
20260903,UCiLmCoftZHWXSFuQlnEJSsQ,dhys8ycR5Iw,104,5,7,S4tXGHeKBHs,1,0
20260903,UCiLmCoftZHWXSFuQlnEJSsQ,dhys8ycR5Iw,101,2,7,SACwf8imM0s,1,0
20260903,UCiLmCoftZHWXSFuQlnEJSsQ,dhys8ycR5Iw,101,2,7,SaAC6ZlUCVU,2,0.5
20260903,UCiLmCoftZHWXSFuQlnEJSsQ,dhys8ycR5Iw,105,5,7,SaAC6ZlUCVU,1,0
20260903,UCiLmCoftZHWXSFuQlnEJSsQ,dhys8ycR5Iw,101,2,7,SlDTZdCoX7w,1,0
20260903,UCiLmCoftZHWXSFuQlnEJSsQ,dhys8ycR5Iw,102,4,7,SlDTZdCoX7w,1,0
20260903,UCiLmCoftZHWXSFuQlnEJSsQ,dhys8ycR5Iw,103,27,7,SlDTZdCoX7w,1,0
20260903,UCiLmCoftZHWXSFuQlnEJSsQ,dhys8ycR5Iw,104,5,7,SlDTZdCoX7w,1,0
20260903,UCiLmCoftZHWXSFuQlnEJSsQ,dhys8ycR5Iw,102,19,7,T59t9VY5Wd0,1,0
20260903,UCiLmCoftZHWXSFuQlnEJSsQ,dhys8ycR5Iw,104,5,7,T9a6T0nMulU,1,0
20260903,UCiLmCoftZHWXSFuQlnEJSsQ,dhys8ycR5Iw,104,5,7,TgrhxJIwZPI,1,1
20260903,UCiLmCoftZHWXSFuQlnEJSsQ,dhys8ycR5Iw,101,2,7,TjZU3-jmeMQ,1,0
20260903,UCiLmCoftZHWXSFuQlnEJSsQ,dhys8ycR5Iw,104,5,7,Tpc3HvWg3Es,1,0
20260903,UCiLmCoftZHWXSFuQlnEJSsQ,dhys8ycR5Iw,104,5,7,U32obAuPUF0,1,0
20260903,UCiLmCoftZHWXSFuQlnEJSsQ,dhys8ycR5Iw,101,2,7,UCfMS0V4eZs,1,0
20260903,UCiLmCoftZHWXSFuQlnEJSsQ,dhys8ycR5Iw,101,2,7,UIhZPy3O3sM,2,0
20260903,UCiLmCoftZHWXSFuQlnEJSsQ,dhys8ycR5Iw,101,2,7,UlGkBeKfjNM,1,0
20260903,UCiLmCoftZHWXSFuQlnEJSsQ,dhys8ycR5Iw,105,5,7,Upq1dGjoi48,1,0
20260903,UCiLmCoftZHWXSFuQlnEJSsQ,dhys8ycR5Iw,104,5,7,Uw8K3nqFnho,2,0.5
20260903,UCiLmCoftZHWXSFuQlnEJSsQ,dhys8ycR5Iw,101,2,7,V1jtiKJstkQ,2,0
20260903,UCiLmCoftZHWXSFuQlnEJSsQ,dhys8ycR5Iw,104,5,7,V1jtiKJstkQ,1,0
20260903,UCiLmCoftZHWXSFuQlnEJSsQ,dhys8ycR5Iw,101,9,7,VHGQQ2esDhY,1,0
20260903,UCiLmCoftZHWXSFuQlnEJSsQ,dhys8ycR5Iw,104,5,7,VPca_E6_YTU,2,0
20260903,UCiLmCoftZHWXSFuQlnEJSsQ,dhys8ycR5Iw,101,2,7,VSYdHtJv2h8,1,0
20260903,UCiLmCoftZHWXSFuQlnEJSsQ,dhys8ycR5Iw,104,4,7,Vre008n65hs,1,0
20260903,UCiLmCoftZHWXSFuQlnEJSsQ,dhys8ycR5Iw,101,30,7,VwzmD4egVIY,1,0
20260903,UCiLmCoftZHWXSFuQlnEJSsQ,dhys8ycR5Iw,104,5,7,W2kXK42Pg4c,1,0
20260903,UCiLmCoftZHWXSFuQlnEJSsQ,dhys8ycR5Iw,101,2,7,W3G7Ooc4XzA,1,0
20260903,UCiLmCoftZHWXSFuQlnEJSsQ,dhys8ycR5Iw,104,4,7,W3G7Ooc4XzA,1,0
20260903,UCiLmCoftZHWXSFuQlnEJSsQ,dhys8ycR5Iw,101,2,7,W6wnHphCZPk,1,0
20260903,UCiLmCoftZHWXSFuQlnEJSsQ,dhys8ycR5Iw,104,5,7,W7t25FP_e5k,1,0
20260903,UCiLmCoftZHWXSFuQlnEJSsQ,dhys8ycR5Iw,104,5,7,WHLkNGDzP4g,1,0
20260903,UCiLmCoftZHWXSFuQlnEJSsQ,dhys8ycR5Iw,104,5,7,WNuJfsMp-Es,1,0
20260903,UCiLmCoftZHWXSFuQlnEJSsQ,dhys8ycR5Iw,104,5,7,WO-Rsw2lXR4,1,0
20260903,UCiLmCoftZHWXSFuQlnEJSsQ,dhys8ycR5Iw,104,5,7,WTXZsW1Oz1g,1,0
20260903,UCiLmCoftZHWXSFuQlnEJSsQ,dhys8ycR5Iw,105,5,7,W_285Od8ZY4,1,0
20260903,UCiLmCoftZHWXSFuQlnEJSsQ,dhys8ycR5Iw,102,4,7,WlhY2wpknuc,1,0
20260903,UCiLmCoftZHWXSFuQlnEJSsQ,dhys8ycR5Iw,104,5,7,WsEof0FhwZA,1,0
20260903,UCiLmCoftZHWXSFuQlnEJSsQ,dhys8ycR5Iw,105,5,7,X6CsGWUuKY4,1,0
20260903,UCiLmCoftZHWXSFuQlnEJSsQ,dhys8ycR5Iw,101,2,7,XMcws3Nflek,1,1
20260903,UCiLmCoftZHWXSFuQlnEJSsQ,dhys8ycR5Iw,104,4,7,XMcws3Nflek,1,0
20260903,UCiLmCoftZHWXSFuQlnEJSsQ,dhys8ycR5Iw,104,5,7,XS60uqv1xwk,2,0
20260903,UCiLmCoftZHWXSFuQlnEJSsQ,dhys8ycR5Iw,101,2,7,XSi6bvlsBMg,1,0
20260903,UCiLmCoftZHWXSFuQlnEJSsQ,dhys8ycR5Iw,101,9,7,XT_N48w4wRg,1,0
20260903,UCiLmCoftZHWXSFuQlnEJSsQ,dhys8ycR5Iw,104,5,7,XTwmNFbN_Zs,1,1
20260903,UCiLmCoftZHWXSFuQlnEJSsQ,dhys8ycR5Iw,104,5,7,X_6NeeE-584,1,0
20260903,UCiLmCoftZHWXSFuQlnEJSsQ,dhys8ycR5Iw,104,4,7,Xec6-kA4VUo,1,1
20260903,UCiLmCoftZHWXSFuQlnEJSsQ,dhys8ycR5Iw,101,2,7,XgPrygykWv0,1,0
20260903,UCiLmCoftZHWXSFuQlnEJSsQ,dhys8ycR5Iw,102,31,7,XrmmhhVIe9k,1,0
20260903,UCiLmCoftZHWXSFuQlnEJSsQ,dhys8ycR5Iw,104,5,7,XzH3tg5an4w,1,0
20260903,UCiLmCoftZHWXSFuQlnEJSsQ,dhys8ycR5Iw,101,2,7,Y3Jm9FfkT7M,1,0
20260903,UCiLmCoftZHWXSFuQlnEJSsQ,dhys8ycR5Iw,105,5,7,Y984t2SLyjo,1,0
20260903,UCiLmCoftZHWXSFuQlnEJSsQ,dhys8ycR5Iw,101,2,7,YU4fx8xzats,1,0
20260903,UCiLmCoftZHWXSFuQlnEJSsQ,dhys8ycR5Iw,102,4,7,YcAWoh2WeZQ,1,0
20260903,UCiLmCoftZHWXSFuQlnEJSsQ,dhys8ycR5Iw,104,5,7,Z2hI9CLrzYY,1,0
20260903,UCiLmCoftZHWXSFuQlnEJSsQ,dhys8ycR5Iw,104,5,7,ZfOBqtK5GJE,1,0
20260903,UCiLmCoftZHWXSFuQlnEJSsQ,dhys8ycR5Iw,101,2,7,Zgl80m4eMzM,1,0
20260903,UCiLmCoftZHWXSFuQlnEJSsQ,dhys8ycR5Iw,101,2,7,ZvcocaoXJzo,2,0
20260903,UCiLmCoftZHWXSFuQlnEJSsQ,dhys8ycR5Iw,101,9,7,ZvcocaoXJzo,1,0
20260903,UCiLmCoftZHWXSFuQlnEJSsQ,dhys8ycR5Iw,102,4,7,ZvcocaoXJzo,1,0
20260903,UCiLmCoftZHWXSFuQlnEJSsQ,dhys8ycR5Iw,105,5,7,ZvcocaoXJzo,1,0
20260903,UCiLmCoftZHWXSFuQlnEJSsQ,dhys8ycR5Iw,102,4,7,Zx4r20brkQM,1,0
20260903,UCiLmCoftZHWXSFuQlnEJSsQ,dhys8ycR5Iw,101,30,7,__PF3xDg1Ak,1,0
20260903,UCiLmCoftZHWXSFuQlnEJSsQ,dhys8ycR5Iw,104,5,7,_aGhXjTBT5k,2,0
20260903,UCiLmCoftZHWXSFuQlnEJSsQ,dhys8ycR5Iw,102,1,7,_l7l5BH4h_s,1,0
20260903,UCiLmCoftZHWXSFuQlnEJSsQ,dhys8ycR5Iw,102,4,7,_l7l5BH4h_s,1,0
20260903,UCiLmCoftZHWXSFuQlnEJSsQ,dhys8ycR5Iw,105,5,7,_l7l5BH4h_s,1,0
20260903,UCiLmCoftZHWXSFuQlnEJSsQ,dhys8ycR5Iw,101,2,7,_nvTzA7T6gM,1,0
20260903,UCiLmCoftZHWXSFuQlnEJSsQ,dhys8ycR5Iw,104,5,7,_tX2huO_RaQ,1,1
20260903,UCiLmCoftZHWXSFuQlnEJSsQ,dhys8ycR5Iw,104,5,7,_wbOzjoV5jw,2,0
20260903,UCiLmCoftZHWXSFuQlnEJSsQ,dhys8ycR5Iw,101,2,7,aT3lPYsQFew,1,0
20260903,UCiLmCoftZHWXSFuQlnEJSsQ,dhys8ycR5Iw,103,10,7,aTFeVbMFBfw,1,0
20260903,UCiLmCoftZHWXSFuQlnEJSsQ,dhys8ycR5Iw,104,4,7,anDgmS4jkWI,1,0
20260903,UCiLmCoftZHWXSFuQlnEJSsQ,dhys8ycR5Iw,101,2,7,atH5KX6T_Ds,2,0
20260903,UCiLmCoftZHWXSFuQlnEJSsQ,dhys8ycR5Iw,101,2,7,bLAXJqN4HrE,1,0
20260903,UCiLmCoftZHWXSFuQlnEJSsQ,dhys8ycR5Iw,104,4,7,bPPAoP2qm-s,1,0
20260903,UCiLmCoftZHWXSFuQlnEJSsQ,dhys8ycR5Iw,102,19,7,b_GPq9bvS5w,1,0
20260903,UCiLmCoftZHWXSFuQlnEJSsQ,dhys8ycR5Iw,102,19,7,cQqWLGQh9-k,1,0
20260903,UCiLmCoftZHWXSFuQlnEJSsQ,dhys8ycR5Iw,104,5,7,cUCCGFP44yA,1,0
20260903,UCiLmCoftZHWXSFuQlnEJSsQ,dhys8ycR5Iw,101,9,7,cXPMfnNnSz4,1,0
20260903,UCiLmCoftZHWXSFuQlnEJSsQ,dhys8ycR5Iw,104,5,7,ck0Knx13vk8,1,0
20260903,UCiLmCoftZHWXSFuQlnEJSsQ,dhys8ycR5Iw,101,2,7,dDBdCLt8fB4,1,0
20260903,UCiLmCoftZHWXSFuQlnEJSsQ,dhys8ycR5Iw,104,4,7,dP5ygMBhReY,1,0
20260903,UCiLmCoftZHWXSFuQlnEJSsQ,dhys8ycR5Iw,102,29,7,dWSc8A0Zhgk,1,0
20260903,UCiLmCoftZHWXSFuQlnEJSsQ,dhys8ycR5Iw,101,2,7,d_0JqyWNpO0,1,0
20260903,UCiLmCoftZHWXSFuQlnEJSsQ,dhys8ycR5Iw,104,4,7,eqUNxvrex7I,1,0
20260903,UCiLmCoftZHWXSFuQlnEJSsQ,dhys8ycR5Iw,104,4,7,f-axgP14pV0,1,0
20260903,UCiLmCoftZHWXSFuQlnEJSsQ,dhys8ycR5Iw,101,30,7,fGCf0VrJhhc,1,0
20260903,UCiLmCoftZHWXSFuQlnEJSsQ,dhys8ycR5Iw,105,5,7,fL5nTqHOunk,1,0
20260903,UCiLmCoftZHWXSFuQlnEJSsQ,dhys8ycR5Iw,105,5,7,fOmjuu_SNxc,1,0
20260903,UCiLmCoftZHWXSFuQlnEJSsQ,dhys8ycR5Iw,102,31,7,ffEBfM9JAWU,1,0
20260903,UCiLmCoftZHWXSFuQlnEJSsQ,dhys8ycR5Iw,101,2,7,g1GPX8SlOmU,1,0
20260903,UCiLmCoftZHWXSFuQlnEJSsQ,dhys8ycR5Iw,104,5,7,g1GPX8SlOmU,2,0
20260903,UCiLmCoftZHWXSFuQlnEJSsQ,dhys8ycR5Iw,101,2,7,g3N6AQxFQY0,1,0
20260903,UCiLmCoftZHWXSFuQlnEJSsQ,dhys8ycR5Iw,104,5,7,g3N6AQxFQY0,1,0
20260903,UCiLmCoftZHWXSFuQlnEJSsQ,dhys8ycR5Iw,104,5,7,gFz1W5wRhRI,1,0
20260903,UCiLmCoftZHWXSFuQlnEJSsQ,dhys8ycR5Iw,104,4,7,gQfJOt7Ij5I,1,0
20260903,UCiLmCoftZHWXSFuQlnEJSsQ,dhys8ycR5Iw,101,9,7,gWdmKQdJkVE,1,0
20260903,UCiLmCoftZHWXSFuQlnEJSsQ,dhys8ycR5Iw,104,4,7,gfLfVOy-Q7I,1,0
20260903,UCiLmCoftZHWXSFuQlnEJSsQ,dhys8ycR5Iw,101,2,7,hCD37B6EdxQ,1,0
20260903,UCiLmCoftZHWXSFuQlnEJSsQ,dhys8ycR5Iw,101,2,7,hDQS4AgTc6c,1,0
20260903,UCiLmCoftZHWXSFuQlnEJSsQ,dhys8ycR5Iw,101,9,7,hDQS4AgTc6c,4,0
20260903,UCiLmCoftZHWXSFuQlnEJSsQ,dhys8ycR5Iw,104,5,7,hDQS4AgTc6c,8,0.625
20260903,UCiLmCoftZHWXSFuQlnEJSsQ,dhys8ycR5Iw,105,5,7,hDQS4AgTc6c,1,0
20260903,UCiLmCoftZHWXSFuQlnEJSsQ,dhys8ycR5Iw,102,29,7,hXUVfane2uM,1,0
20260903,UCiLmCoftZHWXSFuQlnEJSsQ,dhys8ycR5Iw,105,5,7,hakJMKFZUpg,1,0
20260903,UCiLmCoftZHWXSFuQlnEJSsQ,dhys8ycR5Iw,105,5,7,i6_SmLrOXe8,1,0
20260903,UCiLmCoftZHWXSFuQlnEJSsQ,dhys8ycR5Iw,104,5,7,iBxyw-9x3Xc,2,0
20260903,UCiLmCoftZHWXSFuQlnEJSsQ,dhys8ycR5Iw,101,2,7,iLXAvQ7MG0c,5,0
20260903,UCiLmCoftZHWXSFuQlnEJSsQ,dhys8ycR5Iw,102,4,7,iLXAvQ7MG0c,1,0
20260903,UCiLmCoftZHWXSFuQlnEJSsQ,dhys8ycR5Iw,103,27,7,iLXAvQ7MG0c,1,0
20260903,UCiLmCoftZHWXSFuQlnEJSsQ,dhys8ycR5Iw,104,4,7,iLXAvQ7MG0c,1,0
20260903,UCiLmCoftZHWXSFuQlnEJSsQ,dhys8ycR5Iw,104,5,7,iLXAvQ7MG0c,1,0
20260903,UCiLmCoftZHWXSFuQlnEJSsQ,dhys8ycR5Iw,105,5,7,iLXAvQ7MG0c,1,0
20260903,UCiLmCoftZHWXSFuQlnEJSsQ,dhys8ycR5Iw,105,5,7,ibNdGb2VvME,1,0
20260903,UCiLmCoftZHWXSFuQlnEJSsQ,dhys8ycR5Iw,103,27,7,id7UNuTTDcs,1,0
20260903,UCiLmCoftZHWXSFuQlnEJSsQ,dhys8ycR5Iw,102,29,7,ikFaEAlO5N0,2,0
20260903,UCiLmCoftZHWXSFuQlnEJSsQ,dhys8ycR5Iw,104,5,7,ioM5c8Lb_NU,1,0
20260903,UCiLmCoftZHWXSFuQlnEJSsQ,dhys8ycR5Iw,104,5,7,jBRtNv3kug8,1,0
20260903,UCiLmCoftZHWXSFuQlnEJSsQ,dhys8ycR5Iw,103,27,7,jM3Pg4aY77U,1,0
20260903,UCiLmCoftZHWXSFuQlnEJSsQ,dhys8ycR5Iw,104,5,7,jNK83kvZS6Q,1,0
20260903,UCiLmCoftZHWXSFuQlnEJSsQ,dhys8ycR5Iw,104,4,7,jXItGVfUeaA,1,0
20260903,UCiLmCoftZHWXSFuQlnEJSsQ,dhys8ycR5Iw,101,2,7,jyr8TnNDGCY,1,0
20260903,UCiLmCoftZHWXSFuQlnEJSsQ,dhys8ycR5Iw,102,4,7,k8Uq6ota-pw,1,0
20260903,UCiLmCoftZHWXSFuQlnEJSsQ,dhys8ycR5Iw,104,4,7,kCLlwiW_MTM,1,0
20260903,UCiLmCoftZHWXSFuQlnEJSsQ,dhys8ycR5Iw,104,5,7,kCLlwiW_MTM,2,0
20260903,UCiLmCoftZHWXSFuQlnEJSsQ,dhys8ycR5Iw,101,2,7,kIm4dcF6XDY,2,0
20260903,UCiLmCoftZHWXSFuQlnEJSsQ,dhys8ycR5Iw,102,1,7,kIm4dcF6XDY,1,0
20260903,UCiLmCoftZHWXSFuQlnEJSsQ,dhys8ycR5Iw,104,5,7,kIm4dcF6XDY,2,0
20260903,UCiLmCoftZHWXSFuQlnEJSsQ,dhys8ycR5Iw,102,29,7,kXM-uXpXS94,1,0
20260903,UCiLmCoftZHWXSFuQlnEJSsQ,dhys8ycR5Iw,104,4,7,lG3cfRys0ss,1,0
20260903,UCiLmCoftZHWXSFuQlnEJSsQ,dhys8ycR5Iw,104,5,7,lVfj1s14MUY,1,0
20260903,UCiLmCoftZHWXSFuQlnEJSsQ,dhys8ycR5Iw,105,5,7,laI7r5Q2phY,1,0
20260903,UCiLmCoftZHWXSFuQlnEJSsQ,dhys8ycR5Iw,102,29,7,lvpP9aLi9ZU,1,0
20260903,UCiLmCoftZHWXSFuQlnEJSsQ,dhys8ycR5Iw,104,5,7,m3NvmaC-q6A,2,0.5
20260903,UCiLmCoftZHWXSFuQlnEJSsQ,dhys8ycR5Iw,101,2,7,m6-gc3NN3to,1,0
20260903,UCiLmCoftZHWXSFuQlnEJSsQ,dhys8ycR5Iw,101,9,7,mCehgATOEig,1,0
20260903,UCiLmCoftZHWXSFuQlnEJSsQ,dhys8ycR5Iw,102,29,7,mCehgATOEig,1,0
20260903,UCiLmCoftZHWXSFuQlnEJSsQ,dhys8ycR5Iw,104,5,7,mCehgATOEig,1,0
20260903,UCiLmCoftZHWXSFuQlnEJSsQ,dhys8ycR5Iw,104,5,7,mKGV348tPqo,1,0
20260903,UCiLmCoftZHWXSFuQlnEJSsQ,dhys8ycR5Iw,104,4,7,mZS4cOSYMnU,1,0
20260903,UCiLmCoftZHWXSFuQlnEJSsQ,dhys8ycR5Iw,101,9,7,mglpGmADeOY,1,0
20260903,UCiLmCoftZHWXSFuQlnEJSsQ,dhys8ycR5Iw,104,4,7,n0I0wnZShh8,1,0
20260903,UCiLmCoftZHWXSFuQlnEJSsQ,dhys8ycR5Iw,104,5,7,n0I0wnZShh8,5,0
20260903,UCiLmCoftZHWXSFuQlnEJSsQ,dhys8ycR5Iw,105,5,7,nBaZWR02qiQ,1,0
20260903,UCiLmCoftZHWXSFuQlnEJSsQ,dhys8ycR5Iw,101,9,7,nQYZuEQvCSs,1,0
20260903,UCiLmCoftZHWXSFuQlnEJSsQ,dhys8ycR5Iw,102,4,7,nU9tIrTeezU,1,0
20260903,UCiLmCoftZHWXSFuQlnEJSsQ,dhys8ycR5Iw,104,4,7,ncr9FdM0fLs,1,0
20260903,UCiLmCoftZHWXSFuQlnEJSsQ,dhys8ycR5Iw,104,4,7,neOM6vR8aA8,1,0
20260903,UCiLmCoftZHWXSFuQlnEJSsQ,dhys8ycR5Iw,104,5,7,neOM6vR8aA8,1,1
20260903,UCiLmCoftZHWXSFuQlnEJSsQ,dhys8ycR5Iw,104,5,7,o1sZPsx70ms,1,0
20260903,UCiLmCoftZHWXSFuQlnEJSsQ,dhys8ycR5Iw,104,5,7,o2ez9mhAGUs,1,0
20260903,UCiLmCoftZHWXSFuQlnEJSsQ,dhys8ycR5Iw,101,2,7,o5PmzhqCa48,1,0
20260903,UCiLmCoftZHWXSFuQlnEJSsQ,dhys8ycR5Iw,102,4,7,o5PmzhqCa48,4,0.25
20260903,UCiLmCoftZHWXSFuQlnEJSsQ,dhys8ycR5Iw,104,5,7,oF9_sc3A6s4,1,0
20260903,UCiLmCoftZHWXSFuQlnEJSsQ,dhys8ycR5Iw,104,5,7,ob7jvjejbqY,1,0
20260903,UCiLmCoftZHWXSFuQlnEJSsQ,dhys8ycR5Iw,104,5,7,oq_TuzzrzyM,1,0
20260903,UCiLmCoftZHWXSFuQlnEJSsQ,dhys8ycR5Iw,104,5,7,p3aelK5HE-k,1,0
20260903,UCiLmCoftZHWXSFuQlnEJSsQ,dhys8ycR5Iw,105,5,7,pE6Pi35mojw,1,0
20260903,UCiLmCoftZHWXSFuQlnEJSsQ,dhys8ycR5Iw,104,5,7,pFp3zUQkeDU,1,0
20260903,UCiLmCoftZHWXSFuQlnEJSsQ,dhys8ycR5Iw,105,5,7,pRiM-7LTllQ,1,0
20260903,UCiLmCoftZHWXSFuQlnEJSsQ,dhys8ycR5Iw,105,5,7,piORI4bP_og,1,0
20260903,UCiLmCoftZHWXSFuQlnEJSsQ,dhys8ycR5Iw,104,5,7,qIfaf1jdQUk,1,0
20260903,UCiLmCoftZHWXSFuQlnEJSsQ,dhys8ycR5Iw,102,4,7,qKF8m9-WKzU,1,0
20260903,UCiLmCoftZHWXSFuQlnEJSsQ,dhys8ycR5Iw,101,2,7,qrFZGTP8tXE,2,0
20260903,UCiLmCoftZHWXSFuQlnEJSsQ,dhys8ycR5Iw,101,2,7,qs2w4JL5sNU,2,0
20260903,UCiLmCoftZHWXSFuQlnEJSsQ,dhys8ycR5Iw,104,5,7,qsBBZCk_Cw0,1,0
20260903,UCiLmCoftZHWXSFuQlnEJSsQ,dhys8ycR5Iw,104,5,7,rFTvKRxAJgU,2,0
20260903,UCiLmCoftZHWXSFuQlnEJSsQ,dhys8ycR5Iw,104,5,7,rSNhDgGJvPU,2,0
20260903,UCiLmCoftZHWXSFuQlnEJSsQ,dhys8ycR5Iw,104,5,7,rZe7PzHElK0,1,0
20260903,UCiLmCoftZHWXSFuQlnEJSsQ,dhys8ycR5Iw,101,2,7,ra7EKrAr4Oo,1,0
20260903,UCiLmCoftZHWXSFuQlnEJSsQ,dhys8ycR5Iw,104,4,7,rskEa8u17oo,1,0
20260903,UCiLmCoftZHWXSFuQlnEJSsQ,dhys8ycR5Iw,104,5,7,s4EWFXQsHXI,1,0
20260903,UCiLmCoftZHWXSFuQlnEJSsQ,dhys8ycR5Iw,102,29,7,srZw-Y1Ntao,1,0
20260903,UCiLmCoftZHWXSFuQlnEJSsQ,dhys8ycR5Iw,102,4,7,t0YmEIY-fx8,1,0
20260903,UCiLmCoftZHWXSFuQlnEJSsQ,dhys8ycR5Iw,104,5,7,t0YmEIY-fx8,1,0
20260903,UCiLmCoftZHWXSFuQlnEJSsQ,dhys8ycR5Iw,101,2,7,t6njgVmd67k,1,0
20260903,UCiLmCoftZHWXSFuQlnEJSsQ,dhys8ycR5Iw,102,31,7,t8xTByTJIr4,1,0
20260903,UCiLmCoftZHWXSFuQlnEJSsQ,dhys8ycR5Iw,104,5,7,t8xTByTJIr4,1,1
20260903,UCiLmCoftZHWXSFuQlnEJSsQ,dhys8ycR5Iw,104,5,7,tIasDDeVrQY,2,0
20260903,UCiLmCoftZHWXSFuQlnEJSsQ,dhys8ycR5Iw,101,30,7,tJaf3UJgULc,1,0
20260903,UCiLmCoftZHWXSFuQlnEJSsQ,dhys8ycR5Iw,101,2,7,u-kNZlfF9A0,3,0
20260903,UCiLmCoftZHWXSFuQlnEJSsQ,dhys8ycR5Iw,102,4,7,u-kNZlfF9A0,1,0
20260903,UCiLmCoftZHWXSFuQlnEJSsQ,dhys8ycR5Iw,104,5,7,u-kNZlfF9A0,3,0.33333333333333331
20260903,UCiLmCoftZHWXSFuQlnEJSsQ,dhys8ycR5Iw,105,5,7,u-kNZlfF9A0,1,0
20260903,UCiLmCoftZHWXSFuQlnEJSsQ,dhys8ycR5Iw,104,5,7,uSAztsqe8bk,1,0
20260903,UCiLmCoftZHWXSFuQlnEJSsQ,dhys8ycR5Iw,101,9,7,umh83EemQQE,1,0
20260903,UCiLmCoftZHWXSFuQlnEJSsQ,dhys8ycR5Iw,101,2,7,uoL37JAHtPo,1,0
20260903,UCiLmCoftZHWXSFuQlnEJSsQ,dhys8ycR5Iw,103,10,7,uoL37JAHtPo,1,0
20260903,UCiLmCoftZHWXSFuQlnEJSsQ,dhys8ycR5Iw,105,5,7,uoL37JAHtPo,1,1
20260903,UCiLmCoftZHWXSFuQlnEJSsQ,dhys8ycR5Iw,104,5,7,urCmiFoKzJQ,2,0
20260903,UCiLmCoftZHWXSFuQlnEJSsQ,dhys8ycR5Iw,104,4,7,uzLXzTViU0k,2,0
20260903,UCiLmCoftZHWXSFuQlnEJSsQ,dhys8ycR5Iw,103,27,7,v9hIy7YF_bA,1,0
20260903,UCiLmCoftZHWXSFuQlnEJSsQ,dhys8ycR5Iw,104,4,7,vZ_dZvvKD_Q,1,0
20260903,UCiLmCoftZHWXSFuQlnEJSsQ,dhys8ycR5Iw,103,27,7,w363gEuXMWM,1,0
20260903,UCiLmCoftZHWXSFuQlnEJSsQ,dhys8ycR5Iw,101,2,7,wO2z79qqB1Y,1,0
20260903,UCiLmCoftZHWXSFuQlnEJSsQ,dhys8ycR5Iw,102,4,7,wbDDXKxjmyA,1,0
20260903,UCiLmCoftZHWXSFuQlnEJSsQ,dhys8ycR5Iw,104,5,7,wlWuRrYAJ1g,1,0
20260903,UCiLmCoftZHWXSFuQlnEJSsQ,dhys8ycR5Iw,104,5,7,wvwukXlChvk,1,0
20260903,UCiLmCoftZHWXSFuQlnEJSsQ,dhys8ycR5Iw,102,19,7,x2hS_7CLmJM,1,0
20260903,UCiLmCoftZHWXSFuQlnEJSsQ,dhys8ycR5Iw,102,4,7,xD3s4CBaYUw,1,0
20260903,UCiLmCoftZHWXSFuQlnEJSsQ,dhys8ycR5Iw,102,4,7,xGtadupTS7I,1,0
20260903,UCiLmCoftZHWXSFuQlnEJSsQ,dhys8ycR5Iw,102,29,7,xe4EaVS5P10,1,0
20260903,UCiLmCoftZHWXSFuQlnEJSsQ,dhys8ycR5Iw,101,2,7,xgSD7YMOips,1,0
20260903,UCiLmCoftZHWXSFuQlnEJSsQ,dhys8ycR5Iw,104,5,7,xgSD7YMOips,1,0
20260903,UCiLmCoftZHWXSFuQlnEJSsQ,dhys8ycR5Iw,102,19,7,xlf7QbHy7KM,1,0
20260903,UCiLmCoftZHWXSFuQlnEJSsQ,dhys8ycR5Iw,101,2,7,yGOu43-qQRA,1,0
20260903,UCiLmCoftZHWXSFuQlnEJSsQ,dhys8ycR5Iw,101,2,7,y_5VdVWAwbo,1,0
20260903,UCiLmCoftZHWXSFuQlnEJSsQ,dhys8ycR5Iw,101,2,7,y_yI4t1aTfs,1,0
20260903,UCiLmCoftZHWXSFuQlnEJSsQ,dhys8ycR5Iw,102,4,7,ykjlJzLgdB4,1,0
20260903,UCiLmCoftZHWXSFuQlnEJSsQ,dhys8ycR5Iw,104,5,7,yx0C45JpaPM,1,0
20260903,UCiLmCoftZHWXSFuQlnEJSsQ,dhys8ycR5Iw,101,2,7,z1KS7myipTQ,1,0
20260903,UCiLmCoftZHWXSFuQlnEJSsQ,dhys8ycR5Iw,104,4,7,zF5x29Cir98,1,0
20260903,UCiLmCoftZHWXSFuQlnEJSsQ,dhys8ycR5Iw,101,2,7,zHesHW2KT18,1,0
20260903,UCiLmCoftZHWXSFuQlnEJSsQ,dhys8ycR5Iw,101,9,7,zemfkBchxuE,1,0
20260903,UCiLmCoftZHWXSFuQlnEJSsQ,dhys8ycR5Iw,102,29,7,ziGbKBlwfuE,1,0
20260903,UCiLmCoftZHWXSFuQlnEJSsQ,dhys8ycR5Iw,104,4,7,ziVIRw4ap4A,1,0
20260903,UCiLmCoftZHWXSFuQlnEJSsQ,dhys8ycR5Iw,104,4,18,unknown,1,0
20260903,UCiLmCoftZHWXSFuQlnEJSsQ,dhys8ycR5Iw,104,5,18,unknown,2,0
20260903,UCiLmCoftZHWXSFuQlnEJSsQ,g1GPX8SlOmU,101,2,3,what-to-watch,12,0.083333333333333329
20260903,UCiLmCoftZHWXSFuQlnEJSsQ,g1GPX8SlOmU,102,1,3,what-to-watch,1,0
20260903,UCiLmCoftZHWXSFuQlnEJSsQ,g1GPX8SlOmU,102,29,3,what-to-watch,2,0
20260903,UCiLmCoftZHWXSFuQlnEJSsQ,g1GPX8SlOmU,102,31,3,what-to-watch,1,0
20260903,UCiLmCoftZHWXSFuQlnEJSsQ,g1GPX8SlOmU,103,27,3,what-to-watch,1,0
20260903,UCiLmCoftZHWXSFuQlnEJSsQ,g1GPX8SlOmU,104,4,3,what-to-watch,6,0
20260903,UCiLmCoftZHWXSFuQlnEJSsQ,g1GPX8SlOmU,104,5,3,what-to-watch,52,0.096153846153846159
20260903,UCiLmCoftZHWXSFuQlnEJSsQ,g1GPX8SlOmU,105,5,3,what-to-watch,38,0.052631578947368418
20260903,UCiLmCoftZHWXSFuQlnEJSsQ,g1GPX8SlOmU,101,2,4,UCiLmCoftZHWXSFuQlnEJSsQ,1,0
20260903,UCiLmCoftZHWXSFuQlnEJSsQ,g1GPX8SlOmU,102,29,4,UCiLmCoftZHWXSFuQlnEJSsQ,1,0
20260903,UCiLmCoftZHWXSFuQlnEJSsQ,g1GPX8SlOmU,104,4,4,UCiLmCoftZHWXSFuQlnEJSsQ,1,0
20260903,UCiLmCoftZHWXSFuQlnEJSsQ,g1GPX8SlOmU,104,5,4,UCiLmCoftZHWXSFuQlnEJSsQ,19,0.052631578947368418
20260903,UCiLmCoftZHWXSFuQlnEJSsQ,g1GPX8SlOmU,105,5,4,UCiLmCoftZHWXSFuQlnEJSsQ,1,0
20260903,UCiLmCoftZHWXSFuQlnEJSsQ,g1GPX8SlOmU,101,2,5,unknown,1,0
20260903,UCiLmCoftZHWXSFuQlnEJSsQ,g1GPX8SlOmU,101,9,5,unknown,1,0
20260903,UCiLmCoftZHWXSFuQlnEJSsQ,g1GPX8SlOmU,102,1,5,unknown,1,0
20260903,UCiLmCoftZHWXSFuQlnEJSsQ,g1GPX8SlOmU,102,4,5,unknown,5,0
20260903,UCiLmCoftZHWXSFuQlnEJSsQ,g1GPX8SlOmU,102,12,5,unknown,1,0
20260903,UCiLmCoftZHWXSFuQlnEJSsQ,g1GPX8SlOmU,102,29,5,unknown,10,0
20260903,UCiLmCoftZHWXSFuQlnEJSsQ,g1GPX8SlOmU,102,31,5,unknown,1,0
20260903,UCiLmCoftZHWXSFuQlnEJSsQ,g1GPX8SlOmU,103,27,5,unknown,1,0
20260903,UCiLmCoftZHWXSFuQlnEJSsQ,g1GPX8SlOmU,104,4,5,unknown,4,0
20260903,UCiLmCoftZHWXSFuQlnEJSsQ,g1GPX8SlOmU,104,5,5,unknown,37,0.027027027027027029
20260903,UCiLmCoftZHWXSFuQlnEJSsQ,g1GPX8SlOmU,105,5,5,unknown,4,0
20260903,UCiLmCoftZHWXSFuQlnEJSsQ,g1GPX8SlOmU,101,2,7,4V9S1LxZ0YQ,1,0
20260903,UCiLmCoftZHWXSFuQlnEJSsQ,g1GPX8SlOmU,104,5,7,CGFlfWNpPTY,1,0
20260903,UCiLmCoftZHWXSFuQlnEJSsQ,g1GPX8SlOmU,102,19,7,ClpBk0qV3xQ,1,0
20260903,UCiLmCoftZHWXSFuQlnEJSsQ,g1GPX8SlOmU,104,5,7,D88Zd_OvaSs,3,0
20260903,UCiLmCoftZHWXSFuQlnEJSsQ,g1GPX8SlOmU,104,5,7,DG43I8od_k8,1,0
20260903,UCiLmCoftZHWXSFuQlnEJSsQ,g1GPX8SlOmU,105,5,7,EvoV01i7fRw,1,0
20260903,UCiLmCoftZHWXSFuQlnEJSsQ,g1GPX8SlOmU,102,4,7,Fq57gH-avNQ,1,0
20260903,UCiLmCoftZHWXSFuQlnEJSsQ,g1GPX8SlOmU,104,5,7,Fuojikxc-bM,1,0
20260903,UCiLmCoftZHWXSFuQlnEJSsQ,g1GPX8SlOmU,101,2,7,HgCgwKqeJBI,1,0
20260903,UCiLmCoftZHWXSFuQlnEJSsQ,g1GPX8SlOmU,104,4,7,IQyrVB__Ygg,1,0
20260903,UCiLmCoftZHWXSFuQlnEJSsQ,g1GPX8SlOmU,104,4,7,InfLZ1gaZ0g,1,0
20260903,UCiLmCoftZHWXSFuQlnEJSsQ,g1GPX8SlOmU,104,5,7,J6_79nIjkf4,1,0
20260903,UCiLmCoftZHWXSFuQlnEJSsQ,g1GPX8SlOmU,102,29,7,OxnGhoR4Hs0,1,0
20260903,UCiLmCoftZHWXSFuQlnEJSsQ,g1GPX8SlOmU,104,5,7,PiikNxCE5_Q,3,0
20260903,UCiLmCoftZHWXSFuQlnEJSsQ,g1GPX8SlOmU,104,4,7,Pw3oEszjHY8,1,0
20260903,UCiLmCoftZHWXSFuQlnEJSsQ,g1GPX8SlOmU,103,10,7,PyYI5lpA9PU,1,0
20260903,UCiLmCoftZHWXSFuQlnEJSsQ,g1GPX8SlOmU,101,2,7,Q0t4vMgXTy8,2,0
20260903,UCiLmCoftZHWXSFuQlnEJSsQ,g1GPX8SlOmU,104,5,7,R1AgA4FRvVs,1,0
20260903,UCiLmCoftZHWXSFuQlnEJSsQ,g1GPX8SlOmU,102,4,7,S4tXGHeKBHs,1,0
20260903,UCiLmCoftZHWXSFuQlnEJSsQ,g1GPX8SlOmU,104,5,7,S4tXGHeKBHs,1,0
20260903,UCiLmCoftZHWXSFuQlnEJSsQ,g1GPX8SlOmU,102,4,7,SlDTZdCoX7w,1,0
20260903,UCiLmCoftZHWXSFuQlnEJSsQ,g1GPX8SlOmU,104,5,7,SlDTZdCoX7w,2,0
20260903,UCiLmCoftZHWXSFuQlnEJSsQ,g1GPX8SlOmU,104,5,7,T_Uo_yy77hk,1,1
20260903,UCiLmCoftZHWXSFuQlnEJSsQ,g1GPX8SlOmU,104,4,7,Vre008n65hs,2,0
20260903,UCiLmCoftZHWXSFuQlnEJSsQ,g1GPX8SlOmU,104,5,7,XCp_X6_1R4w,2,0
20260903,UCiLmCoftZHWXSFuQlnEJSsQ,g1GPX8SlOmU,104,4,7,XT2VnNGnnrw,1,0
20260903,UCiLmCoftZHWXSFuQlnEJSsQ,g1GPX8SlOmU,104,5,7,XTwmNFbN_Zs,1,1
20260903,UCiLmCoftZHWXSFuQlnEJSsQ,g1GPX8SlOmU,104,5,7,_IwUaJ6z4ZQ,2,0
20260903,UCiLmCoftZHWXSFuQlnEJSsQ,g1GPX8SlOmU,104,5,7,_a4REWf2Byk,2,0
20260903,UCiLmCoftZHWXSFuQlnEJSsQ,g1GPX8SlOmU,102,1,7,_l7l5BH4h_s,1,0
20260903,UCiLmCoftZHWXSFuQlnEJSsQ,g1GPX8SlOmU,102,4,7,_l7l5BH4h_s,1,0
20260903,UCiLmCoftZHWXSFuQlnEJSsQ,g1GPX8SlOmU,104,5,7,_l7l5BH4h_s,1,0
20260903,UCiLmCoftZHWXSFuQlnEJSsQ,g1GPX8SlOmU,105,5,7,_l7l5BH4h_s,1,0
20260903,UCiLmCoftZHWXSFuQlnEJSsQ,g1GPX8SlOmU,104,4,7,_z0PO-tGlFc,1,0
20260903,UCiLmCoftZHWXSFuQlnEJSsQ,g1GPX8SlOmU,104,5,7,a1tQY33iFmM,1,4
20260903,UCiLmCoftZHWXSFuQlnEJSsQ,g1GPX8SlOmU,104,5,7,aEKmiuXtZx8,1,0
20260903,UCiLmCoftZHWXSFuQlnEJSsQ,g1GPX8SlOmU,102,31,7,ak-TI1Un-1g,1,0
20260903,UCiLmCoftZHWXSFuQlnEJSsQ,g1GPX8SlOmU,104,5,7,c5u_91yZ6cQ,1,0
20260903,UCiLmCoftZHWXSFuQlnEJSsQ,g1GPX8SlOmU,101,2,7,dhys8ycR5Iw,4,0
20260903,UCiLmCoftZHWXSFuQlnEJSsQ,g1GPX8SlOmU,101,9,7,dhys8ycR5Iw,1,0
20260903,UCiLmCoftZHWXSFuQlnEJSsQ,g1GPX8SlOmU,102,4,7,dhys8ycR5Iw,1,0
20260903,UCiLmCoftZHWXSFuQlnEJSsQ,g1GPX8SlOmU,104,4,7,dhys8ycR5Iw,1,0
20260903,UCiLmCoftZHWXSFuQlnEJSsQ,g1GPX8SlOmU,104,5,7,dhys8ycR5Iw,10,0.3
20260903,UCiLmCoftZHWXSFuQlnEJSsQ,g1GPX8SlOmU,104,5,7,ejXnSbgWeBs,1,0
20260903,UCiLmCoftZHWXSFuQlnEJSsQ,g1GPX8SlOmU,104,5,7,fiwozC1y_Og,1,1
20260903,UCiLmCoftZHWXSFuQlnEJSsQ,g1GPX8SlOmU,104,4,7,guyGMVDc-es,1,0
20260903,UCiLmCoftZHWXSFuQlnEJSsQ,g1GPX8SlOmU,101,2,7,gyVpHbNtNxk,1,0
20260903,UCiLmCoftZHWXSFuQlnEJSsQ,g1GPX8SlOmU,101,2,7,hDubT5fg1hg,1,0
20260903,UCiLmCoftZHWXSFuQlnEJSsQ,g1GPX8SlOmU,104,5,7,hHSKvowbmYk,1,0
20260903,UCiLmCoftZHWXSFuQlnEJSsQ,g1GPX8SlOmU,104,5,7,hRKy6xA_UMs,1,0
20260903,UCiLmCoftZHWXSFuQlnEJSsQ,g1GPX8SlOmU,105,5,7,hXUVfane2uM,1,0
20260903,UCiLmCoftZHWXSFuQlnEJSsQ,g1GPX8SlOmU,101,2,7,iQmaNmimpDQ,1,0
20260903,UCiLmCoftZHWXSFuQlnEJSsQ,g1GPX8SlOmU,102,29,7,kXM-uXpXS94,1,0
20260903,UCiLmCoftZHWXSFuQlnEJSsQ,g1GPX8SlOmU,104,5,7,ketIA3aDd2Q,2,0
20260903,UCiLmCoftZHWXSFuQlnEJSsQ,g1GPX8SlOmU,102,1,7,l7AiHEaRieQ,1,0
20260903,UCiLmCoftZHWXSFuQlnEJSsQ,g1GPX8SlOmU,104,5,7,lcTtcqjTLlI,1,0
20260903,UCiLmCoftZHWXSFuQlnEJSsQ,g1GPX8SlOmU,102,4,7,pE6Pi35mojw,2,0
20260903,UCiLmCoftZHWXSFuQlnEJSsQ,g1GPX8SlOmU,104,5,7,pE6Pi35mojw,1,0
20260903,UCiLmCoftZHWXSFuQlnEJSsQ,g1GPX8SlOmU,105,5,7,pE6Pi35mojw,1,0
20260903,UCiLmCoftZHWXSFuQlnEJSsQ,g1GPX8SlOmU,104,5,7,rSNhDgGJvPU,1,0
20260903,UCiLmCoftZHWXSFuQlnEJSsQ,g1GPX8SlOmU,104,4,7,s4Q8fzF92QA,1,1
20260903,UCiLmCoftZHWXSFuQlnEJSsQ,g1GPX8SlOmU,104,5,7,s4Q8fzF92QA,1,0
20260903,UCiLmCoftZHWXSFuQlnEJSsQ,g1GPX8SlOmU,102,1,7,t6njgVmd67k,1,0
20260903,UCiLmCoftZHWXSFuQlnEJSsQ,g1GPX8SlOmU,102,4,7,uoL37JAHtPo,1,0
20260903,UCiLmCoftZHWXSFuQlnEJSsQ,g1GPX8SlOmU,104,5,7,wGMQw8gCbh8,2,0
20260903,UCiLmCoftZHWXSFuQlnEJSsQ,g1GPX8SlOmU,104,5,7,wgk61v7wW9c,1,0
20260903,UCiLmCoftZHWXSFuQlnEJSsQ,g1GPX8SlOmU,104,5,7,y1y2v_WqG-Y,2,0.5
20260903,UCiLmCoftZHWXSFuQlnEJSsQ,g1GPX8SlOmU,102,4,7,yXw1iPZqjJ4,1,0
20260903,UCiLmCoftZHWXSFuQlnEJSsQ,g1GPX8SlOmU,104,4,14,PLKksYsCG-jISHOdVqGUUZMz6Bv5JYlKjS,2,0
20260903,UCiLmCoftZHWXSFuQlnEJSsQ,g1GPX8SlOmU,104,4,14,PLQeeDcwUDqXl7iD8ejBjt5yw0F_BkCT_K,1,0
20260903,UCiLmCoftZHWXSFuQlnEJSsQ,g1GPX8SlOmU,104,4,18,unknown,2,0
20260903,UCiLmCoftZHWXSFuQlnEJSsQ,g1GPX8SlOmU,104,5,18,unknown,6,0
20260903,UCiLmCoftZHWXSFuQlnEJSsQ,g1GPX8SlOmU,105,5,18,unknown,3,0
20260903,UCiLmCoftZHWXSFuQlnEJSsQ,lcTtcqjTLlI,101,2,4,UCiLmCoftZHWXSFuQlnEJSsQ,1,0
20260903,UCiLmCoftZHWXSFuQlnEJSsQ,lcTtcqjTLlI,102,29,4,UCiLmCoftZHWXSFuQlnEJSsQ,1,0
20260903,UCiLmCoftZHWXSFuQlnEJSsQ,lcTtcqjTLlI,104,5,4,UCiLmCoftZHWXSFuQlnEJSsQ,9,0
20260903,UCiLmCoftZHWXSFuQlnEJSsQ,lcTtcqjTLlI,102,4,5,unknown,2,0
20260903,UCiLmCoftZHWXSFuQlnEJSsQ,lcTtcqjTLlI,102,12,5,unknown,1,0
20260903,UCiLmCoftZHWXSFuQlnEJSsQ,lcTtcqjTLlI,104,4,5,unknown,2,0
20260903,UCiLmCoftZHWXSFuQlnEJSsQ,lcTtcqjTLlI,104,5,7,3AQw6eUmK58,3,0
20260903,UCiLmCoftZHWXSFuQlnEJSsQ,lcTtcqjTLlI,104,5,7,D88Zd_OvaSs,4,0.25
20260903,UCiLmCoftZHWXSFuQlnEJSsQ,lcTtcqjTLlI,101,2,7,EvoV01i7fRw,2,0
20260903,UCiLmCoftZHWXSFuQlnEJSsQ,lcTtcqjTLlI,102,1,7,EvoV01i7fRw,1,0
20260903,UCiLmCoftZHWXSFuQlnEJSsQ,lcTtcqjTLlI,102,4,7,EvoV01i7fRw,1,0
20260903,UCiLmCoftZHWXSFuQlnEJSsQ,lcTtcqjTLlI,101,2,7,HgCgwKqeJBI,1,0
20260903,UCiLmCoftZHWXSFuQlnEJSsQ,lcTtcqjTLlI,101,2,7,IclAUQ4xKdY,1,0
20260903,UCiLmCoftZHWXSFuQlnEJSsQ,lcTtcqjTLlI,101,2,7,PiikNxCE5_Q,2,0
20260903,UCiLmCoftZHWXSFuQlnEJSsQ,lcTtcqjTLlI,102,4,7,S4tXGHeKBHs,1,0
20260903,UCiLmCoftZHWXSFuQlnEJSsQ,lcTtcqjTLlI,104,5,7,S4tXGHeKBHs,2,0
20260903,UCiLmCoftZHWXSFuQlnEJSsQ,lcTtcqjTLlI,102,1,7,SlDTZdCoX7w,1,0
20260903,UCiLmCoftZHWXSFuQlnEJSsQ,lcTtcqjTLlI,102,4,7,dhys8ycR5Iw,1,0
20260903,UCiLmCoftZHWXSFuQlnEJSsQ,lcTtcqjTLlI,104,5,7,dhys8ycR5Iw,1,0
20260903,UCiLmCoftZHWXSFuQlnEJSsQ,lcTtcqjTLlI,101,2,7,g1GPX8SlOmU,1,0
20260903,UCiLmCoftZHWXSFuQlnEJSsQ,lcTtcqjTLlI,104,4,7,g1GPX8SlOmU,1,0
20260903,UCiLmCoftZHWXSFuQlnEJSsQ,lcTtcqjTLlI,104,5,7,ksQHvvr2eYY,1,0
20260903,UCiLmCoftZHWXSFuQlnEJSsQ,lcTtcqjTLlI,102,4,7,pE6Pi35mojw,2,0
20260903,UCiLmCoftZHWXSFuQlnEJSsQ,lcTtcqjTLlI,104,5,7,pE6Pi35mojw,3,0
20260903,UCiLmCoftZHWXSFuQlnEJSsQ,lcTtcqjTLlI,101,2,7,sYM4Vdzaex0,1,0
20260903,UCiLmCoftZHWXSFuQlnEJSsQ,lcTtcqjTLlI,104,5,7,wO2z79qqB1Y,1,0
20260903,UCiLmCoftZHWXSFuQlnEJSsQ,pE6Pi35mojw,101,2,3,what-to-watch,37,0.027027027027027029
20260903,UCiLmCoftZHWXSFuQlnEJSsQ,pE6Pi35mojw,101,9,3,what-to-watch,8,0
20260903,UCiLmCoftZHWXSFuQlnEJSsQ,pE6Pi35mojw,101,30,3,what-to-watch,1,0
20260903,UCiLmCoftZHWXSFuQlnEJSsQ,pE6Pi35mojw,102,1,3,what-to-watch,3,0
20260903,UCiLmCoftZHWXSFuQlnEJSsQ,pE6Pi35mojw,102,4,3,what-to-watch,15,0.066666666666666666
20260903,UCiLmCoftZHWXSFuQlnEJSsQ,pE6Pi35mojw,102,12,3,what-to-watch,3,0
20260903,UCiLmCoftZHWXSFuQlnEJSsQ,pE6Pi35mojw,102,19,3,what-to-watch,3,0
20260903,UCiLmCoftZHWXSFuQlnEJSsQ,pE6Pi35mojw,102,21,3,what-to-watch,1,0
20260903,UCiLmCoftZHWXSFuQlnEJSsQ,pE6Pi35mojw,102,28,3,what-to-watch,1,0
20260903,UCiLmCoftZHWXSFuQlnEJSsQ,pE6Pi35mojw,102,29,3,what-to-watch,6,0
20260903,UCiLmCoftZHWXSFuQlnEJSsQ,pE6Pi35mojw,102,31,3,what-to-watch,3,0
20260903,UCiLmCoftZHWXSFuQlnEJSsQ,pE6Pi35mojw,103,10,3,what-to-watch,4,0
20260903,UCiLmCoftZHWXSFuQlnEJSsQ,pE6Pi35mojw,103,27,3,what-to-watch,2,0
20260903,UCiLmCoftZHWXSFuQlnEJSsQ,pE6Pi35mojw,104,4,3,what-to-watch,33,0.090909090909090912
20260903,UCiLmCoftZHWXSFuQlnEJSsQ,pE6Pi35mojw,104,5,3,what-to-watch,130,0.069230769230769235
20260903,UCiLmCoftZHWXSFuQlnEJSsQ,pE6Pi35mojw,105,5,3,what-to-watch,112,0.026785714285714284
20260903,UCiLmCoftZHWXSFuQlnEJSsQ,pE6Pi35mojw,101,9,4,UCS7HVTPZ1h4vMz-3IX7rbTA,1,0
20260903,UCiLmCoftZHWXSFuQlnEJSsQ,pE6Pi35mojw,101,2,4,UCiLmCoftZHWXSFuQlnEJSsQ,3,0
20260903,UCiLmCoftZHWXSFuQlnEJSsQ,pE6Pi35mojw,101,30,4,UCiLmCoftZHWXSFuQlnEJSsQ,1,0
20260903,UCiLmCoftZHWXSFuQlnEJSsQ,pE6Pi35mojw,102,29,4,UCiLmCoftZHWXSFuQlnEJSsQ,1,0
20260903,UCiLmCoftZHWXSFuQlnEJSsQ,pE6Pi35mojw,104,4,4,UCiLmCoftZHWXSFuQlnEJSsQ,1,0
20260903,UCiLmCoftZHWXSFuQlnEJSsQ,pE6Pi35mojw,104,5,4,UCiLmCoftZHWXSFuQlnEJSsQ,26,0
20260903,UCiLmCoftZHWXSFuQlnEJSsQ,pE6Pi35mojw,101,2,5,unknown,11,0
20260903,UCiLmCoftZHWXSFuQlnEJSsQ,pE6Pi35mojw,101,9,5,unknown,10,0
20260903,UCiLmCoftZHWXSFuQlnEJSsQ,pE6Pi35mojw,101,30,5,unknown,1,0
20260903,UCiLmCoftZHWXSFuQlnEJSsQ,pE6Pi35mojw,102,1,5,unknown,14,0.071428571428571425
20260903,UCiLmCoftZHWXSFuQlnEJSsQ,pE6Pi35mojw,102,4,5,unknown,44,0.022727272727272728
20260903,UCiLmCoftZHWXSFuQlnEJSsQ,pE6Pi35mojw,102,12,5,unknown,2,0
20260903,UCiLmCoftZHWXSFuQlnEJSsQ,pE6Pi35mojw,102,19,5,unknown,10,0
20260903,UCiLmCoftZHWXSFuQlnEJSsQ,pE6Pi35mojw,102,29,5,unknown,27,0.037037037037037035
20260903,UCiLmCoftZHWXSFuQlnEJSsQ,pE6Pi35mojw,102,31,5,unknown,10,0
20260903,UCiLmCoftZHWXSFuQlnEJSsQ,pE6Pi35mojw,103,10,5,unknown,7,0.14285714285714285
20260903,UCiLmCoftZHWXSFuQlnEJSsQ,pE6Pi35mojw,103,27,5,unknown,6,0
20260903,UCiLmCoftZHWXSFuQlnEJSsQ,pE6Pi35mojw,104,4,5,unknown,80,0.0125
20260903,UCiLmCoftZHWXSFuQlnEJSsQ,pE6Pi35mojw,104,5,5,unknown,251,0.0398406374501992
20260903,UCiLmCoftZHWXSFuQlnEJSsQ,pE6Pi35mojw,105,5,5,unknown,52,0.038461538461538464
20260903,UCiLmCoftZHWXSFuQlnEJSsQ,pE6Pi35mojw,102,4,7,-LGxusZlFUg,1,0
20260903,UCiLmCoftZHWXSFuQlnEJSsQ,pE6Pi35mojw,102,4,7,-diBRfh5Uz8,1,0
20260903,UCiLmCoftZHWXSFuQlnEJSsQ,pE6Pi35mojw,104,5,7,-diBRfh5Uz8,1,0
20260903,UCiLmCoftZHWXSFuQlnEJSsQ,pE6Pi35mojw,104,5,7,-saS4Z4S3Xs,1,0
20260903,UCiLmCoftZHWXSFuQlnEJSsQ,pE6Pi35mojw,104,5,7,-tC_X0f6WEo,1,0
20260903,UCiLmCoftZHWXSFuQlnEJSsQ,pE6Pi35mojw,104,4,7,0g76elVK2jo,1,0
20260903,UCiLmCoftZHWXSFuQlnEJSsQ,pE6Pi35mojw,104,5,7,0mVHk3BpLJg,1,0
20260903,UCiLmCoftZHWXSFuQlnEJSsQ,pE6Pi35mojw,104,5,7,0zRRiM_-e_o,1,0
20260903,UCiLmCoftZHWXSFuQlnEJSsQ,pE6Pi35mojw,104,4,7,14hR2FtasyM,1,0
20260903,UCiLmCoftZHWXSFuQlnEJSsQ,pE6Pi35mojw,104,5,7,1PMESni-Uz0,1,0
20260903,UCiLmCoftZHWXSFuQlnEJSsQ,pE6Pi35mojw,104,5,7,1lxxvooLIR0,1,0
20260903,UCiLmCoftZHWXSFuQlnEJSsQ,pE6Pi35mojw,101,2,7,2WlZNbOiAZI,1,0
20260903,UCiLmCoftZHWXSFuQlnEJSsQ,pE6Pi35mojw,104,5,7,2WlZNbOiAZI,1,0
20260903,UCiLmCoftZHWXSFuQlnEJSsQ,pE6Pi35mojw,104,5,7,2ltZx6FkU4w,2,0
20260903,UCiLmCoftZHWXSFuQlnEJSsQ,pE6Pi35mojw,101,2,7,2sKrO1oFQHg,1,0
20260903,UCiLmCoftZHWXSFuQlnEJSsQ,pE6Pi35mojw,101,2,7,2udLA8-QuD8,1,0
20260903,UCiLmCoftZHWXSFuQlnEJSsQ,pE6Pi35mojw,104,5,7,32rbREBPQeQ,1,0
20260903,UCiLmCoftZHWXSFuQlnEJSsQ,pE6Pi35mojw,104,5,7,37abxeH21NQ,1,0
20260903,UCiLmCoftZHWXSFuQlnEJSsQ,pE6Pi35mojw,101,2,7,39giC1EOTvY,1,0
20260903,UCiLmCoftZHWXSFuQlnEJSsQ,pE6Pi35mojw,103,27,7,3I7Ic9cDXws,1,0
20260903,UCiLmCoftZHWXSFuQlnEJSsQ,pE6Pi35mojw,104,5,7,3K_9mug2R0w,1,0
20260903,UCiLmCoftZHWXSFuQlnEJSsQ,pE6Pi35mojw,103,10,7,4ECw3wUDVbg,1,0
20260903,UCiLmCoftZHWXSFuQlnEJSsQ,pE6Pi35mojw,104,4,7,4dbr0CU0AOc,1,0
20260903,UCiLmCoftZHWXSFuQlnEJSsQ,pE6Pi35mojw,104,5,7,4p1xnGE0Ugo,4,0.25
20260903,UCiLmCoftZHWXSFuQlnEJSsQ,pE6Pi35mojw,105,5,7,4p1xnGE0Ugo,1,0
20260903,UCiLmCoftZHWXSFuQlnEJSsQ,pE6Pi35mojw,104,5,7,54j-m_ZRVdk,2,0
20260903,UCiLmCoftZHWXSFuQlnEJSsQ,pE6Pi35mojw,101,2,7,5TfEPXkOxSk,2,0.5
20260903,UCiLmCoftZHWXSFuQlnEJSsQ,pE6Pi35mojw,105,5,7,5kpdw_LHt3c,1,0
20260903,UCiLmCoftZHWXSFuQlnEJSsQ,pE6Pi35mojw,104,5,7,5tS57pR8LN4,1,1
20260903,UCiLmCoftZHWXSFuQlnEJSsQ,pE6Pi35mojw,101,2,7,60fnmFrS4vA,1,0
20260903,UCiLmCoftZHWXSFuQlnEJSsQ,pE6Pi35mojw,104,5,7,60fnmFrS4vA,1,0
20260903,UCiLmCoftZHWXSFuQlnEJSsQ,pE6Pi35mojw,104,5,7,6e4RDUg6gwU,1,0
20260903,UCiLmCoftZHWXSFuQlnEJSsQ,pE6Pi35mojw,101,2,7,6eROMnlHv8Q,1,0
20260903,UCiLmCoftZHWXSFuQlnEJSsQ,pE6Pi35mojw,104,5,7,7AOCd5plET4,1,0
20260903,UCiLmCoftZHWXSFuQlnEJSsQ,pE6Pi35mojw,105,5,7,7Oc0e6VJQ68,1,0
20260903,UCiLmCoftZHWXSFuQlnEJSsQ,pE6Pi35mojw,104,5,7,7P4A7m18aIc,1,0
20260903,UCiLmCoftZHWXSFuQlnEJSsQ,pE6Pi35mojw,105,5,7,7cmAYCEeRHE,1,0
20260903,UCiLmCoftZHWXSFuQlnEJSsQ,pE6Pi35mojw,104,5,7,7hDWjYZgWCs,1,0
20260903,UCiLmCoftZHWXSFuQlnEJSsQ,pE6Pi35mojw,105,5,7,7nO8NQk3BLc,1,0
20260903,UCiLmCoftZHWXSFuQlnEJSsQ,pE6Pi35mojw,104,4,7,8ygb-8qgMAE,1,0
20260903,UCiLmCoftZHWXSFuQlnEJSsQ,pE6Pi35mojw,105,5,7,8ygb-8qgMAE,1,0
20260903,UCiLmCoftZHWXSFuQlnEJSsQ,pE6Pi35mojw,104,5,7,93Xm-oMIsvo,1,0
20260903,UCiLmCoftZHWXSFuQlnEJSsQ,pE6Pi35mojw,104,5,7,9XY0OULdLu8,1,0
20260903,UCiLmCoftZHWXSFuQlnEJSsQ,pE6Pi35mojw,104,5,7,9lhHoUVtdT0,2,0
20260903,UCiLmCoftZHWXSFuQlnEJSsQ,pE6Pi35mojw,104,5,7,9nUP8yzl7dM,1,0
20260903,UCiLmCoftZHWXSFuQlnEJSsQ,pE6Pi35mojw,104,5,7,AUChW4SSwdM,1,0
20260903,UCiLmCoftZHWXSFuQlnEJSsQ,pE6Pi35mojw,104,5,7,B0gHbCTnhU4,1,1
20260903,UCiLmCoftZHWXSFuQlnEJSsQ,pE6Pi35mojw,104,5,7,B7U20pqlIQ0,1,0
20260903,UCiLmCoftZHWXSFuQlnEJSsQ,pE6Pi35mojw,101,2,7,BMAHahYKAzM,1,0
20260903,UCiLmCoftZHWXSFuQlnEJSsQ,pE6Pi35mojw,105,5,7,Bq-O-yk-FN8,1,1
20260903,UCiLmCoftZHWXSFuQlnEJSsQ,pE6Pi35mojw,101,2,7,BqtgTC8KWio,1,0
20260903,UCiLmCoftZHWXSFuQlnEJSsQ,pE6Pi35mojw,104,5,7,BqtgTC8KWio,3,0.33333333333333331
20260903,UCiLmCoftZHWXSFuQlnEJSsQ,pE6Pi35mojw,104,5,7,C9PZKQPonxM,1,0
20260903,UCiLmCoftZHWXSFuQlnEJSsQ,pE6Pi35mojw,104,4,7,CV0msGtNXq8,1,0
20260903,UCiLmCoftZHWXSFuQlnEJSsQ,pE6Pi35mojw,104,4,7,CYENQkxzVcI,1,0
20260903,UCiLmCoftZHWXSFuQlnEJSsQ,pE6Pi35mojw,104,5,7,CYENQkxzVcI,1,0
20260903,UCiLmCoftZHWXSFuQlnEJSsQ,pE6Pi35mojw,104,5,7,CZ90dK0e0w4,2,0.5
20260903,UCiLmCoftZHWXSFuQlnEJSsQ,pE6Pi35mojw,104,5,7,D0SfIi-0Zpo,1,0
20260903,UCiLmCoftZHWXSFuQlnEJSsQ,pE6Pi35mojw,101,2,7,D88Zd_OvaSs,1,1
20260903,UCiLmCoftZHWXSFuQlnEJSsQ,pE6Pi35mojw,104,5,7,D88Zd_OvaSs,1,0
20260903,UCiLmCoftZHWXSFuQlnEJSsQ,pE6Pi35mojw,104,4,7,DDcDtleiaGY,1,0
20260903,UCiLmCoftZHWXSFuQlnEJSsQ,pE6Pi35mojw,104,5,7,DG43I8od_k8,1,0
20260903,UCiLmCoftZHWXSFuQlnEJSsQ,pE6Pi35mojw,104,5,7,DnWnn86aw70,1,0
20260903,UCiLmCoftZHWXSFuQlnEJSsQ,pE6Pi35mojw,104,5,7,DpIGJtqhStU,1,0
20260903,UCiLmCoftZHWXSFuQlnEJSsQ,pE6Pi35mojw,104,5,7,Dqxrr0mhDT8,1,0
20260903,UCiLmCoftZHWXSFuQlnEJSsQ,pE6Pi35mojw,104,5,7,EChoDNBsysA,1,0
20260903,UCiLmCoftZHWXSFuQlnEJSsQ,pE6Pi35mojw,104,5,7,EZRuZgc8iLc,1,0
20260903,UCiLmCoftZHWXSFuQlnEJSsQ,pE6Pi35mojw,104,5,7,EhEbpCs80Hk,1,0
20260903,UCiLmCoftZHWXSFuQlnEJSsQ,pE6Pi35mojw,104,4,7,EvoV01i7fRw,1,0
20260903,UCiLmCoftZHWXSFuQlnEJSsQ,pE6Pi35mojw,104,5,7,EvoV01i7fRw,1,0
20260903,UCiLmCoftZHWXSFuQlnEJSsQ,pE6Pi35mojw,104,5,7,FEQlY4frm0o,1,0
20260903,UCiLmCoftZHWXSFuQlnEJSsQ,pE6Pi35mojw,104,5,7,FRDCnWw7v2w,2,0
20260903,UCiLmCoftZHWXSFuQlnEJSsQ,pE6Pi35mojw,105,5,7,FoIXt-v0ts4,1,0
20260903,UCiLmCoftZHWXSFuQlnEJSsQ,pE6Pi35mojw,104,5,7,G38RGB5EVH8,1,0
20260903,UCiLmCoftZHWXSFuQlnEJSsQ,pE6Pi35mojw,104,5,7,GCy9kf-6MbY,1,0
20260903,UCiLmCoftZHWXSFuQlnEJSsQ,pE6Pi35mojw,104,5,7,GhducaS842g,1,0
20260903,UCiLmCoftZHWXSFuQlnEJSsQ,pE6Pi35mojw,101,2,7,HJzfn0DFnjw,1,0
20260903,UCiLmCoftZHWXSFuQlnEJSsQ,pE6Pi35mojw,104,5,7,HXDoW-KtblA,1,0
20260903,UCiLmCoftZHWXSFuQlnEJSsQ,pE6Pi35mojw,101,2,7,HgCgwKqeJBI,1,0
20260903,UCiLmCoftZHWXSFuQlnEJSsQ,pE6Pi35mojw,101,2,7,I9-RuVwmkyw,1,0
20260903,UCiLmCoftZHWXSFuQlnEJSsQ,pE6Pi35mojw,101,9,7,INScz4rQvJg,1,0
20260903,UCiLmCoftZHWXSFuQlnEJSsQ,pE6Pi35mojw,101,2,7,IWhnBeLMDv8,1,0
20260903,UCiLmCoftZHWXSFuQlnEJSsQ,pE6Pi35mojw,101,2,7,I_FlEAZi5MY,1,0
20260903,UCiLmCoftZHWXSFuQlnEJSsQ,pE6Pi35mojw,105,5,7,IrtELZlTA28,1,0
20260903,UCiLmCoftZHWXSFuQlnEJSsQ,pE6Pi35mojw,101,2,7,JpzJIQ05mHM,1,0
20260903,UCiLmCoftZHWXSFuQlnEJSsQ,pE6Pi35mojw,104,5,7,KB82okFPid4,1,0
20260903,UCiLmCoftZHWXSFuQlnEJSsQ,pE6Pi35mojw,105,5,7,KdQIHbYNugE,1,0
20260903,UCiLmCoftZHWXSFuQlnEJSsQ,pE6Pi35mojw,102,1,7,KefiPLq3OdU,1,0
20260903,UCiLmCoftZHWXSFuQlnEJSsQ,pE6Pi35mojw,104,5,7,KefiPLq3OdU,1,0
20260903,UCiLmCoftZHWXSFuQlnEJSsQ,pE6Pi35mojw,104,4,7,Kt9L8StOeTw,1,0
20260903,UCiLmCoftZHWXSFuQlnEJSsQ,pE6Pi35mojw,104,5,7,KuCdFhiVVHU,1,0
20260903,UCiLmCoftZHWXSFuQlnEJSsQ,pE6Pi35mojw,105,5,7,KzmLCpoyAd4,1,0
20260903,UCiLmCoftZHWXSFuQlnEJSsQ,pE6Pi35mojw,104,5,7,MSkXJiqhNmg,1,0
20260903,UCiLmCoftZHWXSFuQlnEJSsQ,pE6Pi35mojw,104,5,7,MXw-lVQdxQc,1,0
20260903,UCiLmCoftZHWXSFuQlnEJSsQ,pE6Pi35mojw,104,5,7,MYahGXkxR1A,2,0
20260903,UCiLmCoftZHWXSFuQlnEJSsQ,pE6Pi35mojw,104,5,7,MnWQXzukUT8,1,0
20260903,UCiLmCoftZHWXSFuQlnEJSsQ,pE6Pi35mojw,105,5,7,NKfhYALtC80,1,0
20260903,UCiLmCoftZHWXSFuQlnEJSsQ,pE6Pi35mojw,104,4,7,NQa2cFOqaUY,1,0
20260903,UCiLmCoftZHWXSFuQlnEJSsQ,pE6Pi35mojw,104,5,7,NQa2cFOqaUY,1,0
20260903,UCiLmCoftZHWXSFuQlnEJSsQ,pE6Pi35mojw,105,5,7,NQa2cFOqaUY,1,0
20260903,UCiLmCoftZHWXSFuQlnEJSsQ,pE6Pi35mojw,102,4,7,Nfywx8Ox3HA,1,0
20260903,UCiLmCoftZHWXSFuQlnEJSsQ,pE6Pi35mojw,104,5,7,OSak8aJ0Izc,1,0
20260903,UCiLmCoftZHWXSFuQlnEJSsQ,pE6Pi35mojw,104,5,7,OhtxrbPqusg,1,0
20260903,UCiLmCoftZHWXSFuQlnEJSsQ,pE6Pi35mojw,104,5,7,OiyOgHF0dGc,1,0
20260903,UCiLmCoftZHWXSFuQlnEJSsQ,pE6Pi35mojw,101,2,7,Ok962piNrBo,1,0
20260903,UCiLmCoftZHWXSFuQlnEJSsQ,pE6Pi35mojw,104,5,7,PAsdFSROCGI,2,0.5
20260903,UCiLmCoftZHWXSFuQlnEJSsQ,pE6Pi35mojw,104,5,7,PiikNxCE5_Q,3,0
20260903,UCiLmCoftZHWXSFuQlnEJSsQ,pE6Pi35mojw,105,5,7,PiikNxCE5_Q,1,0
20260903,UCiLmCoftZHWXSFuQlnEJSsQ,pE6Pi35mojw,104,5,7,PmD_nggctn4,1,0
20260903,UCiLmCoftZHWXSFuQlnEJSsQ,pE6Pi35mojw,104,4,7,QBa7QESJTZY,1,0
20260903,UCiLmCoftZHWXSFuQlnEJSsQ,pE6Pi35mojw,102,29,7,QjH7pHafO1I,1,0
20260903,UCiLmCoftZHWXSFuQlnEJSsQ,pE6Pi35mojw,102,29,7,RMp3euMepm8,1,0
20260903,UCiLmCoftZHWXSFuQlnEJSsQ,pE6Pi35mojw,105,5,7,RQRTAIsSb4A,1,0
20260903,UCiLmCoftZHWXSFuQlnEJSsQ,pE6Pi35mojw,101,9,7,RUEnyZLCtW4,2,0
20260903,UCiLmCoftZHWXSFuQlnEJSsQ,pE6Pi35mojw,104,5,7,RUEnyZLCtW4,1,0
20260903,UCiLmCoftZHWXSFuQlnEJSsQ,pE6Pi35mojw,101,2,7,RaUD6e6eqs0,1,0
20260903,UCiLmCoftZHWXSFuQlnEJSsQ,pE6Pi35mojw,105,5,7,Rb3N2mNnOes,1,0
20260903,UCiLmCoftZHWXSFuQlnEJSsQ,pE6Pi35mojw,101,2,7,SDJBttMFiWk,1,0
20260903,UCiLmCoftZHWXSFuQlnEJSsQ,pE6Pi35mojw,104,5,7,SHzGMVwVpzs,1,0
20260903,UCiLmCoftZHWXSFuQlnEJSsQ,pE6Pi35mojw,104,5,7,SaAC6ZlUCVU,1,0
20260903,UCiLmCoftZHWXSFuQlnEJSsQ,pE6Pi35mojw,105,5,7,SewaTAmQ5Es,1,0
20260903,UCiLmCoftZHWXSFuQlnEJSsQ,pE6Pi35mojw,101,2,7,SlDTZdCoX7w,2,0
20260903,UCiLmCoftZHWXSFuQlnEJSsQ,pE6Pi35mojw,101,9,7,SlDTZdCoX7w,1,0
20260903,UCiLmCoftZHWXSFuQlnEJSsQ,pE6Pi35mojw,102,1,7,SlDTZdCoX7w,1,0
20260903,UCiLmCoftZHWXSFuQlnEJSsQ,pE6Pi35mojw,102,4,7,SlDTZdCoX7w,3,0.33333333333333331
20260903,UCiLmCoftZHWXSFuQlnEJSsQ,pE6Pi35mojw,102,19,7,SlDTZdCoX7w,1,0
20260903,UCiLmCoftZHWXSFuQlnEJSsQ,pE6Pi35mojw,102,29,7,SlDTZdCoX7w,3,0
20260903,UCiLmCoftZHWXSFuQlnEJSsQ,pE6Pi35mojw,103,27,7,SlDTZdCoX7w,1,0
20260903,UCiLmCoftZHWXSFuQlnEJSsQ,pE6Pi35mojw,104,4,7,SlDTZdCoX7w,2,0
20260903,UCiLmCoftZHWXSFuQlnEJSsQ,pE6Pi35mojw,104,5,7,SlDTZdCoX7w,12,0
20260903,UCiLmCoftZHWXSFuQlnEJSsQ,pE6Pi35mojw,105,5,7,SlDTZdCoX7w,1,0
20260903,UCiLmCoftZHWXSFuQlnEJSsQ,pE6Pi35mojw,104,5,7,T-aCgu4-Xx0,1,0
20260903,UCiLmCoftZHWXSFuQlnEJSsQ,pE6Pi35mojw,104,5,7,T1rtI4yp3N4,1,0
20260903,UCiLmCoftZHWXSFuQlnEJSsQ,pE6Pi35mojw,104,4,7,T6AeGH89lu8,1,0
20260903,UCiLmCoftZHWXSFuQlnEJSsQ,pE6Pi35mojw,101,2,7,Tys60M8a2p4,1,0
20260903,UCiLmCoftZHWXSFuQlnEJSsQ,pE6Pi35mojw,101,2,7,U-WxNXcB8yk,1,0
20260903,UCiLmCoftZHWXSFuQlnEJSsQ,pE6Pi35mojw,101,9,7,UZpEbruRJqA,1,0
20260903,UCiLmCoftZHWXSFuQlnEJSsQ,pE6Pi35mojw,104,5,7,V-w4Z8WF-_Y,2,0
20260903,UCiLmCoftZHWXSFuQlnEJSsQ,pE6Pi35mojw,104,4,7,V1jtiKJstkQ,1,0
20260903,UCiLmCoftZHWXSFuQlnEJSsQ,pE6Pi35mojw,104,5,7,V81fRKV4D2g,1,0
20260903,UCiLmCoftZHWXSFuQlnEJSsQ,pE6Pi35mojw,104,5,7,VPca_E6_YTU,1,0
20260903,UCiLmCoftZHWXSFuQlnEJSsQ,pE6Pi35mojw,104,5,7,Vyyzv0rtn-g,1,0
20260903,UCiLmCoftZHWXSFuQlnEJSsQ,pE6Pi35mojw,104,5,7,W3G7Ooc4XzA,2,0
20260903,UCiLmCoftZHWXSFuQlnEJSsQ,pE6Pi35mojw,101,2,7,WAHjHSGfQUw,1,0
20260903,UCiLmCoftZHWXSFuQlnEJSsQ,pE6Pi35mojw,101,9,7,W_285Od8ZY4,1,0
20260903,UCiLmCoftZHWXSFuQlnEJSsQ,pE6Pi35mojw,104,5,7,Wm5qPJrQrB8,1,0
20260903,UCiLmCoftZHWXSFuQlnEJSsQ,pE6Pi35mojw,101,2,7,XIzAaaHERpg,1,0
20260903,UCiLmCoftZHWXSFuQlnEJSsQ,pE6Pi35mojw,101,2,7,XS60uqv1xwk,1,0
20260903,UCiLmCoftZHWXSFuQlnEJSsQ,pE6Pi35mojw,101,2,7,XY5akDEqbIs,1,0
20260903,UCiLmCoftZHWXSFuQlnEJSsQ,pE6Pi35mojw,104,5,7,X_ApoeJBIGE,1,0
20260903,UCiLmCoftZHWXSFuQlnEJSsQ,pE6Pi35mojw,104,5,7,Xe7admnJYK8,1,0
20260903,UCiLmCoftZHWXSFuQlnEJSsQ,pE6Pi35mojw,104,5,7,XqSCcDAO18Y,1,0
20260903,UCiLmCoftZHWXSFuQlnEJSsQ,pE6Pi35mojw,104,4,7,Xs7eU-wHvdc,1,0
20260903,UCiLmCoftZHWXSFuQlnEJSsQ,pE6Pi35mojw,104,4,7,Xzrtp70gsMA,1,0
20260903,UCiLmCoftZHWXSFuQlnEJSsQ,pE6Pi35mojw,103,27,7,YU4fx8xzats,1,0
20260903,UCiLmCoftZHWXSFuQlnEJSsQ,pE6Pi35mojw,104,5,7,YXg5ulNpxp8,1,0
20260903,UCiLmCoftZHWXSFuQlnEJSsQ,pE6Pi35mojw,104,5,7,YqYY-3WhOmI,1,0
20260903,UCiLmCoftZHWXSFuQlnEJSsQ,pE6Pi35mojw,104,5,7,ZIwOYwUTKNY,1,1
20260903,UCiLmCoftZHWXSFuQlnEJSsQ,pE6Pi35mojw,104,5,7,ZWUD5MSeLZ0,1,0
20260903,UCiLmCoftZHWXSFuQlnEJSsQ,pE6Pi35mojw,104,5,7,Z_aa-CdvBbs,1,1
20260903,UCiLmCoftZHWXSFuQlnEJSsQ,pE6Pi35mojw,104,4,7,ZvcocaoXJzo,1,0
20260903,UCiLmCoftZHWXSFuQlnEJSsQ,pE6Pi35mojw,102,4,7,ZvnJTKAPmX4,1,0
20260903,UCiLmCoftZHWXSFuQlnEJSsQ,pE6Pi35mojw,104,5,7,ZzK35XcvVJU,1,0
20260903,UCiLmCoftZHWXSFuQlnEJSsQ,pE6Pi35mojw,104,4,7,_Bm66BRnM1A,1,0
20260903,UCiLmCoftZHWXSFuQlnEJSsQ,pE6Pi35mojw,102,19,7,_Im7xCnquEI,1,0
20260903,UCiLmCoftZHWXSFuQlnEJSsQ,pE6Pi35mojw,104,5,7,_TnfmMU3IuA,1,0
20260903,UCiLmCoftZHWXSFuQlnEJSsQ,pE6Pi35mojw,104,5,7,__PF3xDg1Ak,1,0
20260903,UCiLmCoftZHWXSFuQlnEJSsQ,pE6Pi35mojw,102,4,7,_l7l5BH4h_s,2,0
20260903,UCiLmCoftZHWXSFuQlnEJSsQ,pE6Pi35mojw,104,5,7,_l7l5BH4h_s,2,0.5
20260903,UCiLmCoftZHWXSFuQlnEJSsQ,pE6Pi35mojw,104,5,7,_msQxT-x2Ic,1,0
20260903,UCiLmCoftZHWXSFuQlnEJSsQ,pE6Pi35mojw,104,5,7,_wbOzjoV5jw,2,0
20260903,UCiLmCoftZHWXSFuQlnEJSsQ,pE6Pi35mojw,104,4,7,_wjk2x3kycI,1,0
20260903,UCiLmCoftZHWXSFuQlnEJSsQ,pE6Pi35mojw,104,4,7,a0F0M5cq3wQ,1,0
20260903,UCiLmCoftZHWXSFuQlnEJSsQ,pE6Pi35mojw,101,2,7,aBjJyyh0oNk,1,0
20260903,UCiLmCoftZHWXSFuQlnEJSsQ,pE6Pi35mojw,105,5,7,aYuQl_YujxI,1,0
20260903,UCiLmCoftZHWXSFuQlnEJSsQ,pE6Pi35mojw,104,5,7,bLS6yLdFNq8,1,0
20260903,UCiLmCoftZHWXSFuQlnEJSsQ,pE6Pi35mojw,101,9,7,bNTw0e36P28,1,0
20260903,UCiLmCoftZHWXSFuQlnEJSsQ,pE6Pi35mojw,104,5,7,cBtqEehEKuQ,1,0
20260903,UCiLmCoftZHWXSFuQlnEJSsQ,pE6Pi35mojw,105,5,7,cca6xYmQ55g,1,1
20260903,UCiLmCoftZHWXSFuQlnEJSsQ,pE6Pi35mojw,104,5,7,ck0Knx13vk8,1,0
20260903,UCiLmCoftZHWXSFuQlnEJSsQ,pE6Pi35mojw,104,5,7,dB4lwyYAka8,1,0
20260903,UCiLmCoftZHWXSFuQlnEJSsQ,pE6Pi35mojw,104,5,7,dFMSq1aq2E0,1,0
20260903,UCiLmCoftZHWXSFuQlnEJSsQ,pE6Pi35mojw,101,2,7,dRG7R_eWJ6Q,3,0
20260903,UCiLmCoftZHWXSFuQlnEJSsQ,pE6Pi35mojw,104,5,7,dRG7R_eWJ6Q,2,0
20260903,UCiLmCoftZHWXSFuQlnEJSsQ,pE6Pi35mojw,105,5,7,dRG7R_eWJ6Q,1,0
20260903,UCiLmCoftZHWXSFuQlnEJSsQ,pE6Pi35mojw,104,5,7,dhys8ycR5Iw,1,0
20260903,UCiLmCoftZHWXSFuQlnEJSsQ,pE6Pi35mojw,104,5,7,dlZ4ajGCZuI,1,0
20260903,UCiLmCoftZHWXSFuQlnEJSsQ,pE6Pi35mojw,104,5,7,eS2XW__Xwy8,2,0
20260903,UCiLmCoftZHWXSFuQlnEJSsQ,pE6Pi35mojw,104,5,7,ehMvXXubX6k,1,0
20260903,UCiLmCoftZHWXSFuQlnEJSsQ,pE6Pi35mojw,101,2,7,eiVE7rpcnTg,1,0
20260903,UCiLmCoftZHWXSFuQlnEJSsQ,pE6Pi35mojw,104,5,7,f2DC7HFMAfk,1,0
20260903,UCiLmCoftZHWXSFuQlnEJSsQ,pE6Pi35mojw,104,5,7,fCiNHaka28U,1,0
20260903,UCiLmCoftZHWXSFuQlnEJSsQ,pE6Pi35mojw,101,9,7,fGCf0VrJhhc,1,0
20260903,UCiLmCoftZHWXSFuQlnEJSsQ,pE6Pi35mojw,104,5,7,fKPiPLIshyE,1,0
20260903,UCiLmCoftZHWXSFuQlnEJSsQ,pE6Pi35mojw,104,5,7,fvhjHej4dWQ,1,0
20260903,UCiLmCoftZHWXSFuQlnEJSsQ,pE6Pi35mojw,101,2,7,g1GPX8SlOmU,1,0
20260903,UCiLmCoftZHWXSFuQlnEJSsQ,pE6Pi35mojw,104,4,7,g1GPX8SlOmU,1,0
20260903,UCiLmCoftZHWXSFuQlnEJSsQ,pE6Pi35mojw,104,5,7,g1GPX8SlOmU,1,1
20260903,UCiLmCoftZHWXSFuQlnEJSsQ,pE6Pi35mojw,101,2,7,g3N6AQxFQY0,1,0
20260903,UCiLmCoftZHWXSFuQlnEJSsQ,pE6Pi35mojw,101,9,7,gS5sfnSuS6g,1,0
20260903,UCiLmCoftZHWXSFuQlnEJSsQ,pE6Pi35mojw,104,4,7,go4xeFoYcxU,1,0
20260903,UCiLmCoftZHWXSFuQlnEJSsQ,pE6Pi35mojw,104,4,7,gytrjwA76-A,1,0
20260903,UCiLmCoftZHWXSFuQlnEJSsQ,pE6Pi35mojw,104,4,7,h49GbZKi0ps,1,0
20260903,UCiLmCoftZHWXSFuQlnEJSsQ,pE6Pi35mojw,104,5,7,h8k3V03SEcQ,1,0
20260903,UCiLmCoftZHWXSFuQlnEJSsQ,pE6Pi35mojw,104,5,7,hDQS4AgTc6c,1,0
20260903,UCiLmCoftZHWXSFuQlnEJSsQ,pE6Pi35mojw,101,2,7,hO4rb6WTkno,1,0
20260903,UCiLmCoftZHWXSFuQlnEJSsQ,pE6Pi35mojw,101,2,7,i-_-u9ZhtCo,1,0
20260903,UCiLmCoftZHWXSFuQlnEJSsQ,pE6Pi35mojw,103,27,7,iIcpiUg_7NQ,1,0
20260903,UCiLmCoftZHWXSFuQlnEJSsQ,pE6Pi35mojw,101,2,7,iSguHKTrPyc,1,0
20260903,UCiLmCoftZHWXSFuQlnEJSsQ,pE6Pi35mojw,104,5,7,i_E4m4YQHjM,1,1
20260903,UCiLmCoftZHWXSFuQlnEJSsQ,pE6Pi35mojw,104,5,7,ibnWJOEmuSc,1,0
20260903,UCiLmCoftZHWXSFuQlnEJSsQ,pE6Pi35mojw,102,1,7,ikFaEAlO5N0,1,0
20260903,UCiLmCoftZHWXSFuQlnEJSsQ,pE6Pi35mojw,104,5,7,il3DQ7NfIv0,2,0
20260903,UCiLmCoftZHWXSFuQlnEJSsQ,pE6Pi35mojw,104,5,7,irJKC7Md89I,1,0
20260903,UCiLmCoftZHWXSFuQlnEJSsQ,pE6Pi35mojw,104,5,7,ith6xxWmLYE,1,0
20260903,UCiLmCoftZHWXSFuQlnEJSsQ,pE6Pi35mojw,104,5,7,jBRtNv3kug8,1,0
20260903,UCiLmCoftZHWXSFuQlnEJSsQ,pE6Pi35mojw,101,9,7,jIEs1qjHdSM,1,0
20260903,UCiLmCoftZHWXSFuQlnEJSsQ,pE6Pi35mojw,102,29,7,jKoC2pfDMZo,1,0
20260903,UCiLmCoftZHWXSFuQlnEJSsQ,pE6Pi35mojw,103,27,7,jNrdIa9G8v4,1,0
20260903,UCiLmCoftZHWXSFuQlnEJSsQ,pE6Pi35mojw,104,5,7,jce9zp7xyc8,2,0
20260903,UCiLmCoftZHWXSFuQlnEJSsQ,pE6Pi35mojw,104,5,7,jt3dOULbQhA,2,0
20260903,UCiLmCoftZHWXSFuQlnEJSsQ,pE6Pi35mojw,104,5,7,jwvdvv_rr2k,1,0
20260903,UCiLmCoftZHWXSFuQlnEJSsQ,pE6Pi35mojw,101,2,7,kIm4dcF6XDY,2,0
20260903,UCiLmCoftZHWXSFuQlnEJSsQ,pE6Pi35mojw,104,5,7,kIm4dcF6XDY,1,0
20260903,UCiLmCoftZHWXSFuQlnEJSsQ,pE6Pi35mojw,101,2,7,kc00vMFQxzU,1,0
20260903,UCiLmCoftZHWXSFuQlnEJSsQ,pE6Pi35mojw,105,5,7,kdwsCF_0C3Y,1,1
20260903,UCiLmCoftZHWXSFuQlnEJSsQ,pE6Pi35mojw,101,2,7,kkvlaTllc14,1,0
20260903,UCiLmCoftZHWXSFuQlnEJSsQ,pE6Pi35mojw,104,5,7,kotEPV4mk-c,1,0
20260903,UCiLmCoftZHWXSFuQlnEJSsQ,pE6Pi35mojw,102,1,7,l7AiHEaRieQ,1,0
20260903,UCiLmCoftZHWXSFuQlnEJSsQ,pE6Pi35mojw,104,5,7,ln2T2dzPyK4,1,1
20260903,UCiLmCoftZHWXSFuQlnEJSsQ,pE6Pi35mojw,104,5,7,lt9rsV4gSTw,1,0
20260903,UCiLmCoftZHWXSFuQlnEJSsQ,pE6Pi35mojw,102,4,7,mAIacNGnAxM,1,0
20260903,UCiLmCoftZHWXSFuQlnEJSsQ,pE6Pi35mojw,104,4,7,mM7EibVOvzg,1,0
20260903,UCiLmCoftZHWXSFuQlnEJSsQ,pE6Pi35mojw,104,5,7,mZiY8j0Gs-8,1,0
20260903,UCiLmCoftZHWXSFuQlnEJSsQ,pE6Pi35mojw,104,5,7,mcL1ZMMwr3M,1,0
20260903,UCiLmCoftZHWXSFuQlnEJSsQ,pE6Pi35mojw,101,2,7,mnf87lhGgqE,1,0
20260903,UCiLmCoftZHWXSFuQlnEJSsQ,pE6Pi35mojw,101,2,7,nnZeO_g_J3s,1,0
20260903,UCiLmCoftZHWXSFuQlnEJSsQ,pE6Pi35mojw,104,5,7,nshuUsIHHw0,1,0
20260903,UCiLmCoftZHWXSFuQlnEJSsQ,pE6Pi35mojw,102,4,7,o5PmzhqCa48,2,0
20260903,UCiLmCoftZHWXSFuQlnEJSsQ,pE6Pi35mojw,104,4,7,o5PmzhqCa48,1,0
20260903,UCiLmCoftZHWXSFuQlnEJSsQ,pE6Pi35mojw,104,5,7,o5PmzhqCa48,1,0
20260903,UCiLmCoftZHWXSFuQlnEJSsQ,pE6Pi35mojw,105,5,7,oe_tbwwNcOg,1,0
20260903,UCiLmCoftZHWXSFuQlnEJSsQ,pE6Pi35mojw,104,5,7,ogh0HVpi8LI,1,0
20260903,UCiLmCoftZHWXSFuQlnEJSsQ,pE6Pi35mojw,104,4,7,ogmCDp8oEEs,1,0
20260903,UCiLmCoftZHWXSFuQlnEJSsQ,pE6Pi35mojw,102,4,7,pFp3zUQkeDU,1,0
20260903,UCiLmCoftZHWXSFuQlnEJSsQ,pE6Pi35mojw,104,4,7,pFp3zUQkeDU,2,0.5
20260903,UCiLmCoftZHWXSFuQlnEJSsQ,pE6Pi35mojw,104,5,7,pFp3zUQkeDU,1,1
20260903,UCiLmCoftZHWXSFuQlnEJSsQ,pE6Pi35mojw,101,2,7,pPONF16ATGE,1,0
20260903,UCiLmCoftZHWXSFuQlnEJSsQ,pE6Pi35mojw,104,5,7,pX65DL3ahb4,2,0
20260903,UCiLmCoftZHWXSFuQlnEJSsQ,pE6Pi35mojw,104,5,7,pnLPrHTsa4M,1,0
20260903,UCiLmCoftZHWXSFuQlnEJSsQ,pE6Pi35mojw,102,29,7,q16hhZle3-Q,1,0
20260903,UCiLmCoftZHWXSFuQlnEJSsQ,pE6Pi35mojw,104,4,7,qRgeYd5m2gg,1,0
20260903,UCiLmCoftZHWXSFuQlnEJSsQ,pE6Pi35mojw,104,5,7,qYXUKRDp9d4,1,0
20260903,UCiLmCoftZHWXSFuQlnEJSsQ,pE6Pi35mojw,103,27,7,qkoYC8JLRKk,1,0
20260903,UCiLmCoftZHWXSFuQlnEJSsQ,pE6Pi35mojw,104,5,7,qzBJ7G0W0z8,1,0
20260903,UCiLmCoftZHWXSFuQlnEJSsQ,pE6Pi35mojw,105,5,7,r0KL8HzKthw,2,0
20260903,UCiLmCoftZHWXSFuQlnEJSsQ,pE6Pi35mojw,104,4,7,r5r2JqntvxU,2,0
20260903,UCiLmCoftZHWXSFuQlnEJSsQ,pE6Pi35mojw,104,4,7,r79KiCnqDdU,1,0
20260903,UCiLmCoftZHWXSFuQlnEJSsQ,pE6Pi35mojw,101,2,7,rFTvKRxAJgU,1,0
20260903,UCiLmCoftZHWXSFuQlnEJSsQ,pE6Pi35mojw,103,10,7,rFTvKRxAJgU,1,0
20260903,UCiLmCoftZHWXSFuQlnEJSsQ,pE6Pi35mojw,104,5,7,rFTvKRxAJgU,2,0
20260903,UCiLmCoftZHWXSFuQlnEJSsQ,pE6Pi35mojw,104,5,7,rHMYLCqB8Cs,1,0
20260903,UCiLmCoftZHWXSFuQlnEJSsQ,pE6Pi35mojw,104,5,7,s8D67g1OCqc,1,0
20260903,UCiLmCoftZHWXSFuQlnEJSsQ,pE6Pi35mojw,104,4,7,sSnEe6haYXI,1,0
20260903,UCiLmCoftZHWXSFuQlnEJSsQ,pE6Pi35mojw,102,29,7,srZw-Y1Ntao,1,0
20260903,UCiLmCoftZHWXSFuQlnEJSsQ,pE6Pi35mojw,102,4,7,t0YmEIY-fx8,1,0
20260903,UCiLmCoftZHWXSFuQlnEJSsQ,pE6Pi35mojw,104,4,7,t0YmEIY-fx8,1,0
20260903,UCiLmCoftZHWXSFuQlnEJSsQ,pE6Pi35mojw,104,4,7,tEL30zrKmKQ,1,0
20260903,UCiLmCoftZHWXSFuQlnEJSsQ,pE6Pi35mojw,104,5,7,tRTya4AdqJM,1,0
20260903,UCiLmCoftZHWXSFuQlnEJSsQ,pE6Pi35mojw,101,2,7,ti5msVTpaNM,1,0
20260903,UCiLmCoftZHWXSFuQlnEJSsQ,pE6Pi35mojw,104,5,7,uE8Fdu0Iasw,1,0
20260903,UCiLmCoftZHWXSFuQlnEJSsQ,pE6Pi35mojw,105,5,7,uG_x1ULcXD8,1,0
20260903,UCiLmCoftZHWXSFuQlnEJSsQ,pE6Pi35mojw,101,30,7,uHyHxAea--0,2,0
20260903,UCiLmCoftZHWXSFuQlnEJSsQ,pE6Pi35mojw,104,5,7,uKq5hR0Qn70,1,0
20260903,UCiLmCoftZHWXSFuQlnEJSsQ,pE6Pi35mojw,102,4,7,uL8SGZ2i49Q,1,0
20260903,UCiLmCoftZHWXSFuQlnEJSsQ,pE6Pi35mojw,104,5,7,uWZoI6HkC0Y,1,0
20260903,UCiLmCoftZHWXSFuQlnEJSsQ,pE6Pi35mojw,104,5,7,udjFWeSxC3I,1,0
20260903,UCiLmCoftZHWXSFuQlnEJSsQ,pE6Pi35mojw,101,9,7,umh83EemQQE,1,0
20260903,UCiLmCoftZHWXSFuQlnEJSsQ,pE6Pi35mojw,104,5,7,uoL37JAHtPo,1,0
20260903,UCiLmCoftZHWXSFuQlnEJSsQ,pE6Pi35mojw,102,4,7,vI7wmKyKuDI,1,0
20260903,UCiLmCoftZHWXSFuQlnEJSsQ,pE6Pi35mojw,104,5,7,vh9RyGaQrr8,1,0
20260903,UCiLmCoftZHWXSFuQlnEJSsQ,pE6Pi35mojw,101,2,7,wIpnmuog-Wk,1,0
20260903,UCiLmCoftZHWXSFuQlnEJSsQ,pE6Pi35mojw,102,1,7,wLfkTrpeSL4,1,0
20260903,UCiLmCoftZHWXSFuQlnEJSsQ,pE6Pi35mojw,104,5,7,wO2z79qqB1Y,1,0
20260903,UCiLmCoftZHWXSFuQlnEJSsQ,pE6Pi35mojw,101,2,7,wSAUMtu1rHM,1,0
20260903,UCiLmCoftZHWXSFuQlnEJSsQ,pE6Pi35mojw,104,5,7,xG52GQx7Xqk,1,0
20260903,UCiLmCoftZHWXSFuQlnEJSsQ,pE6Pi35mojw,102,4,7,xGtadupTS7I,1,0
20260903,UCiLmCoftZHWXSFuQlnEJSsQ,pE6Pi35mojw,104,5,7,xKQmod6CTRA,1,0
20260903,UCiLmCoftZHWXSFuQlnEJSsQ,pE6Pi35mojw,101,2,7,x_92UVyBI88,1,0
20260903,UCiLmCoftZHWXSFuQlnEJSsQ,pE6Pi35mojw,104,5,7,ydYDqZQpim8,2,0
20260903,UCiLmCoftZHWXSFuQlnEJSsQ,pE6Pi35mojw,101,2,7,yszU6nSOmw4,1,0
20260903,UCiLmCoftZHWXSFuQlnEJSsQ,pE6Pi35mojw,101,2,7,zI05s5ey2v4,1,0
20260903,UCiLmCoftZHWXSFuQlnEJSsQ,pE6Pi35mojw,104,4,7,zI05s5ey2v4,1,0
20260903,UCiLmCoftZHWXSFuQlnEJSsQ,pE6Pi35mojw,104,5,7,zI05s5ey2v4,1,0
20260903,UCiLmCoftZHWXSFuQlnEJSsQ,pE6Pi35mojw,105,5,7,zI05s5ey2v4,1,0
20260903,UCiLmCoftZHWXSFuQlnEJSsQ,pE6Pi35mojw,104,4,7,zKkx-rtOIPo,1,0
20260903,UCiLmCoftZHWXSFuQlnEJSsQ,pE6Pi35mojw,101,30,7,zqF6IMlp6gc,2,0
20260903,UCiLmCoftZHWXSFuQlnEJSsQ,pE6Pi35mojw,104,4,14,PLal9zOUhRVnU,6,0
20260903,UCiLmCoftZHWXSFuQlnEJSsQ,pE6Pi35mojw,104,5,14,PLal9zOUhRVnU,1,0
20260903,UCiLmCoftZHWXSFuQlnEJSsQ,pE6Pi35mojw,104,4,14,my-likes,7,0
20260903,UCiLmCoftZHWXSFuQlnEJSsQ,pE6Pi35mojw,104,4,18,unknown,12,0
20260903,UCiLmCoftZHWXSFuQlnEJSsQ,pE6Pi35mojw,104,5,18,unknown,5,0
20260903,UCiLmCoftZHWXSFuQlnEJSsQ,pE6Pi35mojw,105,5,18,unknown,1,0
20260903,UCiLmCoftZHWXSFuQlnEJSsQ,rSNhDgGJvPU,104,5,3,/my_subscriptions,2,0
20260903,UCiLmCoftZHWXSFuQlnEJSsQ,rSNhDgGJvPU,101,2,3,what-to-watch,352,0.02556818181818182
20260903,UCiLmCoftZHWXSFuQlnEJSsQ,rSNhDgGJvPU,101,9,3,what-to-watch,95,0.021052631578947368
20260903,UCiLmCoftZHWXSFuQlnEJSsQ,rSNhDgGJvPU,101,30,3,what-to-watch,21,0.047619047619047616
20260903,UCiLmCoftZHWXSFuQlnEJSsQ,rSNhDgGJvPU,102,1,3,what-to-watch,3,0
20260903,UCiLmCoftZHWXSFuQlnEJSsQ,rSNhDgGJvPU,102,4,3,what-to-watch,14,0
20260903,UCiLmCoftZHWXSFuQlnEJSsQ,rSNhDgGJvPU,102,19,3,what-to-watch,5,0
20260903,UCiLmCoftZHWXSFuQlnEJSsQ,rSNhDgGJvPU,102,21,3,what-to-watch,1,0
20260903,UCiLmCoftZHWXSFuQlnEJSsQ,rSNhDgGJvPU,102,29,3,what-to-watch,5,0
20260903,UCiLmCoftZHWXSFuQlnEJSsQ,rSNhDgGJvPU,102,31,3,what-to-watch,1,0
20260903,UCiLmCoftZHWXSFuQlnEJSsQ,rSNhDgGJvPU,103,10,3,what-to-watch,2,0
20260903,UCiLmCoftZHWXSFuQlnEJSsQ,rSNhDgGJvPU,103,27,3,what-to-watch,2,0
20260903,UCiLmCoftZHWXSFuQlnEJSsQ,rSNhDgGJvPU,104,4,3,what-to-watch,344,0.031976744186046513
20260903,UCiLmCoftZHWXSFuQlnEJSsQ,rSNhDgGJvPU,104,5,3,what-to-watch,1663,0.027059530968129887
20260903,UCiLmCoftZHWXSFuQlnEJSsQ,rSNhDgGJvPU,105,5,3,what-to-watch,40,0.075
20260903,UCiLmCoftZHWXSFuQlnEJSsQ,rSNhDgGJvPU,101,9,4,UCS7HVTPZ1h4vMz-3IX7rbTA,1,0
20260903,UCiLmCoftZHWXSFuQlnEJSsQ,rSNhDgGJvPU,101,2,4,UCiLmCoftZHWXSFuQlnEJSsQ,3,0
20260903,UCiLmCoftZHWXSFuQlnEJSsQ,rSNhDgGJvPU,102,29,4,UCiLmCoftZHWXSFuQlnEJSsQ,1,0
20260903,UCiLmCoftZHWXSFuQlnEJSsQ,rSNhDgGJvPU,104,4,4,UCiLmCoftZHWXSFuQlnEJSsQ,1,0
20260903,UCiLmCoftZHWXSFuQlnEJSsQ,rSNhDgGJvPU,104,5,4,UCiLmCoftZHWXSFuQlnEJSsQ,33,0.030303030303030304
20260903,UCiLmCoftZHWXSFuQlnEJSsQ,rSNhDgGJvPU,105,5,4,UCiLmCoftZHWXSFuQlnEJSsQ,1,0
20260903,UCiLmCoftZHWXSFuQlnEJSsQ,rSNhDgGJvPU,101,2,5,unknown,13,0
20260903,UCiLmCoftZHWXSFuQlnEJSsQ,rSNhDgGJvPU,101,9,5,unknown,2,0.5
20260903,UCiLmCoftZHWXSFuQlnEJSsQ,rSNhDgGJvPU,101,30,5,unknown,1,0
20260903,UCiLmCoftZHWXSFuQlnEJSsQ,rSNhDgGJvPU,102,1,5,unknown,6,0
20260903,UCiLmCoftZHWXSFuQlnEJSsQ,rSNhDgGJvPU,102,4,5,unknown,5,0
20260903,UCiLmCoftZHWXSFuQlnEJSsQ,rSNhDgGJvPU,102,12,5,unknown,2,0.5
20260903,UCiLmCoftZHWXSFuQlnEJSsQ,rSNhDgGJvPU,102,19,5,unknown,2,0
20260903,UCiLmCoftZHWXSFuQlnEJSsQ,rSNhDgGJvPU,102,29,5,unknown,5,0
20260903,UCiLmCoftZHWXSFuQlnEJSsQ,rSNhDgGJvPU,103,27,5,unknown,4,0
20260903,UCiLmCoftZHWXSFuQlnEJSsQ,rSNhDgGJvPU,104,4,5,unknown,53,0.037735849056603772
20260903,UCiLmCoftZHWXSFuQlnEJSsQ,rSNhDgGJvPU,104,5,5,unknown,129,0.077519379844961239
20260903,UCiLmCoftZHWXSFuQlnEJSsQ,rSNhDgGJvPU,105,5,5,unknown,28,0.071428571428571425
20260903,UCiLmCoftZHWXSFuQlnEJSsQ,rSNhDgGJvPU,104,4,7,-diBRfh5Uz8,1,0
20260903,UCiLmCoftZHWXSFuQlnEJSsQ,rSNhDgGJvPU,101,9,7,0g76elVK2jo,1,0
20260903,UCiLmCoftZHWXSFuQlnEJSsQ,rSNhDgGJvPU,101,2,7,11vrpJcYqDs,1,0
20260903,UCiLmCoftZHWXSFuQlnEJSsQ,rSNhDgGJvPU,104,5,7,2Po0b-eZvVM,1,0
20260903,UCiLmCoftZHWXSFuQlnEJSsQ,rSNhDgGJvPU,101,2,7,2V5cBKqDRM8,1,0
20260903,UCiLmCoftZHWXSFuQlnEJSsQ,rSNhDgGJvPU,104,5,7,2V5cBKqDRM8,1,0
20260903,UCiLmCoftZHWXSFuQlnEJSsQ,rSNhDgGJvPU,104,5,7,3099DYz_cZY,2,0
20260903,UCiLmCoftZHWXSFuQlnEJSsQ,rSNhDgGJvPU,102,31,7,39HP_sRRcfQ,1,0
20260903,UCiLmCoftZHWXSFuQlnEJSsQ,rSNhDgGJvPU,101,9,7,3hpjZ-nKVDg,1,0
20260903,UCiLmCoftZHWXSFuQlnEJSsQ,rSNhDgGJvPU,105,5,7,52B6S3fEXSo,1,0
20260903,UCiLmCoftZHWXSFuQlnEJSsQ,rSNhDgGJvPU,101,2,7,5XYwsT-nSoA,1,0
20260903,UCiLmCoftZHWXSFuQlnEJSsQ,rSNhDgGJvPU,104,5,7,5gnU24YqaSs,1,0
20260903,UCiLmCoftZHWXSFuQlnEJSsQ,rSNhDgGJvPU,101,2,7,5tKul0-F3EE,1,0
20260903,UCiLmCoftZHWXSFuQlnEJSsQ,rSNhDgGJvPU,104,4,7,6BPXnvf32JU,1,1
20260903,UCiLmCoftZHWXSFuQlnEJSsQ,rSNhDgGJvPU,103,10,7,7p6gr4PoANo,1,0
20260903,UCiLmCoftZHWXSFuQlnEJSsQ,rSNhDgGJvPU,102,19,7,91CkV10VthM,1,0
20260903,UCiLmCoftZHWXSFuQlnEJSsQ,rSNhDgGJvPU,104,5,7,91CkV10VthM,1,0
20260903,UCiLmCoftZHWXSFuQlnEJSsQ,rSNhDgGJvPU,104,5,7,9EDTJWSVs4s,1,0
20260903,UCiLmCoftZHWXSFuQlnEJSsQ,rSNhDgGJvPU,104,5,7,9SRSSk-YkAU,1,1
20260903,UCiLmCoftZHWXSFuQlnEJSsQ,rSNhDgGJvPU,102,4,7,9SycNRXGVv8,1,0
20260903,UCiLmCoftZHWXSFuQlnEJSsQ,rSNhDgGJvPU,102,4,7,9WsfMCROta0,1,0
20260903,UCiLmCoftZHWXSFuQlnEJSsQ,rSNhDgGJvPU,101,2,7,9_AcwuH-O0Y,1,1
20260903,UCiLmCoftZHWXSFuQlnEJSsQ,rSNhDgGJvPU,104,5,7,9_AcwuH-O0Y,3,0
20260903,UCiLmCoftZHWXSFuQlnEJSsQ,rSNhDgGJvPU,101,2,7,AUChW4SSwdM,2,0
20260903,UCiLmCoftZHWXSFuQlnEJSsQ,rSNhDgGJvPU,102,4,7,BNdSH8ov6uQ,1,0
20260903,UCiLmCoftZHWXSFuQlnEJSsQ,rSNhDgGJvPU,104,4,7,BNdSH8ov6uQ,1,0
20260903,UCiLmCoftZHWXSFuQlnEJSsQ,rSNhDgGJvPU,104,5,7,C6W3YlYbFb4,2,0
20260903,UCiLmCoftZHWXSFuQlnEJSsQ,rSNhDgGJvPU,104,4,7,CYENQkxzVcI,1,0
20260903,UCiLmCoftZHWXSFuQlnEJSsQ,rSNhDgGJvPU,105,5,7,CYENQkxzVcI,1,0
20260903,UCiLmCoftZHWXSFuQlnEJSsQ,rSNhDgGJvPU,101,2,7,Coao2BJDhFQ,1,0
20260903,UCiLmCoftZHWXSFuQlnEJSsQ,rSNhDgGJvPU,101,2,7,D88Zd_OvaSs,1,0
20260903,UCiLmCoftZHWXSFuQlnEJSsQ,rSNhDgGJvPU,104,5,7,D88Zd_OvaSs,3,0
20260903,UCiLmCoftZHWXSFuQlnEJSsQ,rSNhDgGJvPU,104,4,7,DDcDtleiaGY,1,0
20260903,UCiLmCoftZHWXSFuQlnEJSsQ,rSNhDgGJvPU,104,5,7,DRw7k9NoXus,1,0
20260903,UCiLmCoftZHWXSFuQlnEJSsQ,rSNhDgGJvPU,104,5,7,DYO1hHj60Zw,1,0
20260903,UCiLmCoftZHWXSFuQlnEJSsQ,rSNhDgGJvPU,104,5,7,EtLol36ds_k,1,0
20260903,UCiLmCoftZHWXSFuQlnEJSsQ,rSNhDgGJvPU,101,2,7,EvoV01i7fRw,2,0.5
20260903,UCiLmCoftZHWXSFuQlnEJSsQ,rSNhDgGJvPU,102,1,7,EvoV01i7fRw,1,0
20260903,UCiLmCoftZHWXSFuQlnEJSsQ,rSNhDgGJvPU,101,9,7,FDHnRcY2g-w,1,0
20260903,UCiLmCoftZHWXSFuQlnEJSsQ,rSNhDgGJvPU,104,5,7,GEJVq8ALBBM,1,0
20260903,UCiLmCoftZHWXSFuQlnEJSsQ,rSNhDgGJvPU,103,27,7,HG0tFx03dBQ,1,0
20260903,UCiLmCoftZHWXSFuQlnEJSsQ,rSNhDgGJvPU,102,29,7,HRomBMY-KkE,1,0
20260903,UCiLmCoftZHWXSFuQlnEJSsQ,rSNhDgGJvPU,101,2,7,HgCgwKqeJBI,1,0
20260903,UCiLmCoftZHWXSFuQlnEJSsQ,rSNhDgGJvPU,104,5,7,IWwSieCPn4Y,2,0
20260903,UCiLmCoftZHWXSFuQlnEJSsQ,rSNhDgGJvPU,104,4,7,JwTniY98fFk,1,0
20260903,UCiLmCoftZHWXSFuQlnEJSsQ,rSNhDgGJvPU,104,5,7,Km2F4QvlHzA,1,0
20260903,UCiLmCoftZHWXSFuQlnEJSsQ,rSNhDgGJvPU,101,2,7,L4fbBevu3XQ,3,0.33333333333333331
20260903,UCiLmCoftZHWXSFuQlnEJSsQ,rSNhDgGJvPU,102,4,7,L4fbBevu3XQ,1,0
20260903,UCiLmCoftZHWXSFuQlnEJSsQ,rSNhDgGJvPU,101,2,7,LzFLjBxtS1w,1,0
20260903,UCiLmCoftZHWXSFuQlnEJSsQ,rSNhDgGJvPU,102,4,7,LzFLjBxtS1w,1,0
20260903,UCiLmCoftZHWXSFuQlnEJSsQ,rSNhDgGJvPU,102,29,7,LzFLjBxtS1w,1,0
20260903,UCiLmCoftZHWXSFuQlnEJSsQ,rSNhDgGJvPU,104,4,7,LzFLjBxtS1w,1,0
20260903,UCiLmCoftZHWXSFuQlnEJSsQ,rSNhDgGJvPU,101,2,7,OiyOgHF0dGc,1,0
20260903,UCiLmCoftZHWXSFuQlnEJSsQ,rSNhDgGJvPU,104,5,7,OnBb6zo3x6M,1,0
20260903,UCiLmCoftZHWXSFuQlnEJSsQ,rSNhDgGJvPU,104,5,7,PeVx5605his,1,0
20260903,UCiLmCoftZHWXSFuQlnEJSsQ,rSNhDgGJvPU,101,2,7,PiikNxCE5_Q,1,0
20260903,UCiLmCoftZHWXSFuQlnEJSsQ,rSNhDgGJvPU,104,5,7,PiikNxCE5_Q,2,0.5
20260903,UCiLmCoftZHWXSFuQlnEJSsQ,rSNhDgGJvPU,101,2,7,PmD_nggctn4,1,0
20260903,UCiLmCoftZHWXSFuQlnEJSsQ,rSNhDgGJvPU,104,4,7,PmD_nggctn4,1,0
20260903,UCiLmCoftZHWXSFuQlnEJSsQ,rSNhDgGJvPU,105,5,7,QKkpwtb0Idg,1,0
20260903,UCiLmCoftZHWXSFuQlnEJSsQ,rSNhDgGJvPU,104,4,7,QX7MShl244k,1,0
20260903,UCiLmCoftZHWXSFuQlnEJSsQ,rSNhDgGJvPU,102,4,7,Qm5m02UMGxU,1,0
20260903,UCiLmCoftZHWXSFuQlnEJSsQ,rSNhDgGJvPU,104,5,7,RUEnyZLCtW4,1,0
20260903,UCiLmCoftZHWXSFuQlnEJSsQ,rSNhDgGJvPU,102,4,7,RqKeYM3WKPA,1,0
20260903,UCiLmCoftZHWXSFuQlnEJSsQ,rSNhDgGJvPU,104,5,7,Ry-wuAJgrow,1,0
20260903,UCiLmCoftZHWXSFuQlnEJSsQ,rSNhDgGJvPU,104,5,7,S4tXGHeKBHs,1,0
20260903,UCiLmCoftZHWXSFuQlnEJSsQ,rSNhDgGJvPU,101,2,7,SlDTZdCoX7w,1,0
20260903,UCiLmCoftZHWXSFuQlnEJSsQ,rSNhDgGJvPU,102,1,7,SlDTZdCoX7w,1,0
20260903,UCiLmCoftZHWXSFuQlnEJSsQ,rSNhDgGJvPU,102,4,7,SlDTZdCoX7w,3,0
20260903,UCiLmCoftZHWXSFuQlnEJSsQ,rSNhDgGJvPU,104,4,7,SlDTZdCoX7w,1,0
20260903,UCiLmCoftZHWXSFuQlnEJSsQ,rSNhDgGJvPU,104,5,7,SlDTZdCoX7w,1,0
20260903,UCiLmCoftZHWXSFuQlnEJSsQ,rSNhDgGJvPU,103,27,7,V1jtiKJstkQ,1,1
20260903,UCiLmCoftZHWXSFuQlnEJSsQ,rSNhDgGJvPU,104,5,7,V1jtiKJstkQ,1,0
20260903,UCiLmCoftZHWXSFuQlnEJSsQ,rSNhDgGJvPU,103,27,7,VPca_E6_YTU,1,0
20260903,UCiLmCoftZHWXSFuQlnEJSsQ,rSNhDgGJvPU,104,5,7,VPca_E6_YTU,2,0
20260903,UCiLmCoftZHWXSFuQlnEJSsQ,rSNhDgGJvPU,104,5,7,VsCsY3vGJJs,1,0
20260903,UCiLmCoftZHWXSFuQlnEJSsQ,rSNhDgGJvPU,104,5,7,WAM7S63zmvQ,2,0
20260903,UCiLmCoftZHWXSFuQlnEJSsQ,rSNhDgGJvPU,104,5,7,WZhTk59hGp8,1,0
20260903,UCiLmCoftZHWXSFuQlnEJSsQ,rSNhDgGJvPU,104,5,7,WhBPg85k6jU,1,0
20260903,UCiLmCoftZHWXSFuQlnEJSsQ,rSNhDgGJvPU,104,4,7,Xg9oOS1G4Ew,1,0
20260903,UCiLmCoftZHWXSFuQlnEJSsQ,rSNhDgGJvPU,104,4,7,YyK0b483SoY,1,0
20260903,UCiLmCoftZHWXSFuQlnEJSsQ,rSNhDgGJvPU,101,9,7,ZNJ1cip6fSA,2,0
20260903,UCiLmCoftZHWXSFuQlnEJSsQ,rSNhDgGJvPU,104,4,7,ZRBKy1WfdpE,1,0
20260903,UCiLmCoftZHWXSFuQlnEJSsQ,rSNhDgGJvPU,102,29,7,ZXxifY3eTgc,1,0
20260903,UCiLmCoftZHWXSFuQlnEJSsQ,rSNhDgGJvPU,104,4,7,ZXxifY3eTgc,1,0
20260903,UCiLmCoftZHWXSFuQlnEJSsQ,rSNhDgGJvPU,101,2,7,ZvnJTKAPmX4,2,0
20260903,UCiLmCoftZHWXSFuQlnEJSsQ,rSNhDgGJvPU,102,4,7,ZvnJTKAPmX4,1,0
20260903,UCiLmCoftZHWXSFuQlnEJSsQ,rSNhDgGJvPU,105,5,7,_TFz4KbEaMA,1,0
20260903,UCiLmCoftZHWXSFuQlnEJSsQ,rSNhDgGJvPU,101,9,7,_ZtBv0hTm1w,1,0
20260903,UCiLmCoftZHWXSFuQlnEJSsQ,rSNhDgGJvPU,101,9,7,_l8cHIml_x0,1,0
20260903,UCiLmCoftZHWXSFuQlnEJSsQ,rSNhDgGJvPU,104,5,7,_qXXXZlU-rk,1,0
20260903,UCiLmCoftZHWXSFuQlnEJSsQ,rSNhDgGJvPU,104,5,7,_vO7L8kIzO8,1,0
20260903,UCiLmCoftZHWXSFuQlnEJSsQ,rSNhDgGJvPU,102,4,7,a41MjML-sEg,1,0
20260903,UCiLmCoftZHWXSFuQlnEJSsQ,rSNhDgGJvPU,104,4,7,aK-1saj0Lcw,1,0
20260903,UCiLmCoftZHWXSFuQlnEJSsQ,rSNhDgGJvPU,102,1,7,aST9jsNSigY,1,0
20260903,UCiLmCoftZHWXSFuQlnEJSsQ,rSNhDgGJvPU,101,2,7,ck0Knx13vk8,2,0
20260903,UCiLmCoftZHWXSFuQlnEJSsQ,rSNhDgGJvPU,102,1,7,ck0Knx13vk8,1,0
20260903,UCiLmCoftZHWXSFuQlnEJSsQ,rSNhDgGJvPU,104,4,7,ck0Knx13vk8,1,0
20260903,UCiLmCoftZHWXSFuQlnEJSsQ,rSNhDgGJvPU,104,5,7,ck0Knx13vk8,3,0.33333333333333331
20260903,UCiLmCoftZHWXSFuQlnEJSsQ,rSNhDgGJvPU,101,2,7,dRG7R_eWJ6Q,1,0
20260903,UCiLmCoftZHWXSFuQlnEJSsQ,rSNhDgGJvPU,104,5,7,dRG7R_eWJ6Q,1,0
20260903,UCiLmCoftZHWXSFuQlnEJSsQ,rSNhDgGJvPU,104,5,7,dZIksXiNa8c,1,0
20260903,UCiLmCoftZHWXSFuQlnEJSsQ,rSNhDgGJvPU,101,2,7,d_TURfM221w,1,0
20260903,UCiLmCoftZHWXSFuQlnEJSsQ,rSNhDgGJvPU,104,5,7,dhys8ycR5Iw,1,0
20260903,UCiLmCoftZHWXSFuQlnEJSsQ,rSNhDgGJvPU,102,29,7,fKPiPLIshyE,1,0
20260903,UCiLmCoftZHWXSFuQlnEJSsQ,rSNhDgGJvPU,101,2,7,g1GPX8SlOmU,1,0
20260903,UCiLmCoftZHWXSFuQlnEJSsQ,rSNhDgGJvPU,104,5,7,g1GPX8SlOmU,1,0
20260903,UCiLmCoftZHWXSFuQlnEJSsQ,rSNhDgGJvPU,101,2,7,gF3PsYWY-TU,1,0
20260903,UCiLmCoftZHWXSFuQlnEJSsQ,rSNhDgGJvPU,102,4,7,gH9wGHoEi9A,1,0
20260903,UCiLmCoftZHWXSFuQlnEJSsQ,rSNhDgGJvPU,103,10,7,gH9wGHoEi9A,1,0
20260903,UCiLmCoftZHWXSFuQlnEJSsQ,rSNhDgGJvPU,104,5,7,h8k3V03SEcQ,2,0
20260903,UCiLmCoftZHWXSFuQlnEJSsQ,rSNhDgGJvPU,104,5,7,hKHqzCderpQ,1,0
20260903,UCiLmCoftZHWXSFuQlnEJSsQ,rSNhDgGJvPU,102,4,7,iKb_5hvRTFY,1,0
20260903,UCiLmCoftZHWXSFuQlnEJSsQ,rSNhDgGJvPU,104,5,7,iLXAvQ7MG0c,1,0
20260903,UCiLmCoftZHWXSFuQlnEJSsQ,rSNhDgGJvPU,101,9,7,ikFaEAlO5N0,1,0
20260903,UCiLmCoftZHWXSFuQlnEJSsQ,rSNhDgGJvPU,103,27,7,jNrdIa9G8v4,1,0
20260903,UCiLmCoftZHWXSFuQlnEJSsQ,rSNhDgGJvPU,104,4,7,juImxVpogRY,1,0
20260903,UCiLmCoftZHWXSFuQlnEJSsQ,rSNhDgGJvPU,104,4,7,kIm4dcF6XDY,1,0
20260903,UCiLmCoftZHWXSFuQlnEJSsQ,rSNhDgGJvPU,104,5,7,kZbkdMULi9I,1,0
20260903,UCiLmCoftZHWXSFuQlnEJSsQ,rSNhDgGJvPU,104,5,7,kbJdbLIRzzo,1,0
20260903,UCiLmCoftZHWXSFuQlnEJSsQ,rSNhDgGJvPU,104,4,7,mmk7J6arG1c,1,0
20260903,UCiLmCoftZHWXSFuQlnEJSsQ,rSNhDgGJvPU,104,5,7,n0I0wnZShh8,1,0
20260903,UCiLmCoftZHWXSFuQlnEJSsQ,rSNhDgGJvPU,103,27,7,n2HBqF37DlY,1,0
20260903,UCiLmCoftZHWXSFuQlnEJSsQ,rSNhDgGJvPU,102,4,7,o5PmzhqCa48,3,0
20260903,UCiLmCoftZHWXSFuQlnEJSsQ,rSNhDgGJvPU,104,4,7,oO6vzwtM41Q,1,0
20260903,UCiLmCoftZHWXSFuQlnEJSsQ,rSNhDgGJvPU,102,4,7,oxUhbPgavP0,1,0
20260903,UCiLmCoftZHWXSFuQlnEJSsQ,rSNhDgGJvPU,104,5,7,p3CK1LSVcWA,1,0
20260903,UCiLmCoftZHWXSFuQlnEJSsQ,rSNhDgGJvPU,102,4,7,pE6Pi35mojw,3,0
20260903,UCiLmCoftZHWXSFuQlnEJSsQ,rSNhDgGJvPU,104,5,7,pE6Pi35mojw,2,0
20260903,UCiLmCoftZHWXSFuQlnEJSsQ,rSNhDgGJvPU,101,2,7,pFp3zUQkeDU,1,0
20260903,UCiLmCoftZHWXSFuQlnEJSsQ,rSNhDgGJvPU,104,4,7,pX65DL3ahb4,2,0
20260903,UCiLmCoftZHWXSFuQlnEJSsQ,rSNhDgGJvPU,104,5,7,pX65DL3ahb4,1,0
20260903,UCiLmCoftZHWXSFuQlnEJSsQ,rSNhDgGJvPU,101,9,7,piORI4bP_og,1,0
20260903,UCiLmCoftZHWXSFuQlnEJSsQ,rSNhDgGJvPU,101,2,7,poPwW5Eljbc,1,0
20260903,UCiLmCoftZHWXSFuQlnEJSsQ,rSNhDgGJvPU,102,31,7,q9VnFbBBiVQ,1,0
20260903,UCiLmCoftZHWXSFuQlnEJSsQ,rSNhDgGJvPU,103,27,7,qA3NitgoGTk,1,0
20260903,UCiLmCoftZHWXSFuQlnEJSsQ,rSNhDgGJvPU,104,5,7,qA3NitgoGTk,1,0
20260903,UCiLmCoftZHWXSFuQlnEJSsQ,rSNhDgGJvPU,104,4,7,qXWRvuD-P8U,1,0
20260903,UCiLmCoftZHWXSFuQlnEJSsQ,rSNhDgGJvPU,103,27,7,qkoYC8JLRKk,1,0
20260903,UCiLmCoftZHWXSFuQlnEJSsQ,rSNhDgGJvPU,104,5,7,qkoYC8JLRKk,2,0
20260903,UCiLmCoftZHWXSFuQlnEJSsQ,rSNhDgGJvPU,101,2,7,qu-4jfSiFJw,1,0
20260903,UCiLmCoftZHWXSFuQlnEJSsQ,rSNhDgGJvPU,104,5,7,qu-4jfSiFJw,1,0
20260903,UCiLmCoftZHWXSFuQlnEJSsQ,rSNhDgGJvPU,104,5,7,rB6OM6-F4Rk,1,0
20260903,UCiLmCoftZHWXSFuQlnEJSsQ,rSNhDgGJvPU,101,9,7,sYM4Vdzaex0,2,0
20260903,UCiLmCoftZHWXSFuQlnEJSsQ,rSNhDgGJvPU,104,4,7,t6ZyuoFLdEg,1,0
20260903,UCiLmCoftZHWXSFuQlnEJSsQ,rSNhDgGJvPU,102,29,7,tDnKA0h1iak,1,0
20260903,UCiLmCoftZHWXSFuQlnEJSsQ,rSNhDgGJvPU,104,5,7,tHGs9Z84AgY,1,0
20260903,UCiLmCoftZHWXSFuQlnEJSsQ,rSNhDgGJvPU,104,4,7,tdiL3TTHMYA,1,0
20260903,UCiLmCoftZHWXSFuQlnEJSsQ,rSNhDgGJvPU,104,5,7,tofixy1PiL4,1,0
20260903,UCiLmCoftZHWXSFuQlnEJSsQ,rSNhDgGJvPU,104,5,7,trRp8PdxIFk,1,0
20260903,UCiLmCoftZHWXSFuQlnEJSsQ,rSNhDgGJvPU,101,9,7,ufyjMc9synU,1,0
20260903,UCiLmCoftZHWXSFuQlnEJSsQ,rSNhDgGJvPU,104,4,7,vZ_dZvvKD_Q,1,0
20260903,UCiLmCoftZHWXSFuQlnEJSsQ,rSNhDgGJvPU,104,5,7,vd1xNuk0YXY,1,1
20260903,UCiLmCoftZHWXSFuQlnEJSsQ,rSNhDgGJvPU,104,5,7,vuYLCMyzFD4,1,0
20260903,UCiLmCoftZHWXSFuQlnEJSsQ,rSNhDgGJvPU,101,2,7,wGkmr9zQ9jU,1,0
20260903,UCiLmCoftZHWXSFuQlnEJSsQ,rSNhDgGJvPU,104,5,7,wLfkTrpeSL4,1,0
20260903,UCiLmCoftZHWXSFuQlnEJSsQ,rSNhDgGJvPU,101,9,7,wgVY2NA-WCw,1,0
20260903,UCiLmCoftZHWXSFuQlnEJSsQ,rSNhDgGJvPU,104,5,7,xD3s4CBaYUw,1,0
20260903,UCiLmCoftZHWXSFuQlnEJSsQ,rSNhDgGJvPU,102,4,7,xGtadupTS7I,1,0
20260903,UCiLmCoftZHWXSFuQlnEJSsQ,rSNhDgGJvPU,104,5,7,yBuCEXf8Ctk,1,0
20260903,UCiLmCoftZHWXSFuQlnEJSsQ,rSNhDgGJvPU,102,31,7,z5HEh7wjq-U,1,0
20260903,UCiLmCoftZHWXSFuQlnEJSsQ,rSNhDgGJvPU,104,4,7,zOQMELc7Raw,1,0
20260903,UCiLmCoftZHWXSFuQlnEJSsQ,rSNhDgGJvPU,104,4,18,unknown,3,0
20260903,UCiLmCoftZHWXSFuQlnEJSsQ,rSNhDgGJvPU,104,5,18,unknown,7,0.14285714285714285
